MO_Energy_eV,Cl-S,Cl-Zn,S-Zn
-8.998091475724413,0.0030075123216974906,0.0428001379994129,0.11525137509714924
-8.981750959858852,0.0035057938611425445,0.03358645227937066,0.10587330211778337
-8.97853533784925,0.0032531833894600963,0.03165510964988511,0.11306419665113528
-8.973303883264183,0.005179890679462845,0.03963189061641208,0.10817824677371803
-8.9605978888315,0.005890717391419332,0.04596340627623846,0.10475134165543505
-8.952456870848327,0.0037067867985011126,0.04044507636627647,0.10248065985560087
-8.94299559685909,0.0026922272081243647,0.03339730389516603,0.12075675345938079
-8.939759924515092,0.002390497936755619,0.0333567163340535,0.11414269279168497
-8.932473860168175,0.001997097709799114,0.02839540004890941,0.11281742335885693
-8.928985954234639,0.0011389174363582448,0.026476198333369914,0.11212907496597889
-8.921073787017594,0.0019205127625880052,0.03407746942945463,0.10876196116556427
-8.915503335367724,0.0023583056817456597,0.035002761188142294,0.121025593898427
-8.902792709361988,0.001916989934544368,0.03486115121071297,0.10318774419203959
-8.897883991052188,0.0006858625069298165,0.024757342247426255,0.12062291327285889
-8.88374350209766,0.002161250212372003,0.03148980809092129,0.0992221134029409
-8.879759162047993,0.0013075192295894005,0.02400615474904664,0.12526921758630621
-8.879559007341731,0.0003756359557559783,0.024903255790741353,0.10523230294183268
-8.867595068551799,0.0006223763532632294,0.029081114170336885,0.10004826325996435
-8.865871599211381,0.0027246471089316707,0.03140477511431763,0.08882277077823271
-8.854498196403554,0.000415001782907398,0.02315951407898258,0.10452841802971759
-8.837354426758798,0.001333803374332879,0.03197410018367642,0.08071132389769252
-8.827818407302248,0.001820037331295452,0.026588136445395996,0.09327537136677734
-8.82322669600554,0.0008844372988650841,0.030897569266605265,0.09616231607539466
-8.813592841687159,0.0026646306151550756,0.029429729274614354,0.09691118813341758
-8.805813688224882,0.0012424531444290374,0.02493454647275385,0.11385778578104613
-8.796224682447882,0.0007904904955255515,0.026297806025844885,0.10700461450756273
-8.786851788022938,0.0014207907312410051,0.020356006916998827,0.11571127574858665
-8.775619282259047,0.0014819865067972554,0.01855488066314124,0.11356926219198944
-8.763827471787822,0.0005810848863617222,0.031182811854378704,0.08870765660346651
-8.761850568567555,0.0014130105399036293,0.02783295244880199,0.0967577453179375
-8.75413143033075,8.309052882452759e-05,0.028734709507690845,0.07385632261089699
-8.741598297960977,0.0018501518444386455,0.02558975818252496,0.10124933927482581
-8.734637321444513,0.0017267259544314754,0.0223564983691671,0.09934325062026043
-8.730493938584239,0.0003319057531592685,0.022001101249836223,0.09396177774568296
-8.711248034021741,0.0009165395256766985,0.023731405031622695,0.09037587307156451
-8.704713693263564,0.0012341801403893034,0.02279209101781327,0.09689757778355278
-8.698831974902097,0.0010615688123923556,0.028116185092891457,0.07661467876891881
-8.698045114554143,0.0003599663214377666,0.022349712841171918,0.08208302107402855
-8.691168786234293,0.0017046604709955837,0.01925664093199923,0.0937052655070739
-8.688679302322898,0.0004492706040214897,0.026796512823404717,0.08838281448351128
-8.671803876737847,0.00012148146922101848,0.028326071705881653,0.09531165656664926
-8.664617359392201,0.0013913602676299602,0.024651682509774765,0.07951337595130241
-8.652605007001833,-0.0004428473132407659,0.028183052369557402,0.09924875158171267
-8.648579082902376,0.0018003498515464142,0.021288648174662094,0.07581220430721955
-8.637532781275164,-0.00025703574455836437,0.021893927067339333,0.0816533127572591
-8.636105794499487,-0.0004904657333291286,0.02469899173721974,0.07338679167467178
-8.623328510414641,-0.001075791127287458,0.01861687153516545,0.07702930485498209
-8.614202358702745,0.0008579579528086298,0.024798915717173818,0.08900558401855742
-8.606096668973565,-0.00023982603627632982,0.018714331823926872,0.08189883748153036
-8.604722500498495,-0.0005380070530891784,0.020343799231795072,0.07129341136225435
-8.599217898987693,0.00047635891633964346,0.01801673337292284,0.0871792045291055
-8.588464449431436,-0.00029075208374914463,0.02517831750553092,0.0829618986368586
-8.584584330182105,0.0007463734292191798,0.022735899075079575,0.07933193624448528
-8.569912498093684,0.002056956742708851,0.02817854302907983,0.06893349066938338
-8.567911638724928,0.0005892085837961197,0.0249373843746351,0.08110707916289953
-8.559089694624648,0.0019580443626775134,0.025167715549458104,0.07192532155202959
-8.5545000824082,0.0015844198263685418,0.032730025974663006,0.06536641791601513
-8.549633237148022,0.0020055414489949237,0.025592636764194657,0.07898870455076365
-8.545157555758543,0.0009016926942331877,0.025051315008638823,0.07358410215417022
-8.542937756921775,0.000510681566075738,0.031436290170799894,0.06497492523179545
-8.533812301114589,0.0007364238105956479,0.0170423286826461,0.07629004373389883
-8.526643999374247,0.0023352535881409004,0.025765032016059855,0.07130780694761299
-8.522775722533844,0.0026061143227836046,0.03242823609860708,0.06599445391151103
-8.519455755233095,0.001096002571952917,0.023503590469458338,0.08174737924850012
-8.514212806902812,0.0003596326553870605,0.02801991720753558,0.07277915745384789
-8.511756906976322,0.00254278239566598,0.030912397417973393,0.06607892773231923
-8.505862847812121,0.0030388228019370884,0.028904322533193756,0.070013929428663
-8.498432407402904,0.0018268752789914002,0.0297749174533596,0.05874140191484973
-8.494794393586156,0.003272243180174539,0.028913858267947838,0.06443923438617664
-8.49267655492622,0.0008278236349175048,0.02754584190764618,0.07305546845712149
-8.487741838253376,0.0022386062316308232,0.024859980652080706,0.07047731448441073
-8.480671982302278,0.00041500851060890804,0.020518891147939148,0.0785423710047023
-8.472040637274965,0.0021688354717390723,0.029701228424778202,0.06109525246222127
-8.467755795093991,0.0028227754912628516,0.02280213801457583,0.07285585808734778
-8.463945668285465,0.0019190993480757783,0.029980785060672248,0.06452586051132532
-8.45912902292208,0.002073720787200149,0.031194920696534637,0.07063422748295586
-8.456290682349724,0.0020877681092896995,0.02746970410311278,0.06791942971467234
-8.450697784029012,0.0031828414457941065,0.022105993772422033,0.07076625503803875
-8.444991605439691,0.003953683722974303,0.02123840502859989,0.0682951327469984
-8.441234225916059,0.0018938652227733505,0.027651929186722924,0.06138142968500975
-8.436100009846633,0.0020058289077848806,0.029301643596381075,0.062427061010876736
-8.428592055500705,0.0021095290979939413,0.02826594147722573,0.059762727453118156
-8.422996741320125,0.0012218864927973606,0.02975862468837635,0.061556115717457824
-8.414959176989964,0.0010832843800595235,0.024473355254017247,0.0639911205737454
-8.405078808250327,0.0016204164955207472,0.025426744375037162,0.06774301042853251
-8.399511374807897,0.0018365131234025316,0.02416756420319188,0.06093817558552943
-8.39797038223094,0.0020790085221912423,0.027136138445683317,0.05869255128016697
-8.393656894732706,0.002301197600785194,0.024206457787416633,0.0611745969630573
-8.3901091092435,0.0017784482193416223,0.02477075126377187,0.06571598384809126
-8.378015342033471,-0.0009112982941806433,0.022126797656522798,0.06737085237211077
-8.373947114782494,0.0018685169725994022,0.03168872713009104,0.04843647458614706
-8.367663446892008,0.0020983984829409897,0.025808033350623632,0.05547205089020233
-8.364257408163212,0.0014328496044089965,0.023287182423552114,0.06100802473499753
-8.357810927940971,0.0026228367876301923,0.017403109249403477,0.07090949016161337
-8.351880726196551,0.0020074181029671873,0.02539481086997067,0.05446224436683079
-8.349709049406057,0.0006318596401170676,0.03279010927076215,0.04324993228259768
-8.346980345388442,0.0011908359082567744,0.024292522499729654,0.05338882883618907
-8.335603665880797,0.0026556484620486793,0.025769085576470417,0.04591446617860429
-8.332195390383259,0.001504572579602655,0.027520486350767447,0.05150773893316214
-8.329943975337198,0.000594578601650945,0.02121668694501124,0.05767050976073793
-8.327091904347604,0.002455149948694438,0.030651274939936454,0.044755797649435006
-8.323834321176223,0.002891226356622263,0.023252707762598922,0.06526625171894423
-8.314208776886938,0.002446067990935958,0.019829319615841702,0.06036313297978312
-8.304545236637516,0.0027901973551981234,0.02747006725007759,0.058069414488975804
-8.30139557757682,0.0013096666729820422,0.02274672105883019,0.05093786023937022
-8.290661750654456,0.0022911912219892878,0.01674934024123162,0.050676395702926424
-8.288227752860717,0.0032532079155273242,0.026957843764738254,0.055978180523701106
-8.281902219444794,0.004229342967996122,0.019271384368064345,0.05086357015634384
-8.272213342748673,0.0027998308026310923,0.02276485900294919,0.05522030617670241
-8.267671538131083,0.002000805144789426,0.023806702280513365,0.049245829252336684
-8.266024307068752,0.006472301630740289,0.017946095108919435,0.041502686647808436
-8.26207858436959,0.001449802210043498,0.022894187048433417,0.04635090539869664
-8.25778624518142,0.0035939970011201615,0.017110241334079963,0.049679833043862906
-8.256905666827361,0.0013012397931882504,0.021615801376239793,0.05014724856417788
-8.252022109970634,0.00287364711411057,0.022268158137508858,0.04701128037365575
-8.244618958367635,0.0032440115439490505,0.02700877522605358,0.047613660889404726
-8.237455193436588,0.0019597330924142806,0.0295790686900249,0.04645275260364034
-8.236575056299618,0.0037056989812245373,0.0193328203097449,0.04588304910560674
-8.230904435861058,0.0048912813543481645,0.019210784006225393,0.04412285743253815
-8.229863760788339,0.0016184356803990935,0.021842525247011833,0.050515561823280423
-8.223272949188411,0.003612492761638279,0.023141962920564047,0.04319412293411913
-8.220512938484674,0.003198434829679503,0.02361730420617314,0.05165497119835638
-8.217171253016327,0.003965046410423884,0.01636751880008202,0.043227667003026805
-8.209972829246244,0.0034612201391093036,0.020874941051812364,0.04198930252195746
-8.204869273583737,0.004927657792064116,0.016224051322579577,0.04835128852954491
-8.199046226348035,0.0025167415357880683,0.021790338948234508,0.04748746183486302
-8.19451068887642,0.005289266785712153,0.019504756110777365,0.0454561133095947
-8.192700147205997,0.004457991905286168,0.017272202821250283,0.05257930486789482
-8.188532004546051,0.00450889363367615,0.012798141177360755,0.047130226579018344
-8.183114897508336,0.0020280357155275045,0.02216253283625085,0.049883211448404324
-8.177883239032052,0.002403818209923469,0.021493442721093395,0.047533259712670146
-8.173847214005974,0.0029141020962934975,0.016095428886227375,0.048623049833900985
-8.171636742264221,0.0017169660563655469,0.021871868901079148,0.0456467611987112
-8.170950763191874,0.0016035979306655822,0.022087282399956016,0.048050051702281056
-8.163443626910496,0.0014920086891626403,0.02401969964454249,0.04169856968338961
-8.157140802275032,0.0026089832815512732,0.024217205486677735,0.044185110086013585
-8.153969942849837,-0.0018858230740026376,0.027219042913410235,0.05023805175935366
-8.151059440704223,0.0009738610453934865,0.026874075489297735,0.04751933009332622
-8.142790574632201,0.0035907170524286497,0.017377067540689805,0.04820441062821246
-8.139916770463554,0.004582794780916049,0.016613361782421836,0.03852637857709181
-8.13769951670106,0.0011899086989041955,0.022340697682464015,0.045202829098717486
-8.132052287668067,0.0023147676572793092,0.02369427381227031,0.045593302888486675
-8.12850269933992,0.002463553988204202,0.020691711760535404,0.04662115626568572
-8.126119052708448,0.001728623852667776,0.025296799094302408,0.047716785102437376
-8.120988695680532,0.0005687884876438749,0.014645839083647957,0.0629627309548658
-8.114376310067634,0.002039894077920793,0.024277951327311677,0.045040287038549544
-8.110455965567041,0.0012396201436547796,0.022537956735147947,0.04862763795804962
-8.108827319812553,0.0017396634829729642,0.024884864338149945,0.04781667521829543
-8.103364645502555,0.0022790929218509002,0.026379211648536214,0.03825609421623891
-8.101659129494058,0.0018998868551652523,0.017760448546973156,0.04985732012352597
-8.094433594377643,0.0009359600587764192,0.023309713380443606,0.04092265934243577
-8.094344579059754,0.003006025063399696,0.02591448398905404,0.040358986702927514
-8.089413991385031,0.001284707249691143,0.023826927342168947,0.04694461526170286
-8.08687759843348,0.0012307624905351592,0.023078600518359086,0.038691790094315615
-8.076679393982246,4.548747769245968e-05,0.024439811663107564,0.04865760650759095
-8.074585992634386,-0.0007617310145404835,0.027075204895761224,0.048390020354867294
-8.072599826160472,0.0007377133747838773,0.019249648457518267,0.052149271096999184
-8.069419283534883,-0.0002656040079129933,0.018509392775880942,0.05404443316250487
-8.068180670291593,0.0010340972104349072,0.01920940051153025,0.05372717934415136
-8.061494533939245,-0.0003549344256691872,0.013620442450986573,0.058505392604287165
-8.060056427901957,0.00033587154536730124,0.01679057857894706,0.054873838159180205
-8.056555554260013,0.0009627112847199705,0.016814999058930795,0.05367602906470803
-8.051149380657444,-0.001258748721830626,0.015272569673536095,0.05452170379864119
-8.048747600564475,4.020972911357397e-05,0.021282990911411056,0.04893195676645119
-8.0461064884453,0.0005858061907328546,0.01853127603022929,0.04908360089763611
-8.04311636670273,-0.00163333220917223,0.01830226404865175,0.053380673285780576
-8.03627567416821,0.0005292939809237889,0.016337730555612585,0.04928983340646732
-8.032435623879596,-0.00015699198891992402,0.014787703243197357,0.05537265711533139
-8.030149904661775,0.00118124698111751,0.022637330463391087,0.042346964233597156
-8.026795541596933,0.0010080895124391484,0.014936583441439251,0.05394694214155711
-8.020840620433257,0.001733742913227309,0.015153892156027002,0.04931324024887435
-8.016749620046946,-0.000244994169931628,0.024718816765961115,0.046132102025876545
-8.015056245204422,0.000523198553161832,0.021733293141588072,0.04313846096494335
-8.011176749286355,0.0013378597805850689,0.01725032199723451,0.050064894551049524
-8.009260724674691,-0.00010255920394172598,0.01437725551713054,0.054993149595070255
-8.004631842275604,0.0011537228352171177,0.01816822608671784,0.04979607669027025
-7.999443690430961,-0.00034494754432178916,0.013584336906309192,0.05558483377283515
-7.99541621812083,-0.0019482020756429216,0.01822321648465882,0.05145340249974679
-7.992464275199775,-0.00018381930595514858,0.015026727418221407,0.05540720725460215
-7.989193695235457,-0.0010487659587693893,0.017538106646811668,0.054125592007492514
-7.983226385411889,-0.0023959224904075804,0.01299029879456314,0.060420605668098405
-7.979754119988558,0.0025161352851740585,0.014563498612547285,0.05068671989738026
-7.976736511037829,-0.001446032775072062,0.0175515925558052,0.05285431870511378
-7.972458142405842,-0.0006021959939376706,0.012512713468270084,0.05413241887890262
-7.968313320062429,0.000438781008421113,0.015026574872051156,0.05345177631666345
-7.963393043522673,0.00023568511799939288,0.01539049541971373,0.05772360506146508
-7.961215053285662,-0.0016672136453056206,0.013521018885514992,0.06268632575684623
-7.957950410518765,-0.0008125242635551176,0.01324955452636422,0.055807872289471365
-7.952582180906994,0.0001352909717710512,0.014549885787672096,0.05492258937238695
-7.947123769805805,-0.0014430651870011248,0.016266190164190616,0.058175174058885226
-7.945943229025915,-0.0019338449964572781,0.017052639980615517,0.053239348793942695
-7.941465840253308,-0.0004959072776884934,0.01359275851817804,0.05906562675207753
-7.936151464264382,-0.0017384577616402677,0.010517173624644405,0.060185372494556785
-7.931015478065025,-0.001615161566536716,0.01392686316059707,0.05981031075036901
-7.926704812732361,-0.0006752009202422227,0.020422652276317118,0.0514870615378359
-7.924705837351211,-0.0011936397753281062,0.013664887035378818,0.05682033169912693
-7.9227335528047815,-0.0020266141501645305,0.015932076960789833,0.056999559831171324
-7.91727013088171,0.0002514481551481719,0.019470259097398697,0.05093106632936118
-7.913693027949942,-0.0011228145964122724,0.015452979085476659,0.056958156415507534
-7.9115989017106125,-0.0014707337481482986,0.014974721285166625,0.05427115805265028
-7.907738199907669,-0.0013650074391389996,0.02067930946802181,0.05201611745623256
-7.903493668826584,-0.0024268639466596123,0.012317138421669887,0.062096610954296645
-7.900561435063965,-0.0013421346116206405,0.016464456054435993,0.057261476724299834
-7.890266600768634,-0.0015978542538067414,0.013136290780090248,0.05799141856836464
-7.885649052255104,-0.004027064493198975,0.016531287692533855,0.05763444205513356
-7.884766327148849,-0.002165292227601442,0.018425217401660417,0.054203435638445215
-7.881491617789868,-0.000847980788219523,0.020743218727750607,0.05651703469315347
-7.875761133284107,-0.0015764747250606266,0.018600695048249884,0.04923061922831115
-7.871286724810948,-0.0033971225055139096,0.01865127494361835,0.0575678742224445
-7.869149615624356,-0.00233197289055657,0.013963923126629302,0.06013694532722893
-7.8654255584325865,-0.002337742490102216,0.013009267457253037,0.0641607762057379
-7.861260822324939,-0.0015365576766120004,0.01919502058356499,0.061264797238011086
-7.857357148829761,-0.002487147832984941,0.02286866574395624,0.05032922524995986
-7.856560310211762,-0.0010289690996917135,0.014967465094770718,0.060162423576612126
-7.8519889119266875,-0.001549209848890759,0.018808500669198407,0.054801936223749355
-7.851675172687835,-0.0035555050577262665,0.015664867886292032,0.06024446673043468
-7.84666427910278,-0.0036288241030414366,0.015530832831576307,0.05626260697343112
-7.837775746658575,-0.0036121888839105226,0.01441737591566855,0.06128361235583065
-7.835005791724407,-0.001890422062775755,0.013472221953143496,0.06139497360432786
-7.834003697394929,-0.002291318617330571,0.014137296051829052,0.06001221376430969
-7.832164462043327,-0.0028835793643935464,0.018881992526645724,0.058853976146349296
-7.827332078675285,-0.0031206446462693008,0.018789525308649063,0.05362479398589523
-7.823677372732875,-0.0025820046248388163,0.016366775894438874,0.05973449377372138
-7.819824750310222,-0.002717398730449684,0.016418077717502675,0.05701916579200527
-7.814604123705193,-0.000342198531250519,0.01457915457316226,0.06167019281051333
-7.81178372949156,-0.00276809321621451,0.019633983388615713,0.055806594728566854
-7.809395524159637,-0.0013802771911131946,0.016624964742106566,0.05639056633176057
-7.807648163922399,-0.0009524761426495203,0.02462767284702102,0.05196573661411175
-7.803211424525194,-0.002383139321785567,0.0201750434982648,0.052148754443851926
-7.802169191258509,-0.0021640800953787176,0.01999045292076954,0.05613008611522503
-7.799497459373086,-0.002614740365830437,0.015213947277549116,0.060826262715365495
-7.7954679547579095,-0.0017680023178655185,0.02190934415451421,0.048424836825159405
-7.7928888690557905,-0.002742748477854843,0.013211881464076725,0.06136172804444668
-7.789035048519478,-0.0028340805802285177,0.02321426132892808,0.05304767203695295
-7.785261023842827,-0.0038409121823711053,0.018302269591582068,0.053229793901402304
-7.782887341728392,-0.003683975142831511,0.019229015160212026,0.054807502410398806
-7.776796568051804,-0.00206330701588147,0.014860414662904114,0.06200798789412052
-7.774340124277767,-0.0021253232427614825,0.019670125396082254,0.05659406704592823
-7.771442547683161,-0.002471694424449539,0.013933478934294767,0.061701789903560914
-7.766800668900193,-0.0014848708323198733,0.016511570826164026,0.06032821189084515
-7.765131454185349,-0.002357745469800482,0.018710531319719444,0.05472402893875628
-7.763400388616559,-0.003727917877984528,0.0173955652459834,0.058305445215882906
-7.7577500948917235,-0.004171189416583181,0.015518329821865042,0.06296209872702561
-7.752305880043489,-0.0038517675003500625,0.019864791414152913,0.05555598291897608
-7.750815410016951,-0.003673756136119383,0.017933382854392683,0.05717960012417083
-7.7469769680594895,-0.003497342916117575,0.014543944243000519,0.0634172420479814
-7.739690580925055,-0.002529174976298485,0.013830381610799743,0.06256680981166214
-7.738050683153384,-0.002787882259955441,0.015870439501110757,0.06206527552519495
-7.732843408252568,-0.0032838172137882884,0.017724770902689087,0.0592066417172473
-7.729713977567201,-0.0019363279377002582,0.010228733137296036,0.07116381999712555
-7.72789295616888,-0.002606298616805121,0.015857927704331067,0.06106038223054522
-7.726798509660217,-0.0029885041586186732,0.01410488427466674,0.06387460079757903
-7.721611882180931,-0.004568876521930602,0.011319903978607842,0.0721030734397807
-7.718831737865444,-0.003042483798540234,0.015421385977037126,0.062252975995226764
-7.715831009024242,-0.0014887634895391836,0.013392335705655123,0.06577308088066194
-7.71403714567689,-0.004005890360408569,0.013223977549563932,0.07083766956395957
-7.7119646363355985,-0.003641275135504152,0.013692163953789582,0.06969512112900526
-7.703336848604547,-0.005403249216885637,0.015098058275165317,0.06551657416466597
-7.703041770125113,-0.0043314600928867145,0.01012773997495071,0.07369070808306001
-7.698429334806122,-0.0055107735608447925,0.012628554379822224,0.06656756218639907
-7.6971651011681255,-0.0019087161248183859,0.014424380096327198,0.06370100510801487
-7.692350068929136,-0.004470894341547235,0.012235290577809019,0.06707410367682046
-7.69058333196436,-0.0026807227082238506,0.014572204332884784,0.06372591913375766
-7.688282302210697,-0.003568696203083177,0.014323318441317286,0.06469541984822755
-7.68670108278979,-0.003588108167861702,0.017472727246615027,0.06033048030327041
-7.683507024567374,-0.0038774060762568584,0.0133800343466915,0.06769518728634757
-7.6819979955556,-0.0036358533502689095,0.016161017472871672,0.06271049103235433
-7.6788534247159514,-0.004327706711587595,0.012485047648349899,0.06892700058071118
-7.676750742957482,-0.003913053457541813,0.013396604613907355,0.06662283383667333
-7.667555852606073,-0.0048607916683176796,0.0112424796144241,0.07109929143566836
-7.666716241471295,-0.0046997934671774814,0.018861316280162792,0.05996902995408797
-7.66440760079791,-0.004926250822158393,0.012775961466237771,0.06687894340756749
-7.657468922316657,-0.005725817701089676,0.009371178615742307,0.0735008604613248
-7.655166447208544,-0.004710077397512692,0.01167736433939834,0.07157315808904287
-7.6479214846001895,-0.005124729163059667,0.013711438965797011,0.06858235656369277
-7.64785266925622,-0.005631057247074473,0.011619873052237282,0.07293106640956627
-7.644955666669521,-0.0038949447598344566,0.012498989300915992,0.07215355462378721
-7.643043492182903,-0.0047938059835761875,0.015870190518862487,0.06556139946913019
-7.639393728141055,-0.00510879604041095,0.009798275274765685,0.07488024866237387
-7.637755353656042,-0.004526441792056436,0.01128740987349305,0.07105937027842113
-7.629273713145113,-0.0054646403949962915,0.01095875469198302,0.07106005204991218
-7.626040119202985,-0.004837576725829387,0.012301406382857486,0.06858169810604546
-7.624703997445182,-0.006123229832419964,0.012356054953384777,0.06885219259188544
-7.621767303039848,-0.003001633627478995,0.011344000449795036,0.0686481944857901
-7.618618321257058,-0.0029138364990144647,0.01253493854119785,0.06930602863471937
-7.615154651995766,-0.003844464587665299,0.009658637394473391,0.07363992210934067
-7.614336954125035,-0.004196167965436179,0.014585921081695102,0.06777049891710236
-7.608629193200963,-0.00440883111217716,0.01224421961122937,0.07129558854037754
-7.608052689834214,-0.0062067186037527,0.011642515679737989,0.07449383080855977
-7.59900026785821,-0.005564131310499823,0.013726151899140343,0.07012807634839588
-7.597499030250576,-0.004482441085818386,0.011775118211873856,0.07209509750882251
-7.593335217538081,-0.0055878735295889406,0.012755466128228745,0.0727736942870345
-7.591468879234559,-0.00441775643454266,0.007908901035447348,0.07857239225538833
-7.5901314745288975,-0.004691886022340522,0.011342622431391886,0.07424711033573161
-7.587717624887469,-0.0039808742891911915,0.010449529082063166,0.07345457228525414
-7.581127232868135,-0.006812437654516921,0.01008957172362877,0.07761705104862276
-7.58058009898129,-0.0035143589436122972,0.010627143420030297,0.07436710180262653
-7.578599261330095,-0.00728237120668292,0.008925045739161551,0.07840898781496695
-7.575526508549264,-0.005247237662310327,0.011357640342938303,0.07295443065872459
-7.571656771305689,-0.0027569999223578763,0.007241081059438476,0.0791491754344542
-7.56934651217693,-0.004360573047168419,0.010099929358825258,0.07293307238287886
-7.5654457114507885,-0.004724922576809476,0.013612366690568688,0.07269347527913346
-7.563396414978191,-0.004062637481704587,0.009511963694697754,0.08065408425825897
-7.559193301898262,-0.005312678565513532,0.010957426005258942,0.07441314082948833
-7.557828161638757,-0.003896405718820816,0.011572647342264146,0.07288160207192215
-7.553741168170599,-0.004977473542897082,0.013871509726929831,0.07108150976534024
-7.55309176328847,-0.005029403426447027,0.010311035364092287,0.07574718330896514
-7.5471137246503535,-0.003833739860220636,0.010023402101388428,0.0778997378086026
-7.543633208977274,-0.003969065175354557,0.01187272375285561,0.07297246178426126
-7.541126650197481,-0.004123254831883618,0.010748189032130104,0.07420864480150248
-7.536753018599821,-0.005500439229814508,0.006238222462743657,0.08430905586874164
-7.532175226993031,-0.004140444103552606,0.011863612140872047,0.07699952770979657
-7.5304170028691235,-0.006140501079616975,0.0080563301989934,0.08090222132684043
-7.528424049079671,-0.005751531029030531,0.011314492457885848,0.07533057239122132
-7.522671297105795,-0.0042935811008065405,0.011914462169604718,0.07465628464004496
-7.522324609271347,-0.004026587337204877,0.00861467671597702,0.07921466399583885
-7.520053534033337,-0.00556658828813583,0.010795347162990215,0.07631321218319367
-7.513758409064136,-0.0058147883417726766,0.006638543920252845,0.0858818855036574
-7.511384104873282,-0.00516805018590361,0.008388656380110866,0.085703500657664
-7.505804083422345,-0.003916669064237839,0.01490740586297017,0.06758552676757788
-7.505761789641133,-0.005209616456696465,0.00967407756114338,0.07977292791585913
-7.500755582452213,-0.004431203030991614,0.00915741539891064,0.07633204216913446
-7.496707060565737,-0.005825214502241589,0.009003651214869332,0.07927029045883137
-7.495069013672162,-0.00476990678577993,0.012358310796643648,0.07273575669875519
-7.49027218777686,-0.0036563790703278537,0.012311717392129221,0.07194713997896225
-7.487733257996,-0.004246978595691445,0.011966788102318021,0.0740818402177259
-7.480790128518877,-0.006201216022487855,0.005286800905238452,0.08767960556646433
-7.478319437112309,-0.005132324273472684,0.011548479815449639,0.0745640449511353
-7.475940803470385,-0.006485594290500931,0.00894846316234176,0.08343717867137218
-7.474673960427186,-0.005324029796759504,0.013617446519829445,0.07176472352704273
-7.471119011686465,-0.006492392251813667,0.007508846182605139,0.08504860118023268
-7.4668496607787,-0.007393152466068674,0.009635816393468959,0.08182684991187716
-7.46150932172859,-0.006709199266329106,0.010191696559503336,0.08268821490033275
-7.45862141501908,-0.005441670181458278,0.007744765589146913,0.08610469800622592
-7.454928653888541,-0.006448324103219154,0.009032452845984041,0.08162828174533528
-7.452147542149071,-0.005346189822966577,0.010123216482334104,0.08185748581299283
-7.450273330857683,-0.006555441153570599,0.006649217176752686,0.08603216431403236
-7.4461406188963855,-0.007265572586843781,0.010287008123133585,0.07817576941213827
-7.444791205099949,-0.005607654306814355,0.004858808532532896,0.08961719514126769
-7.443367126180821,-0.005750852362517034,0.008388031430402157,0.08319151598951463
-7.439168657984002,-0.004597727593097889,0.007366474098859619,0.08359665142715268
-7.4372894739727,-0.008569891892435157,0.006878417963989385,0.08729393028739683
-7.432135140693223,-0.005345215710364929,0.00955836700519486,0.08204363099255728
-7.431640603068398,-0.006035057635409094,0.00967632872281857,0.07992724110731876
-7.427101093554663,-0.004437996182542401,0.01240773887312002,0.07988518799835402
-7.426319915223495,-0.005503691417502541,0.007037273559731092,0.0852672463892476
-7.423503529283205,-0.006275773205932796,0.008518358349219294,0.07883102693565365
-7.418610218829837,-0.005242848765687573,0.008242378637696664,0.08088934382737693
-7.416983612037632,-0.007126862053861501,0.008346029941934958,0.08440179572817504
-7.413843427401917,-0.004643266158238881,0.0077148682413637985,0.08440137769148351
-7.4128365978374005,-0.008506645287149625,0.009413724322081086,0.08175931700948533
-7.407243104038208,-0.004052062091568298,0.005453989309940275,0.08687888393666796
-7.404929922435202,-0.006939643279345812,0.010172628760716815,0.07519337014401671
-7.403864790628987,-0.005934061555263954,0.007348922437953564,0.0864979132251099
-7.399768585633713,-0.006332533080066374,0.008619043543270843,0.08510135622790543
-7.399019023329552,-0.005892756474435387,0.005321715065333114,0.09115200146767002
-7.391901978296057,-0.006648729052055876,0.0045140493438716395,0.09109970879742615
-7.38756761328462,-0.006697727319401028,0.004835989648553016,0.08995781876030219
-7.386645821809819,-0.0059956557591894595,0.007353197959056764,0.0849473250959508
-7.385939961307436,-0.00593802612463801,0.004573312855646464,0.09162922378326172
-7.3804284591456275,-0.006912942462120821,0.007874982563084837,0.08258287963618562
-7.379763709251569,-0.005720249746661014,0.011147345669855497,0.08069722963074999
-7.376683973528744,-0.00661624302650672,0.010438294120991759,0.07830980500712176
-7.372391180157939,-0.005422313202697791,0.00747669934672617,0.08156004936095362
-7.3710010912538,-0.00486093156344902,0.010001021499987378,0.08172873010382041
-7.36638081802552,-0.006332812239669748,0.004662311299138029,0.08901385828040653
-7.363372001852718,-0.006302270121880908,0.006984731711188643,0.08324006054962191
-7.360083163765335,-0.00473056862066296,0.006868773450188153,0.089528583938887
-7.355206818366339,-0.0062447788559333445,0.008138888917565036,0.08624624409785411
-7.353584592289017,-0.006363082107571878,0.007612264087293619,0.08486255822231395
-7.34963811119207,-0.007969167097692116,0.005743765699153476,0.08878864607811375
-7.3478715833299075,-0.007881857245165384,0.006837688010518106,0.08742089963155938
-7.34434987906332,-0.005930738281820235,0.00791613198883984,0.08716741837713848
-7.342676345907234,-0.006555148564645662,0.010475785525438899,0.08182621374346906
-7.338311427537797,-0.00712650134373019,0.005710160256489539,0.09198371745060319
-7.334950095874678,-0.008212220366099178,0.004243781563624571,0.0893899042020972
-7.332644940100621,-0.007948054227714503,0.004732074102804023,0.08925574105672734
-7.332311501731097,-0.008389711164743298,0.006891180555328841,0.08512730347697725
-7.325818987284838,-0.006797309887623352,0.005001674473167009,0.09258514948152523
-7.3216844879401135,-0.007954957543769129,0.009136999006141604,0.08488034116460769
-7.320077075058637,-0.005611546842183731,0.004954667149789322,0.08833120517259592
-7.319690419611017,-0.007347812720365293,0.004337971372177094,0.09410612565976587
-7.317707329280934,-0.0066513876066494095,0.0034591975795702193,0.0954202369454872
-7.316960924463181,-0.007484311560311625,0.005425791723147128,0.09250653317724179
-7.312527232761023,-0.006777220230813963,0.0025409607088644247,0.09932030962833498
-7.308673663780382,-0.008416214694356893,0.0023733050209373764,0.09389974959031333
-7.306015872117756,-0.006090629113331933,0.004002738322157128,0.09050667541653902
-7.302371153423007,-0.00611356211612807,0.0034287180662835575,0.09610440003791539
-7.299367441401922,-0.006365145455292977,0.0035754759259658364,0.09647365170587284
-7.295148997816117,-0.007639468705515037,0.0046607832314583915,0.08898820403725981
-7.292305540189457,-0.007127139851293916,0.004077445324832396,0.09499983771355541
-7.288410558363395,-0.008349376845094793,0.004510664144537954,0.09465519919680003
-7.285636466385809,-0.007227090908701025,0.004707591561536158,0.087969474124651
-7.280691869292533,-0.006148544629792206,0.006410018814107949,0.08774249205435554
-7.278771985376741,-0.005724319688335188,0.004208394580288134,0.0932141408458064
-7.276838256176948,-0.006671496535614235,0.002692135243587649,0.09990079189857629
-7.273561935589468,-0.007729406830296669,0.008537290765066102,0.08702252461729211
-7.270598988455913,-0.00760261779655451,0.004790624909581008,0.09248411048939037
-7.267972291201217,-0.00801822311814671,0.005187484360359819,0.09028904697998741
-7.263418601613393,-0.008104341533752208,0.004367299043012484,0.09249009179714392
-7.258993862465492,-0.007580566188416543,0.002566736120147413,0.09703997119411086
-7.258046156695186,-0.007986635793007825,0.006712080332846535,0.0915834125203729
-7.255033619128937,-0.008428297185645237,0.006557904662024103,0.08808925890329825
-7.251174711203169,-0.005907314246907838,0.005749847835479342,0.08908063532360927
-7.249011538053661,-0.007836882041677875,0.007882391294051045,0.0873969072989135
-7.246043432371321,-0.00699380749316783,0.0035085465305902657,0.09649057866258913
-7.242705828874852,-0.007607297720986882,0.004659152057783126,0.09047590575458077
-7.238732353019363,-0.005863199518734211,0.006065533948179146,0.08993939644418213
-7.23505688127717,-0.007975216135492048,0.004258604852839739,0.09232475776942095
-7.2321266478155115,-0.00675091365803074,0.005155345556424906,0.09411408087001825
-7.229958078088139,-0.007056336563800972,0.0030352035140305176,0.09531940654533476
-7.226437510852852,-0.007224787611620864,0.005621225009245331,0.09258183739535362
-7.225740085060932,-0.0075437335242198355,0.004623024125627318,0.09377474540419034
-7.223200947535854,-0.005960346723653541,0.005423035546094927,0.09104642507810426
-7.2198012686474184,-0.008090561385930414,0.003026776458768745,0.09898886503977121
-7.21816943386699,-0.008280838879687565,0.0032749291212537204,0.09286609469574565
-7.210916349603387,-0.007210519247258497,0.0018509822114626524,0.09822830883762679
-7.208434149267849,-0.007481010662832038,0.0017167208150456698,0.10286628217576388
-7.20389105572631,-0.008207166234708484,0.00688293416359,0.0892368408460459
-7.202963397902353,-0.00714375555074809,0.0012898816023609915,0.10071345369557726
-7.2006873959762805,-0.008314173251727407,0.004867768055497096,0.09439232907630238
-7.195150784839322,-0.00822051298392963,0.003019037686547972,0.09622765251079111
-7.192572417004476,-0.007458140238369897,0.0011840326471298573,0.09832165763852319
-7.18933878596949,-0.007944798569126114,0.003041893539909875,0.09664244735250044
-7.186810848192974,-0.007791839066994757,0.0016504789000678292,0.10232388962643685
-7.18167776900842,-0.0085360583950927,0.002622922924179758,0.09815128338395038
-7.179552322634095,-0.00670369217427517,0.0025776829889038785,0.0976289120394402
-7.176213392908538,-0.008787695290606414,0.0013802930949308645,0.0980751719106962
-7.174373204961854,-0.008093287262506133,0.007266470732515805,0.08807004312706543
-7.1716216163980215,-0.006708760918824724,3.879089093835685e-05,0.10214378758006788
-7.167442831072935,-0.008694187627687524,0.002650503683526721,0.09531299386294292
-7.166472393616961,-0.009320692158820698,0.0023689840688417133,0.09732137684504952
-7.16332885673193,-0.010403014388015837,0.0035080154341073566,0.09419879915619828
-7.161936055018873,-0.00744978306481779,0.001644363589848457,0.10177458024298118
-7.159673665485859,-0.007169150368250068,0.004765216713981532,0.09750610189574839
-7.155088137279127,-0.007317748372596954,0.006642174334163683,0.09083860826873748
-7.154009345755381,-0.00664163508190783,0.002931195965835529,0.10158909655839488
-7.147530025303216,-0.007552038603124058,0.004357442134934909,0.09334287057370955
-7.144142642257658,-0.006976408507472904,0.00044622146566908316,0.09979391476113929
-7.142603844920676,-0.007373426063013275,0.004875882354391489,0.09792224894344041
-7.137199241411062,-0.00896733946461554,0.002938083847758261,0.09944431701218531
-7.133770198655376,-0.0068079133033836035,0.0033339211498683292,0.09855769437665315
-7.131692123566291,-0.007671276167908976,0.005303181137947049,0.08993073674308125
-7.128293253269406,-0.008685095075534022,0.0027802034996356755,0.09626835236975119
-7.1280099882301275,-0.007763497856903278,0.001882814198147694,0.09862704307541735
-7.1232064670213955,-0.00712568960850078,0.0007379538079774952,0.10314212477045047
-7.120415508130702,-0.008189734451885018,6.937176357504514e-05,0.10348375710352929
-7.117920232642705,-0.008395756896806291,0.003027861922376378,0.09727326843269778
-7.113460031990631,-0.010373451977477905,0.004018830202454164,0.09358950432749037
-7.112151542113062,-0.008839839790495553,0.0007704270681754683,0.09814738959276513
-7.108974031849903,-0.009065798287272967,0.001877066185869792,0.10133765621350177
-7.104898744248427,-0.00910518331462506,0.0028174583095262134,0.09687092599732193
-7.102362391572557,-0.008911439138601407,0.0023658510002285845,0.09820644781239571
-7.1010986973025405,-0.0070264529718393875,0.0031743070766496783,0.10091474675780639
-7.097152585216069,-0.008715689837966289,0.0028210857772049906,0.09513076699435558
-7.094028174299716,-0.007762144141387235,0.0005544840354304985,0.10547936103493137
-7.088196637844423,-0.008245383672607215,0.0024443967358635725,0.10083778434564232
-7.083940601618694,-0.008560327726880597,0.004638917682758932,0.09813849123327831
-7.080877240249379,-0.009786735346731633,0.0022469585678785453,0.10023748070128098
-7.077997996203063,-0.008957284713030268,0.0009596740789244567,0.1004388376367931
-7.076412550983343,-0.009822780085435637,-0.0010420056215906027,0.10152427049743562
-7.067100489795187,-0.009800041290655516,0.0017245722929673873,0.09911057299749479
-7.066659472916351,-0.008277575794318669,0.004600470851102733,0.09679302519046805
-7.063221651135247,-0.008978983237161597,0.002202588602979997,0.10442792475828615
-7.060196900123405,-0.008954091769574138,0.0020552113883039423,0.10001624249443086
-7.053013795237573,-0.008699263067618266,0.0005613642594086443,0.10293471950736288
-7.050966503165521,-0.008119207677881048,0.00012683799947778166,0.10347475621436854
-7.047748385441833,-0.007978938021777687,0.0015813484723617597,0.1030315323184704
-7.044931954510212,-0.009935848997347911,-0.00017657752445967488,0.10291704706027312
-7.043536590035164,-0.008773291838891471,-0.0010048287488339611,0.10872790430358843
-7.040295862945702,-0.009893622180857606,8.034228195424324e-05,0.0998359058393173
-7.0392653728789805,-0.008931350285840372,0.003130928177468254,0.09846305742371102
-7.03397131236003,-0.008143018791336616,0.003246369748312907,0.09637767139321496
-7.029447713592441,-0.008103561271478755,0.0023951691397445392,0.10330693210928987
-7.027959629344658,-0.009016063254898543,-0.0015392113822011195,0.09981371485426196
-7.02448780761313,-0.010394097149302199,0.001260417993834953,0.10547348040861021
-7.020647888921386,-0.009012178218021598,0.0009036605466124974,0.10389082310950876
-7.018749613191672,-0.00854063756500237,-0.001088901749674448,0.10784656299781716
-7.016658637949412,-0.009624229128800156,0.00020752714828176273,0.10521176410219937
-7.014265287564445,-0.007648266476573888,0.0033499605149937646,0.1001653772702188
-7.011970250026807,-0.008341383574029863,0.0003504126618836915,0.10602841479339868
-7.008069041696785,-0.009732140918923974,0.0006270925295202435,0.10344316902689153
-7.003070627421787,-0.010988713639997021,-0.0019343222295165187,0.10604450584152922
-7.003005337348658,-0.007235925034902671,0.002295537599181872,0.10258638758176204
-6.999395852062527,-0.008484562339800984,0.0012792263171861734,0.10376997100632027
-6.996043617051842,-0.007555177954640022,0.004639700370406815,0.09792632423115814
-6.99335905912704,-0.009911712160569217,-0.0003938585806659316,0.10759476192478303
-6.989261507872979,-0.009843393863502765,0.0036706678390029373,0.1007473838597189
-6.988246314370076,-0.0072392972275643255,0.00012013042001262546,0.106179932012229
-6.982305181501137,-0.008944891138870441,0.00020204945989329772,0.103073589261648
-6.979840380284945,-0.011347919715240493,0.004135621615507025,0.0922116708838591
-6.975465610379308,-0.007991464068556307,0.0016836636668773816,0.10104793283255563
-6.971665040628732,-0.01026275055327227,0.0008167419737566038,0.10670824795080422
-6.971069810638114,-0.009801825256406237,0.0010075294081772082,0.10657464080623533
-6.9694651863009005,-0.008087244465762068,-0.0009258600111660856,0.10649411826242679
-6.967930398126884,-0.010020554091910064,0.0011657147963140173,0.1027635212659677
-6.964047759828438,-0.008546686164560592,5.620469612996486e-05,0.10587960999332224
-6.961269953262432,-0.008405859327379262,0.0005249362033390216,0.10741439340903756
-6.959043415710512,-0.009148680917286331,-0.0014764995217521678,0.10888121221661025
-6.953032242444159,-0.010103955825143415,1.128662020416186e-05,0.10544294772466835
-6.95068791342048,-0.009365091077605577,0.0017034669417008914,0.10376742609022978
-6.947742005506223,-0.009526161851727324,0.0010894225728360514,0.10277522043939709
-6.944542465794685,-0.009861471929135186,0.0026306050406436567,0.10007303539192133
-6.943840902923169,-0.007718083951722467,-0.0023670093559363422,0.11212388499072087
-6.937762775236287,-0.010389066700953868,-0.0001110925323232737,0.10256246817570275
-6.932469962579755,-0.008543135470574744,0.001040963413089958,0.1040637156723646
-6.929767757489989,-0.010937642340568321,-0.001071707162808186,0.10998919224914457
-6.927851145329495,-0.00939654448707799,0.0008707277035269292,0.10197362889590895
-6.9273528559271025,-0.009944338242156056,-4.8715962005686785e-05,0.10687902837200565
-6.922619002517686,-0.008781646591531071,0.0022289978431405885,0.10472878291865503
-6.920448809386497,-0.009293029099998002,-0.0005221472823561857,0.10556194771687576
-6.916011225272135,-0.008929905907500073,-0.00013456838656881795,0.10315623671546895
-6.912118971306529,-0.01071286987885375,-0.00024038477783580424,0.10285467842827407
-6.910862996900156,-0.009558541112022916,-0.0009143930819666967,0.10852223907634032
-6.907637899476241,-0.00908400917117,0.000657461064142203,0.10419345067683336
-6.904887957782608,-0.009003388698442406,0.00021731058429588556,0.1075881163684169
-6.901478815338026,-0.009471136248641973,-0.0010888387499496993,0.10703632043749153
-6.895576152709476,-0.009355692276184815,0.0011780065133218068,0.10091515648210482
-6.89308387722062,-0.009359927876686226,-0.00039597939708774075,0.1057839652888732
-6.888365245295499,-0.007825640807285813,0.0002290257890258828,0.10539913382088807
-6.887833585905238,-0.01082739428111333,0.00035727202710803045,0.10121848443877643
-6.885709340291163,-0.010066974073798475,-0.000965574646326486,0.10460283011055457
-6.880960751240034,-0.009721326620814352,-0.0005803939203128072,0.10495669032069928
-6.8778058122539045,-0.010085662362021209,-0.0016784526242917387,0.10565653675459181
-6.876074515551125,-0.009660435968981734,-0.0013964281653995048,0.10809892328551102
-6.872206530265448,-0.00930744222899115,-0.00031474909341695946,0.10385790902427434
-6.867257455868099,-0.012126012980948031,-0.0011031442212694823,0.09969446893718303
-6.865021833068628,-0.010213336129494372,-0.00011632642748899135,0.10888665739288585
-6.862748171569041,-0.010524827150386547,0.00010290350580245008,0.10706091392376194
-6.861511229791605,-0.01020435157472404,-0.0011303094398511023,0.10656864822162022
-6.856139300571474,-0.008343372279495014,0.00075170027864947,0.10313556379928936
-6.855134661291018,-0.009857817350253444,-0.0002788564520715167,0.10664060243243736
-6.85211261800202,-0.010529852639227861,-0.0027851077267335433,0.10608620703226918
-6.849476449085387,-0.009441640202418644,0.0007063997375100542,0.10343751453850188
-6.843938413548945,-0.009544855030457577,-0.002329117595474377,0.1098832372651309
-6.8415351412775705,-0.008582573567533693,-0.0019743959218634314,0.10559130839306133
-6.840063192718259,-0.00998236179599782,-0.002458888606893376,0.10519654388776514
-6.835950160274942,-0.009842401649218766,-0.0022465988791232827,0.11062892121962806
-6.832841715239287,-0.008385578587671026,-0.002085045471197806,0.10933686518614157
-6.830683588313861,-0.009775260261628865,-0.0018852640919899838,0.10953688009454395
-6.826067980940241,-0.011610683876629915,-0.0018027172964301262,0.10478873003510032
-6.82206947108059,-0.008673505120212572,-0.002534195015803798,0.11051685923555826
-6.821262628006685,-0.00855889527488717,1.8052547501835666e-05,0.1064100878875575
-6.815997074305357,-0.00913693492779572,-0.001362534730531536,0.10888089812310293
-6.815005393218947,-0.010699407333032618,-0.002818884043188336,0.10984085291863634
-6.813260816783848,-0.008933962903938391,0.0018200825788832731,0.10329884599190071
-6.807666978123532,-0.01033844795310023,0.0002636833399508289,0.11141925485575803
-6.80660032103358,-0.009412403140600763,-0.0014629333235863272,0.10883705433991984
-6.801165220921602,-0.01112409383938477,-0.004193689459856493,0.1087600940263272
-6.800360043516422,-0.009931983199483269,-0.00267123686764426,0.1094372219966662
-6.798196646683365,-0.009709655668203587,-0.0015324960175521463,0.10353074120611591
-6.796174876939094,-0.01054860392990084,-0.002977685255227387,0.10828421262293184
-6.7896954500721485,-0.010600234577970335,-0.0005695370687139925,0.10550603686534436
-6.788823703480152,-0.00884258794606262,-0.0011565516946777429,0.11081872316674304
-6.787479147024991,-0.007672326190246734,-0.00019661871259323433,0.10453701768340917
-6.784925525889774,-0.009717066294174615,-0.0027363179679262724,0.11033071568364991
-6.779662198458643,-0.009037199773553651,0.0010670461025466217,0.10696658020974976
-6.777825639666002,-0.009410210362353164,-0.001825820295704339,0.10773800219524765
-6.771750421820055,-0.008104316796095046,0.0007648158327498979,0.10790913615193652
-6.769054271356909,-0.009906746412314264,-0.00621005009884154,0.11569035451767874
-6.76631781555752,-0.00948012024147684,-0.002066057524080856,0.11004753099925409
-6.761623228255518,-0.009003562302392153,-0.005654108485435457,0.11273647778799571
-6.760820783948316,-0.01100004993425353,-0.0022212093725937645,0.10833214833022578
-6.759410970879523,-0.008787963928880205,-0.0024642603165734955,0.11169967619766125
-6.756036138448223,-0.011766401322616417,-0.0023626266223667363,0.10582947911420057
-6.753767085150526,-0.009618231867264517,-0.0009707815401328423,0.10791388391429921
-6.747905174138137,-0.010066778783645305,-0.005247525484837403,0.11006650583890722
-6.745965618059799,-0.010084142175095762,-0.002693611655682118,0.11132114318560514
-6.7417171155612,-0.010844938100352003,-0.0020890070297237447,0.10908974748718404
-6.7388093709497685,-0.009413049440271083,-0.004370652220080049,0.11206926257414425
-6.737817004391358,-0.011716842298497567,-0.003438220259272699,0.10879488638510616
-6.733924504879555,-0.009918257250003277,-0.001130518671383248,0.10858559469303852
-6.730732735684696,-0.009234346323855537,-0.0035639272181749314,0.11246449889412044
-6.728011370303363,-0.010284511032692668,-0.0017180110692437388,0.10999266630380931
-6.722701747601354,-0.011095883552274225,-0.0033614135839142344,0.10805169209322639
-6.7215031639104525,-0.011349780137750525,-0.0017918125297957765,0.10739081678379388
-6.719844586327608,-0.011251978385056288,0.0006157523399670776,0.10720933096911588
-6.716295210416372,-0.011604726689190955,-0.002442261472314411,0.11070348492616353
-6.71195206135249,-0.009480624752228722,-0.004020817974470754,0.10849285962776646
-6.71019251931077,-0.01092867619082667,0.00011776286558884272,0.10537731175409984
-6.7091028727033715,-0.010090883925948504,0.0011340216029782529,0.10740780627853685
-6.7074267562852725,-0.01308155653049179,0.0017232782534258551,0.10135607921926637
-6.70321775013461,-0.010009376376230287,-0.0035276899695167764,0.11299096408879561
-6.701501953530517,-0.008039140182249422,-0.004268771484474487,0.11242481675914866
-6.69813118693352,-0.01434592095894982,-0.004230064911500491,0.10788824611893631
-6.695563213943617,-0.010574924048828104,-0.004694920205211694,0.11132417287234148
-6.6947493602944474,-0.011872759835045125,-0.004819200613602903,0.10651867795588012
-6.692719592629935,-0.009259415722321293,-0.0035130726707985277,0.1122937618236226
-6.689941691496152,-0.010340315104386868,-0.0031404853296616683,0.11079581710514685
-6.686945275767727,-0.01000317756881947,-0.002612963048266504,0.10999219072034466
-6.683265668088209,-0.009676257320614223,-0.003135911060397404,0.11312514128900515
-6.682036205491783,-0.01056270907276968,-0.00040841977845342887,0.1086851240737832
-6.678843533803176,-0.009261871062276687,-0.0002514293856877389,0.10961979978798492
-6.6743540118883935,-0.010417625562160306,-0.0033140362118367944,0.11361542151319946
-6.6707067336039225,-0.008950666859066552,-0.0024172714125714513,0.11157413124592344
-6.667584953770476,-0.009810134588805572,-0.0032305994935354055,0.11507866502957051
-6.666080054705857,-0.0101417612062736,-0.004190737712809151,0.11658200196419077
-6.661389893330397,-0.009706079478064051,-0.00455737908440536,0.11216471680996658
-6.659958836497157,-0.01157879097234508,-0.0025116888986115656,0.1088657997287588
-6.656292737711783,-0.009528765831365584,-0.002113232466914857,0.10593004289334533
-6.651396678843302,-0.010871207159855888,-0.002364543439231047,0.1097010341787602
-6.651029406497622,-0.012459973441586081,-0.0045844076385095555,0.11023366020478544
-6.64584082720861,-0.008944279776557346,-0.0008195257982208895,0.11180500425568554
-6.642416741406085,-0.010440302699995227,-0.0018046662777191236,0.10956702373213074
-6.639793409510338,-0.010283404798772884,-0.0026861017448856477,0.10978161793641351
-6.637197684357946,-0.009677678024174326,-0.0034281362002803427,0.11490506069549881
-6.634946872197073,-0.01116232087281665,-0.0030329957884016627,0.11294440553100292
-6.631075840721345,-0.01035685221733704,-0.004796714746504608,0.11338386092886786
-6.626259151243806,-0.011164877465611855,0.0010742050818795174,0.10833626251373706
-6.625337818706697,-0.009689174036614137,-0.001602536022918438,0.11202622027339526
-6.622736210871559,-0.010297784777517497,-0.0027871820736377027,0.11440134449087924
-6.622484910411886,-0.011328463977041752,-0.006794159785312037,0.1122407780635212
-6.616981569383192,-0.011159501606562955,-0.003149074452151017,0.11125049627496639
-6.611793315476572,-0.00860137591868906,-0.004112286209361965,0.11311687134705932
-6.6106712702105765,-0.010412463785428736,-0.003638610386573485,0.11578560678397196
-6.608258295112246,-0.012157206664618763,-0.0043390658986731,0.11170069930767185
-6.6064735095228055,-0.010444144594790079,-0.0017209573107033614,0.10966722051438274
-6.602968007145019,-0.009786487516323139,-0.005629490284202874,0.11382414469189765
-6.598392313021999,-0.00922657674186393,-0.0031376496885732958,0.11255610528944635
-6.59535651477883,-0.008345141164691601,-0.004689559946723493,0.1157050250879483
-6.59522269403253,-0.010705020807276144,-0.00565891570701806,0.11337433775303873
-6.588852277727363,-0.009513123934590133,-0.003465332282161196,0.11559884468186175
-6.585242803040084,-0.012608803765690398,-0.0016458774269762799,0.10547629910641504
-6.582420863336135,-0.008972683421309009,-0.0022592705988120063,0.11271759488206615
-6.5786538894586,-0.010288526389714692,-0.0029777804533779226,0.11458645566723534
-6.5752796918389596,-0.011831437982706399,-0.007593460093661325,0.11610051129994613
-6.572325403293591,-0.011123307078175108,-0.006146363933948869,0.11426910371985886
-6.569646146959769,-0.009714645077382442,-0.0057727173519046176,0.1146388866383089
-6.563570437630863,-0.009393930821120366,-0.0034606676389655456,0.11082654834293594
-6.561876357274403,-0.008553453414392696,-0.0025328191035578094,0.11420221687454196
-6.55770335251754,-0.008865859041092066,-0.0028102603681643052,0.11228989608858761
-6.554497367568708,-0.009936659550026468,-0.0026178739082233404,0.11253470589404277
-6.551144677484072,-0.013418344281277464,-0.007050183772056793,0.1128016252843766
-6.549663344858851,-0.010252804186544744,-0.004796722556041981,0.11512370203404007
-6.5480224903705535,-0.009184268600923565,-0.004056023516684871,0.11586616094129228
-6.542148548937505,-0.009305681998115049,-0.004970583190422483,0.11558582027606902
-6.53883842603073,-0.010762258732189701,-0.00640234911479149,0.11229796997323535
-6.5383684469002565,-0.008732335915504031,-0.00441656215010088,0.11586323667171565
-6.5347181672107615,-0.008774452421977158,-0.004571036949963187,0.11391396666032864
-6.534036335687314,-0.011722659847009348,-0.004060565878779002,0.11297116453265676
-6.5305272076548215,-0.00969519230247419,-0.005349085037590005,0.1134049988023515
-6.5277073672293415,-0.008988290402130863,-0.004473233558888555,0.11141234922597057
-6.524615043898707,-0.010040100743616515,-0.004527268142581115,0.11445550723487043
-6.519600827945127,-0.0083629819203393,-0.008669876986237442,0.11821156965777288
-6.5155257949224605,-0.010125234401274868,-0.00565168594807862,0.1158046429834572
-6.511200224155757,-0.008566536516809567,-0.0048719618088210095,0.11120844243803904
-6.510807908572552,-0.013187951589049883,-0.01452548349542915,0.1145971781721733
-6.5062674123345445,-0.010846529833088805,-0.0019150571378215152,0.11001724919882072
-6.503198263282933,-0.008889147102239212,-0.0025420204549762744,0.1146542423038086
-6.502244299364639,-0.008495802429724144,-0.005337487897693,0.11536799797579748
-6.498832115729697,-0.009237128947908822,-0.004321810085457735,0.11038393737528863
-6.497064745733204,-0.009905906374448166,-0.0053645883407859064,0.11761864038531841
-6.494696225785561,-0.010818487017684794,-0.005662265488543653,0.1155246616304449
-6.489313656079817,-0.010405471295295508,-0.004039428642619964,0.10873805106478027
-6.487071793129009,-0.008954374128658942,-0.005280771627450077,0.11210386743510431
-6.485329566399484,-0.01025633980006658,-0.00408831208189619,0.11210118041039466
-6.478963096195742,-0.008188660670428616,-0.005218178552847674,0.11512749366729431
-6.477759721101904,-0.009443193408765397,-0.0034591036027868333,0.11205517664559529
-6.473788478777911,-0.010260918013391303,-0.005325222088398395,0.11410228519967398
-6.472857113266004,-0.010493451635913432,-0.007012545202125661,0.11313661649618978
-6.471702414496346,-0.010413378800970055,-0.0017459572736145406,0.11302447184154366
-6.464909978876127,-0.010133376796734652,-0.004563742648280252,0.11081496338194498
-6.46101508120563,-0.008900480280288793,-0.0013592622172321797,0.11110296059903733
-6.458604406802806,-0.00826825695785641,-0.0016401404530480626,0.11262486399535258
-6.455834324710049,-0.010320395072970725,-0.003041446234773449,0.11486342274808467
-6.45243499388906,-0.009151449179445806,-0.003061433597457304,0.11316650433899295
-6.451249331272633,-0.010467050727838042,-0.0027104619375554343,0.11308401337861926
-6.4461537275883085,-0.008014250707807176,-0.005055771354718572,0.11626979249365708
-6.443745504817431,-0.009614302186013007,-0.004607461239718411,0.11466107913153047
-6.439779776926274,-0.008227988245596245,-0.0025160483794183434,0.11420061093698963
-6.435940131804668,-0.008938938408237349,-0.003845439968187151,0.1130608721204687
-6.4332124624002205,-0.012378428471862503,-0.0031590859774306944,0.10942767719002246
-6.429712625399394,-0.00932101184025922,-0.002644763852154061,0.11326997913664003
-6.429407104435051,-0.00796145492665169,-0.00356741475067782,0.11599886915416498
-6.42568060244631,-0.009952962258817357,-0.0035645412189095555,0.1163867659819079
-6.421877499887798,-0.009728270166312055,-0.003909790336137555,0.11671283080251296
-6.417676745615506,-0.009601517930314512,-0.0023882768216643476,0.11522678245163362
-6.4148609625655775,-0.01004333511523182,-0.005050107839791371,0.1126430373338468
-6.4091526230802645,-0.007983161977878109,-0.003376198434670938,0.11390287541675519
-6.408700900733587,-0.008347214616706749,-0.0028293011308174703,0.11403743697098974
-6.406490115067458,-0.0076614954119556215,-0.002209806431713786,0.1131818187182791
-6.403215196390891,-0.008152998563576035,-0.0025660494196159743,0.11313903217382879
-6.399447718765219,-0.006721788512128857,-0.0029352339054855682,0.11760728577056709
-6.39697434623207,-0.00982395522112063,-0.0012309466154047286,0.10951148109308702
-6.393479161633667,-0.00944277600475773,-0.00396365032619976,0.11561894777381587
-6.392241916379295,-0.009387487857885,-0.00494345635418447,0.11286692440144115
-6.388879422683903,-0.007910477130356506,-0.0033872008523100237,0.11474716847751058
-6.383340357288249,-0.009261394251173245,-0.006700942595814084,0.11481267582693097
-6.380275729866353,-0.010520449553596274,-0.001071070143839609,0.11116547140173988
-6.3788091756076355,-0.009231518753728947,0.0007977184074010704,0.10954082490397202
-6.375982253746644,-0.007282889791944124,-0.0011830004549520847,0.11485108761670254
-6.369795989071078,-0.008989424752404678,-0.002242896898228812,0.11286361345191426
-6.366581750467648,-0.010596183685329193,-0.004497253348625754,0.11237779968732325
-6.364893983358202,-0.007568805982643927,-0.0016947136514272082,0.1143781190713809
-6.362949891113424,-0.009467779726886186,-0.0017831289484576721,0.11494229388845073
-6.35784167567434,-0.007249312395299784,-0.003889954973422789,0.11583031774533403
-6.353325857885528,-0.008357999935560549,-0.0008615274363630346,0.11339526429762013
-6.351089627308083,-0.008026887651302673,-0.0033081866056421717,0.11084974383708307
-6.346878293207454,-0.008217148184275372,-0.0007433587474566963,0.1100931037503555
-6.340937457230935,-0.007085786764189868,-0.0038919724629582833,0.11278784239495108
-6.337104312993045,-0.009961978317946587,-0.004547602984450615,0.11244183863861196
-6.3358402377707845,-0.009820912299405451,-0.002601411544565168,0.11014218730241994
-6.333241525496471,-0.009487694565693414,-0.0003728751370244081,0.11005650041790538
-6.327497444608096,-0.010606900796206058,-0.005417296099006111,0.11240502002178483
-6.324142004430672,-0.007294268739016763,-0.001470637887152798,0.11171955595068896
-6.321725343516411,-0.008715228359692299,-0.003702174926065649,0.11312813058917146
-6.314548024035726,-0.0068591904677748426,-0.0026415535756311114,0.11548074354045965
-6.309372243069145,-0.007667152977112268,-0.0021193957248723107,0.113423098657873
-6.305941830554309,-0.00905758957377469,-0.0034505726288857606,0.109990456436227
-6.305001702297163,-0.007244391231782544,-0.0013941913434488986,0.11268146055587518
-6.3020918394427365,-0.00826841246307046,-0.0024285243062467025,0.11062255157116262
-6.2996954405714005,-0.00994988947058736,-0.004051012177182918,0.11387618540253348
-6.296361943110833,-0.007726118193002748,-0.0016268938602373212,0.11186597564191106
-6.2950453558195,-0.007064546025918534,-0.0022888950217397957,0.11271434888912157
-6.2858060102632445,-0.009524838561192649,-0.00499382926772008,0.1115892184239181
-6.281179012745795,-0.008986196169980946,-0.0035645622770058786,0.10964236524866564
-6.27934711886165,-0.008272188579979186,-0.005069835909517451,0.11334295946086345
-6.276124223399979,-0.007525527452711627,-0.002805632299110574,0.11269687682350027
-6.273626773903106,-0.006547218562696619,-0.00265330767691441,0.11257956208712153
-6.26964018501309,-0.007347368533948399,-0.002010005216815276,0.10940398787345473
-6.266289608007091,-0.008344453230132368,-0.00393952978320122,0.11289755129823273
-6.2631730999010475,-0.010851704389339186,-0.002179578781883282,0.1068701978184231
-6.258060507131237,-0.009844405273029714,-0.005441083822344651,0.11362642321391735
-6.256429576254104,-0.007370048594155031,-0.0036721442412831666,0.11054547713367821
-6.251548716355917,-0.011397501764239919,-0.006600730663901816,0.1106986080888971
-6.244439431195418,-0.007430765621916544,-0.00381008277621942,0.11034481656853021
-6.24361375247583,-0.007066167941748644,-0.003683949693574795,0.11031543964926305
-6.239953459405197,-0.0074312680085858495,-0.003693513929373452,0.10956463121517558
-6.234092923661962,-0.008834375649029622,-0.004632900397345124,0.11258822418366002
-6.227439574043525,-0.008508880565372088,-0.003480904611604565,0.11029557405827026
-6.2271774131689375,-0.00885393723822112,-0.0009653562232835644,0.1076980256151986
-6.221916005602413,-0.006431440941018453,-0.003925357874226594,0.11096258550073776
-6.218877983396119,-0.009378148106126822,-0.0012957199880791847,0.10909433974129971
-6.213092392424674,-0.007439089277162663,-0.0018963292466295993,0.10797947434260588
-6.209000440073773,-0.00924500007891454,-0.002095794947022855,0.10730194691133124
-6.203133472749306,-0.008734729717964317,-0.004248555444648883,0.10966297684790179
-6.196571490506826,-0.00774244816661123,-0.005143866307747733,0.11106073012273268
-6.193833540502299,-0.009710152823589432,-0.005463483006063872,0.11022187473840227
-6.191038955821898,-0.007613274866466313,-0.0030368777145505384,0.10990905827409554
-6.186988356122412,-0.0062331499888763995,-0.0025947257206275,0.1095489848583786
-6.182008330680027,-0.006456519406929663,-0.0040011723713091465,0.10779684874748237
-6.178611334464546,-0.010776683861187025,-0.006395827767458903,0.10880743128589647
-6.176797214155152,-0.009266657150432263,-0.001633730875992266,0.1082753216722537
-6.17463021870189,-0.006837020362324764,-0.0034380864510533057,0.11088835914607705
-6.166290071194965,-0.008992537196418689,-0.0032789608063299473,0.10597297962333974
-6.162690722459732,-0.00818550454294039,-0.0026102227323660356,0.10877523030387591
-6.159561282743521,-0.006139430784351964,-0.00466592114402921,0.10964508045952594
-6.1569247427202045,-0.007757960319093816,-0.004233265046889547,0.10824086190416869
-6.151716021636412,-0.009385470685451728,-0.0045459392802472106,0.10855189837020578
-6.146891644529621,-0.007168418556371971,-0.003557882028026212,0.10865456755995251
-6.140137260838495,-0.008329294476437843,-0.004828884757174104,0.10706716255135233
-6.1371504763240825,-0.00937713415971028,-0.006026372301618366,0.10674041694489542
-6.1355027284213115,-0.00950513857993572,-0.0036274505217927942,0.10637371383105067
-6.132335463136095,-0.009615871776210498,-0.003981082206846977,0.11015972366792963
-6.125875845580216,-0.004671824076981724,-0.0034878321612768414,0.10384578875519
-6.117831395759845,-0.008975545768948745,-0.005162203992936931,0.10982660271754442
-6.113598842361626,-0.00811387216545963,-0.0023479811247030776,0.10511980014494009
-6.103071249214736,-0.009373930106647206,-0.004097153225721138,0.1065294596713213
-6.096215614377767,-0.00647754750971629,-0.00356679670016415,0.10516941962638282
-6.094319742553858,-0.008175280203803233,-0.00423906560530366,0.10530372464124886
-6.089233381810273,-0.006634005246167625,-0.005639702059892872,0.10593435017146315
-6.084907117535213,-0.007604833902780103,-0.0044563088171529755,0.10370839934970097
-6.0769559720120805,-0.008028909331141146,-0.003305864198702057,0.10917404383956951
-6.0761399800720595,-0.007616052927323251,-0.0030226168464133588,0.10682559595032229
-6.069022605432069,-0.00605621946995757,-0.0027260887132737723,0.10610089626802587
-6.05948493285605,-0.005942322357874977,-0.0034609014717134627,0.10711205005182303
-6.0534431679732945,-0.009176897184676357,-0.0031574833693988878,0.10391028656868397
-6.0482099673430065,-0.006120770781885172,-0.004083842478326991,0.10520716753073214
-6.045137279244003,-0.005398219592242947,-0.003884023970231876,0.10660093404582877
-6.039411941422235,-0.006357334423484383,-0.003420905003690418,0.10778007807862056
-6.035874177727944,-0.006460620060270608,-0.005421616319187159,0.10459372271534026
-6.034253742816336,-0.010382188274802898,-0.00391080041067522,0.10905954309549845
-6.029024211830327,-0.00867271653065373,-0.0049332797551757375,0.1049922345633419
-6.0263994697362895,-0.003957194016443666,-0.004370796622377837,0.10617064965278754
-6.023760946410057,-0.0061511146233777375,-0.004517124697394473,0.10414418634607012
-6.017895055826135,-0.010035779458150656,-0.004827583089210254,0.10154185513757515
-6.012346476992126,-0.007095634409991211,-0.0020646427611796213,0.1010797792346101
-6.005947574502366,-0.004701496814372938,-0.0027283476939927195,0.10965226753594208
-6.001847016820389,-0.004256298877978718,-0.0036184772223160546,0.10679737307551292
-6.000234022091902,-0.004107775995379316,-0.004177872524881293,0.10572124908391216
-5.990849607404464,-0.005768453243717804,-0.0032329261882092335,0.10460309979117999
-5.988115046245996,-0.005281606742502328,-0.0030596382589595274,0.10479991934719378
-5.980701607904769,-0.005010109885967507,-0.002926896518517051,0.10302164408340496
-5.979307096012072,-0.006072070989858455,-0.003987609877296159,0.10655389097119823
-5.962629553403289,-0.004853850544451064,-0.00352472576633188,0.10579577884347571
-5.961422245210538,-0.008961881063094248,-0.003174945397512078,0.10509606389445357
-5.955335934975508,-0.004822833614629028,-0.002902117793057262,0.10300741991434907
-5.948909284384433,-0.003907819595593662,-0.003437268187578585,0.10297942476784107
-5.942405786300061,-0.005253894212959476,-0.002463561065347034,0.10349743251578096
-5.93964428711372,-0.006759543635016761,-0.0035181384464310853,0.10446541092280513
-5.930495888339281,-0.008520320021840859,-0.002918898200212227,0.09928757227740871
-5.926714315550384,-0.0031294992978274107,-0.0032038825782366143,0.10338550588214107
-5.922070280350418,-0.0029517442786928176,-0.0016772412311014593,0.10279396389946428
-5.916777455932455,-0.003142828513529008,-0.0014755254045794837,0.10548726995612476
-5.911673952443954,-0.0034352778970637514,-0.003179764288566074,0.10379399657549518
-5.903140534329004,-0.003932011921948872,-0.002585846248937363,0.09989555830944671
-5.895182844946979,-0.0044774008967837595,-0.0026401565154855265,0.10036830413576854
-5.890662375072238,-0.0037828858676391603,-0.003024843594368411,0.10234123367995288
-5.888011612684736,-0.009112071630720931,-0.002219100261254885,0.10180681595885331
-5.883619534047626,-0.002888689048567446,-0.0023565138081467385,0.09999563380655074
-5.880288898320649,-0.004278620635551134,-0.005005665433333115,0.10359862490917679
-5.876478588692107,-0.002482479345101483,-0.0011132618750040331,0.09744847926316386
-5.871822903851333,-0.0042810766791764035,-0.005830847467829987,0.09985252824679498
-5.863138165282737,-0.009812313954511546,-0.008056649683018812,0.09982219474728553
-5.857161367069784,-0.004428890484212975,-0.004957136361436509,0.09989302404619538
-5.851918664801175,-0.003547330468564116,-0.0017732102766668735,0.09978198207644405
-5.848061769745873,-0.002778415969053714,-0.002963938705566205,0.09749263114392082
-5.840142040447837,-0.0030812364024748588,-0.0026412533609603732,0.10045313721893272
-5.829233336134764,-0.0021351889479957614,-0.0014623758805967153,0.09683506634622298
-5.826391406179321,-0.0032944887068837507,-0.002535627790664291,0.09784346853391329
-5.814889587131773,-0.0038514285056027533,-0.00348777326723501,0.09883622021911147
-5.81057591015578,-0.002730385478216599,-0.003631529553329614,0.09637844381631522
-5.808392561435739,-0.0025595678021152193,-0.00218157365754732,0.09433407956074763
-5.80569616102589,-0.0024571466829435176,-0.0018801325906447992,0.1001009474537261
-5.800766396147119,-0.004614001495960129,-0.0023187202335005126,0.10027387715861795
-5.79595399615832,-0.0036737148114287786,-0.0019179881638454928,0.09696503393128547
-5.792445597795951,-0.002148986398879699,-0.0015985929125670473,0.094495242544388
-5.786579502778991,-0.0024855567435361596,-0.0013873955023786491,0.09599690203870516
-5.783888529240972,-0.0027347920633883417,-0.0021450714027592454,0.0952187704704338
-5.769820647927556,-0.004005721471192182,-0.0030483928913200703,0.09653029938755121
-5.768914603615481,-0.002993248477972394,-0.0013657651332236794,0.09345144130873147
-5.766709547523888,-0.00402616215438577,-0.00258556870789746,0.09701491285350185
-5.750926659683935,-0.004054039851842031,-0.0029946584827172,0.09156685698305642
-5.744376128414662,-0.0037467090510641104,-0.0029724710078145285,0.0959100714525665
-5.741357242449976,-0.004111983966024727,-0.0020344350931031634,0.0952003473271112
-5.727290583369855,-0.004921061385624152,-0.0020663681682885097,0.09562437290755135
-5.716784478204759,-0.0044319884992547595,-0.003286337956192453,0.09095993654937584
-5.70838942274522,-0.00374694485909831,-0.0017598268367126227,0.09222755542630738
-5.699572567812269,-0.002321906515605537,-0.0018529285245539777,0.087854551862436
-5.689234322728854,-0.0023879491258627793,-0.00151140674161243,0.08953288433322663
-5.681674584794558,-0.006374609807225931,-0.00335988661962365,0.09525640076048021
-5.671302672946883,-0.002024032482167829,-0.0014618319420529628,0.0914853164453019
-5.661454814197204,-0.0025270533366986187,-0.0018762790142308734,0.09047516540326357
-5.654202989263628,-0.003940377340442682,-0.0028917285754548787,0.09614267226810509
-5.647127838772609,-0.003218598919275381,-0.0027157396834085836,0.08519642156127924
-5.645602971473568,-0.002344912508272574,-0.002787331155568281,0.09890035793505716
-5.642984048274711,-0.0027001794825265045,-0.0027377397556891596,0.093040181294616
-5.62840023914676,-0.005524285610509244,-0.004452655363950556,0.09404951403879402
-5.61063935345897,-0.00172823058825173,-0.001983298784129106,0.08917644852402776
-5.604824491550987,-0.0014171187294222344,-0.0009369893420242371,0.08967793310608192
-5.587559221940455,-0.0017583437762364372,-0.0019412321827169596,0.0926783182697333
-5.584631883712101,-0.005081348530682349,-0.004805716720689345,0.08885890497857929
-5.574289163950153,-0.001161424217366711,-0.001240363082799286,0.08397800330129064
-5.559756194472325,-0.002040039602700938,-0.0017488710134848525,0.08325527972915202
-5.533261011958326,-0.0016741881054626886,-0.003234906344264912,0.10278095002679753
-5.504310044049999,-0.0012216200276600874,-0.002467131126223173,0.0927711793812451
-5.487611103642106,-0.0020675824380719677,-0.0016876722418022938,0.10291914753807971
-5.4857137633529724,-0.001934653226452276,-0.001300197029574401,0.09189836727702955
-5.478361928575904,-0.0010081135989149406,-0.000860764045467575,0.07792061655127633
-5.464474046480641,-0.0010010375662179206,-0.001332616545920064,0.07700527205582769
-5.457811703312573,-0.0013580025819864164,-0.0018158619872664604,0.07833135821472713
-5.440201647778058,-0.0024068513765832704,-0.004079854455277948,0.10495027367094634
-5.187752687953507,-0.0024999159716336903,-0.002798969093155541,0.0977886436733683
-2.1928930869253693,0.025421773051618166,-0.18325768177013804,-1.46655782206391
-2.114112073020364,0.029594117096322307,-0.19581893371616593,-1.3341753660330162
-2.0209736250035304,0.014888956593148879,-0.10924203908138894,-1.3634841909060917
-1.97371955382923,0.011444555422850828,-0.08528370877973496,-1.3226508914046946
-1.9091560946351853,0.023094613572905175,-0.1529710708487567,-1.3407216955443733
-1.8449371010753068,0.030302357298459467,-0.19866910588969566,-1.345511650377608
-1.8046254066016465,0.047641149260690685,-0.2918042706601366,-1.3302466274085005
-1.7871813069908957,0.036885365124213365,-0.2308776753505879,-1.3366101782120245
-1.7356420163467075,0.0324835891103515,-0.21217929358265186,-1.3809122046304896
-1.6602247164062685,0.0306189215562453,-0.1934542909822047,-1.3064068354207556
-1.631267714524858,0.03362443376231745,-0.22446549415043976,-1.3958997012924985
-1.5889573729117237,0.032740943080859605,-0.22559727324965648,-1.4441750565331393
-1.538250803599486,0.036115596568700704,-0.24084244916570183,-1.3851698361174802
-1.5159517421676572,0.04050388272910702,-0.2791505456037856,-1.4459434743262676
-1.4852724906071075,0.023263159480078673,-0.1977584633848698,-1.502063151868506
-1.4123585325528583,0.024947933815608572,-0.19965001642422991,-1.2198114272047702
-1.4002652613714104,0.030903801460552372,-0.24924348207334554,-1.2960453090253428
-1.3574038196666933,0.026695431733044724,-0.2893386895466036,-0.8709598785595825
-1.3557047266633517,0.020323734714931964,-0.3251557084571665,-1.0270085360110626
-1.3414442648043035,0.026474356739636724,-0.2756853384880635,-0.9691075624211621
-1.3300906338427534,0.02020487691474375,-0.2716613687767138,-1.0758438481789983
-1.2991523825904572,0.024365564253984246,-0.23000559495006734,-1.1368265768425563
-1.2924791111204061,0.02816330052255453,-0.3058318434523958,-1.0862121791573467
-1.2743131594970087,0.018148134723036304,-0.20749394480170605,-0.9013573036774799
-1.2629680439288937,0.01889266528935398,-0.29261484922662967,-0.8269236555768287
-1.255750099686588,0.024027844278656393,-0.23762364792262305,-1.0489703801039787
-1.2481654654641685,0.025880950147093802,-0.3529931754200351,-0.9558221606994626
-1.2334962162986716,0.018237670813576513,-0.2068571824088454,-0.7471421096928499
-1.2179466249898214,0.01979235752324206,-0.3010407241734654,-0.8922780574981467
-1.2105895265581093,0.015366707472192405,-0.1949970554423413,-0.7570252757465673
-1.1961002177440532,0.026260209095659553,-0.3461956574432136,-1.0445166646386475
-1.1824222808640612,0.027899960252229076,-0.3581444609268907,-0.9003103405858419
-1.1721851094139815,0.013623736220855255,-0.19030011822377746,-0.7741765738554813
-1.1610137732598695,0.013780157751132536,-0.24413053783898236,-0.6896563935463295
-1.1546011546006194,0.020830810978632635,-0.2112048902132176,-0.9237861931578183
-1.1478484021523851,0.01753926912897555,-0.2300345318915212,-0.7113220601827329
-1.1317758112923262,0.01583933820759453,-0.20204133308006977,-0.8024551948079043
-1.1315855758895428,0.019460010954106648,-0.20645176858712327,-0.8564462005770641
-1.1200891925375778,0.021587283666745255,-0.20213367520079492,-0.9099797680432149
-1.0976619449628784,0.01969932855066911,-0.2513686865024807,-0.8291076802443285
-1.0876885613004772,0.032490157158676605,-0.3299541933989954,-1.072631747145432
-1.0765680706812806,0.02566555707564098,-0.28582240596159414,-0.9893112202903201
-1.066371369931313,0.023443561749933173,-0.2648900073092675,-0.9750171750714722
-1.0570670707470302,0.025684524906404622,-0.2949271161661308,-0.8866540527953142
-1.0403244507998683,0.022970764585105052,-0.2747178297168435,-0.8070861280791459
-1.0363191446020739,0.022086386485039296,-0.28761301532992806,-0.7641972901606302
-1.018659621388592,0.021457091606919523,-0.293361348500757,-0.7541382132537124
-1.0114504782234859,0.019503285486328795,-0.24208635607458903,-0.7778206845808737
-1.0087163650408146,0.019390686125215773,-0.2143668599472898,-0.7559954106173379
-1.0040878169678413,0.017365945435937905,-0.19334484519704068,-0.6870878330178809
-0.9888335241770162,0.015349818614201342,-0.21029159188871277,-0.7013539223333678
-0.9731653330692374,0.011857504270745611,-0.14960839878683127,-0.7802929879879655
-0.9712467204976806,0.016740673023349407,-0.20752993751226878,-0.578517008561283
-0.9655794381168734,0.020279914039934305,-0.21038180751025012,-0.6870478447979997
-0.9514607711747817,0.02009866927627164,-0.21073660393319235,-0.9149917940049014
-0.9471078738808182,0.023523971340343952,-0.24816776844031171,-0.8361277836641903
-0.9395235299237222,0.023765495074653847,-0.2616779701430393,-0.9370830156414832
-0.9298139784741289,0.027882097391612803,-0.2755230012989555,-1.0065031481758064
-0.9272045818467721,0.01913985710476684,-0.21400495748621237,-0.9135975898783639
-0.9042830731114729,0.03311476786866275,-0.3031606564588728,-0.9121578245172736
-0.8922523626919217,0.01685889185246608,-0.21023352842926502,-0.7751839274125427
-0.8811010352594154,0.02114869347378802,-0.22258056711724777,-0.8581136839733919
-0.8793154423533461,0.024608495097165176,-0.2932410508325341,-1.0413560198354717
-0.8752677881136703,0.02009712314956425,-0.23082176552866868,-0.9515164009064536
-0.8667368070567304,0.01645451509405535,-0.2214485675079138,-0.9417553691598056
-0.8335443141446196,0.019478158303852012,-0.22623474019848688,-0.8071733138276319
-0.8239404417629025,0.02028503621417498,-0.22175991001997836,-1.0923608022449305
-0.8206077355948704,0.02526103841467138,-0.2667842343687296,-1.0103517196434937
-0.8174008754264842,0.01892853508683996,-0.21134148636253972,-0.8541516140217482
-0.811801954917787,0.02768687072025041,-0.26823724778517954,-0.9696064596113205
-0.800334045909441,0.019120614497548448,-0.2380954458134167,-1.0010357586842262
-0.7925552768951767,0.023106192474724178,-0.22462552273845315,-1.1130422735923868
-0.7827362487858842,0.0178128675966573,-0.1811481181153574,-0.9516576561937056
-0.7762244529422094,0.027160811345515717,-0.2914545273570422,-0.9393663671441608
-0.7746125247948967,0.02049794040022644,-0.2552822679896574,-0.7180716320668523
-0.7705395885597447,0.021857334242346833,-0.22453552308393737,-1.048318206812336
-0.7629267847545651,0.021724560965109333,-0.19748069052496486,-0.956002828753621
-0.756299623194425,0.021144059146351278,-0.19938455268807898,-1.0882945312897572
-0.7549772490631685,0.025676634446318368,-0.26330231797703557,-1.080192040040493
-0.748445360221229,0.022301636154107733,-0.24068337713148308,-1.0002813629106462
-0.7353851019899779,0.017198133573539855,-0.20787716316040478,-1.0796879092664156
-0.7301501166596077,0.022137509241611644,-0.23499654875137727,-1.067674404689264
-0.7176817591904775,0.02876601053931985,-0.27301650616510403,-1.1888426887469734
-0.7158674956683337,0.021589974019645713,-0.22739870797778416,-1.0478464177065807
-0.708486595625998,0.022673544286921303,-0.22513965592071472,-1.0377239355343841
-0.7027450028505569,0.025224308539149094,-0.2985051113615497,-1.0938775453159535
-0.6954117463317271,0.0306519620373883,-0.2778644223896214,-1.0908890316627877
-0.6806845416872769,0.03045018790142,-0.29185374909755546,-1.2513647889609174
-0.6779849800004053,0.024755999348044903,-0.2658152565959772,-1.155685035399511
-0.6673893785318441,0.023904575714666858,-0.25736228127875505,-1.0626285302227079
-0.6617907747568634,0.030386613650072294,-0.2813796988222893,-1.1424798272171135
-0.657389744221725,0.028315388354150088,-0.2806619758285048,-1.2091546076755404
-0.6524473988259228,0.033373843850205635,-0.3106358497716872,-1.1397416964291642
-0.6402612608053044,0.021980887636111453,-0.23074587780327366,-1.0957097016321937
-0.6375084738893511,0.023165362247611836,-0.2639063549004104,-1.1983084140009002
-0.6297062503698642,0.02440281233601511,-0.2661076727835105,-1.179615732181702
-0.6258949080113978,0.026610365845492166,-0.2747720246277157,-0.9777143952622906
-0.6253083336483778,0.030816834370082168,-0.2906710721871468,-1.147666690928312
-0.6164456766957997,0.021115653850737822,-0.2144532612718736,-1.0163536736187444
-0.6122169895142427,0.021621912144274936,-0.2557095999465085,-1.1610708793354156
-0.6075703808389861,0.019938813036482903,-0.24385455135940912,-1.0240115840100237
-0.6071871141622872,0.0262491901404009,-0.268487431787325,-1.0668817783026303
-0.5916609301972539,0.024387799733527827,-0.2550776423926987,-1.1244575320307157
-0.584332915360621,0.024558963564524718,-0.2906821780209567,-1.026232166770927
-0.5760249215439879,0.019669883334889234,-0.24968906070844107,-1.0796807750197812
-0.5668031924624322,0.02404887367941258,-0.269089278938659,-1.1799535049872016
-0.5588133137786556,0.024163378915797822,-0.25933433699356784,-0.9761253160224076
-0.5564813116464102,0.016906063215799717,-0.20237968880943105,-1.0838025401855156
-0.5503851166864441,0.0304514920524834,-0.33751067202989915,-1.1370936572989603
-0.5448537955603837,0.026851805444413134,-0.28556857880357106,-1.168732619197073
-0.5415245248284231,0.020480198503208313,-0.23505939032056405,-1.0890067708253344
-0.5370674274221175,0.024383051813746667,-0.2898678903254756,-1.062392504200991
-0.5325687626514943,0.023782154810976595,-0.2816559978264527,-1.0740961462111211
-0.5243453478851615,0.02392285486196001,-0.2636101312432129,-1.0854889024285717
-0.515790776786703,0.02633094915004851,-0.2935172019406797,-1.0918162513405958
-0.5136657949930923,0.025393682764247513,-0.2695638677294431,-1.090100877051961
-0.4968758941865232,0.025574257787789524,-0.25982055217468547,-1.1094838379636072
-0.4953120755629494,0.022586872820129708,-0.2960372386620875,-1.0920896090132055
-0.4934738667951085,0.017931262492322415,-0.21482190460334244,-1.182568272202934
-0.48776062019636207,0.03272960658897848,-0.2813193973847159,-1.1557908444874154
-0.48147900254687176,0.023304137059642183,-0.24846421493735746,-1.0969514375039324
-0.4776250346002568,0.020288099079127788,-0.24511120558648078,-1.1804797229046005
-0.4682848880146257,0.02025119804831977,-0.21427973254616778,-1.059790776794912
-0.4591371356843174,0.024555650994821345,-0.2759436218164268,-1.0991280257294915
-0.45425165653827104,0.022035979377474157,-0.25835279523554283,-1.0929190326591844
-0.4506277491310802,0.021336243874104904,-0.2213361148956761,-1.1112041021949115
-0.4484481181070375,0.02049228105287115,-0.2599022029581211,-1.0398958793159054
-0.44209414607017394,0.018215051697343235,-0.2144572588595942,-1.0272478906673728
-0.43351911922930453,0.01659608437748253,-0.21507056258131066,-1.1397876389723407
-0.4322562580562583,0.020324370369468003,-0.2184083408824148,-1.1103691758023977
-0.4228002177965224,0.022662092628513215,-0.26209384832230637,-1.0241187952141908
-0.4209496043548123,0.021346165010657947,-0.22862227307511665,-1.0639148602120265
-0.41850325563898605,0.022143135774080277,-0.23467246398901795,-1.1487649530815296
-0.41407922422831683,0.024322337379070764,-0.28327176467308923,-1.0645364462544948
-0.4112404091612049,0.024120745823998587,-0.24153559310739497,-1.2516575820371543
-0.40809833196955825,0.0167676208831328,-0.263520488445897,-0.9813275050544211
-0.3996538734629581,0.022604813012140724,-0.2594006605408193,-1.108491340637932
-0.3962525114112546,0.028296120031171913,-0.29975349871251505,-1.1817673372859312
-0.39414677628962386,0.024189577107828483,-0.2972536182630622,-1.0609496686355302
-0.37942239782562687,0.024191513337176382,-0.24535280641536256,-1.1615961964108008
-0.3736873063880841,0.015670308466741587,-0.2028525288774879,-1.1802707395618366
-0.3708062591009388,0.021349094718819038,-0.2413338354256827,-1.058784468542425
-0.36234759046860066,0.023392025313984502,-0.26459908700622614,-1.0538764856617648
-0.3548742641513267,0.01917461054155161,-0.2223429661549923,-0.9947575048326316
-0.35092741150955514,0.02837318987049807,-0.2835849771564615,-1.0737020492288685
-0.3470853600625782,0.01774472806636347,-0.21145494124016526,-1.000736899342514
-0.3406329375314495,0.021078106239661932,-0.24076292329260507,-0.9862578073307756
-0.3375232624682179,0.02408884189347246,-0.2756447558479701,-1.1797576005205157
-0.33509479608206993,0.019618070940133313,-0.23069273808838106,-1.092039774953359
-0.32777688717805603,0.02424952619926479,-0.3055687991726352,-0.965961811209283
-0.3219610175739716,0.018504301414543636,-0.2115030429912082,-1.0999470562404192
-0.3179093556500045,0.020710566559962482,-0.2660454443654824,-1.1913751271729935
-0.31632423572433715,0.022253712419832174,-0.27943280480624316,-1.180243871637038
-0.31161614625763623,0.02274705110092148,-0.23975532364185465,-1.083860592542038
-0.30146239965833177,0.016129425123578366,-0.21294640408912144,-0.9952463199651498
-0.29558200925681144,0.02061268197337299,-0.22244849735480884,-1.1992293844776851
-0.2917989456622563,0.017191108494131264,-0.21003712067587776,-1.1404194388475362
-0.28812887290388445,0.02075369881577462,-0.2482651781480914,-1.1280198089859463
-0.28204887098018866,0.019017779181829658,-0.18590625008745196,-1.140945127547501
-0.278195580700519,0.01786584075733961,-0.210833750462134,-1.2100533136457527
-0.2746537832704993,0.020541595298048058,-0.21478548537490771,-1.1584382497586576
-0.27096835169396477,0.02170991605610367,-0.22828258528063675,-1.2226057812258577
-0.26530196483078483,0.021096949795167942,-0.2357007284825284,-1.2852667016346577
-0.25823403835757847,0.024823627698355062,-0.27520384783191,-1.2734507105700157
-0.25310429157128855,0.019431004833390907,-0.22675727306343801,-1.1835720889327872
-0.24765723890654007,0.016143923420772657,-0.21715409705574887,-1.1238297922897929
-0.24306626030827722,0.018463832952166484,-0.21656882477402659,-1.141032933302365
-0.23922117936068604,0.02033573981601346,-0.2396282341123319,-1.1098479470530482
-0.2342483234132976,0.022278875802723152,-0.2246651872180355,-1.2297389044453761
-0.2317380241193908,0.018088261435260787,-0.22191219992249614,-1.130027776864073
-0.22917115203026178,0.01786611972419744,-0.21497311142302475,-1.184602980510252
-0.22250151503441065,0.015289644372080897,-0.1853740774359553,-1.193465340268316
-0.21814324486837203,0.024257842352176814,-0.2641617926221467,-1.247947234704263
-0.2130272659064757,0.018561461166386996,-0.2439199231616694,-1.2483762850682396
-0.2027324831526423,0.021126181418564406,-0.2555924743577985,-1.1741980139293267
-0.19679255089500713,0.018193262304510082,-0.20744734144877094,-1.2993188788933643
-0.19431773910357364,0.021742325965025882,-0.2570560968524491,-1.2104041799132128
-0.18862769822923545,0.02006746662833475,-0.2571515287564021,-1.0253748405044645
-0.18202237931593296,0.01438476917111848,-0.18683725269263268,-1.0746481871907936
-0.17530997892166628,0.01439511900838148,-0.1794301401789505,-1.138494900458493
-0.16519904239763836,0.013829960975694888,-0.19995035464509092,-1.1730107891250057
-0.16395774245350986,0.018112943337291236,-0.1975955984846775,-1.1945851236964733
-0.16082100755702342,0.014934777330214179,-0.19337688966295558,-1.2223946606554006
-0.15660909224402647,0.018057151610894634,-0.237555161506427,-1.1167798051491613
-0.15360710444371042,0.025586264469200412,-0.2713733457156422,-1.1932444329977987
-0.14706174578295267,0.015959337451148366,-0.2045985930126414,-1.2626745397194317
-0.14476814321544634,0.019953705006508407,-0.2242019415406733,-1.3137652311335726
-0.13697582861136354,0.01819719955292617,-0.17558751061430752,-1.2048936765455986
-0.1325978732885663,0.020718869841339686,-0.2769830563172427,-1.1125286078190944
-0.12994013314929093,0.02111022345172622,-0.25980468623927144,-1.2118929597985149
-0.1269110753319241,0.01813945904738679,-0.20467593581680182,-1.2375197231958444
-0.12219164142357315,0.015373201413966671,-0.2063246564288292,-1.2053922156315666
-0.11997210332440968,0.017043937567284267,-0.20043759612773024,-1.1855094368198023
-0.11165671488059672,0.018249405529131135,-0.19471822476235587,-1.1937793113443043
-0.10635950704533872,0.013278522194691264,-0.1747386282411625,-1.2884732714982439
-0.10142460876906141,0.018242002537021275,-0.18696189272043104,-1.0978040825626416
-0.09476229095151553,0.012744729636973874,-0.17288025704044252,-1.295669147332871
-0.09231647588161083,0.016891492823450094,-0.18667985705552118,-1.3211458814455566
-0.09092391346154796,0.016117806298723367,-0.19314646896474805,-1.2358517905755688
-0.08341523297504096,0.020412348874410766,-0.25338945774411875,-1.277903599532412
-0.08136289548158199,0.016709913983204712,-0.2255439453928197,-1.2324137886692128
-0.07226520217510289,0.016774174250690353,-0.19981315565322913,-1.2973669535585985
-0.06652569308874678,0.01853916889932771,-0.20507072895003728,-1.284062450086642
-0.060671319003446654,0.016206328049156254,-0.215508936903727,-1.2207842711130221
-0.05940197434686133,0.017532166513826747,-0.18981228098726632,-1.3793533394755662
-0.057050124186475086,0.01509156135805842,-0.16872715530851856,-1.3008353452165724
-0.05439383410548776,0.011967360486495774,-0.17147712711650326,-1.2525616881070218
-0.05336828975935647,0.020012247334053705,-0.2678350306473818,-1.237038762604947
-0.050696494279402156,0.01962641983347383,-0.18733951490520853,-1.268974407627309
-0.04337429968941707,0.020417464292441304,-0.2458774006202353,-1.3065895333470692
-0.03316439018734847,0.016492898048957257,-0.22045287791264268,-1.2863222263706264
-0.030193003163613417,0.01552490408399252,-0.18419741444484433,-1.2660919032332865
-0.02435065156785713,0.018574626355757407,-0.2434172488953907,-1.2181980011480056
-0.019677624712712442,0.017617894055285403,-0.19373796251808276,-1.231993101259411
-0.010762097827222058,0.016399176462708383,-0.19169500721422755,-1.235686866685106
-0.008276779375607049,0.019517752350348458,-0.22433432149617896,-1.174869977615198
-0.004256034738768956,0.022215460854729013,-0.24153176142602686,-1.3467459875733907
-0.0032337742436029542,0.02063105219956412,-0.2371840119352276,-1.244068635449604
0.00448230485448033,0.0151506896121082,-0.1674116882258871,-1.206280745130787
0.010151202881037928,0.013896699619942323,-0.20158034970597113,-1.2421267887588971
0.011281329517354857,0.016676524281165984,-0.19345263281659777,-1.189055315838634
0.01464822037390423,0.013646076519236479,-0.1801075542407854,-1.298022391398232
0.02112441229795182,0.01890255743501681,-0.22133161496528075,-1.1800831190513428
0.026309350618752402,0.014098571975752223,-0.16463669732755018,-1.182049632958608
0.03125713741376583,0.01909260143327323,-0.21035033010485887,-1.3078610877480836
0.03507127410876194,0.011382536524879212,-0.1842973264709549,-1.2324851466050544
0.04363669704651412,0.017857490936065142,-0.21697212404616953,-1.2968374092682928
0.0456615005493089,0.01360741394843799,-0.18341330970506647,-1.346705704719369
0.04871493304519139,0.016221721514188065,-0.23030776433489641,-1.3484480976982955
0.04930155385231423,0.010355467444730166,-0.14218490708165243,-1.2964666490598964
0.052908323572393764,0.013690789000274362,-0.16316690657869795,-1.3475877729543793
0.0597975875010716,0.01529578785848847,-0.16133675422018143,-1.2709554912407552
0.06704102324315016,0.020084605084663705,-0.2372227965877216,-1.2761753725154807
0.07707623459634914,0.01760337954132444,-0.20552839575947304,-1.3966875520246034
0.07840067408364514,0.011508115326311122,-0.14398002568648244,-1.2254765349609134
0.0812953202994676,0.012468202731295834,-0.17703188156200353,-1.262607165185013
0.08733542668936305,0.009000204825711847,-0.12538550923140657,-1.4431746502642928
0.09234811996478715,0.015231061070468045,-0.2250380738210371,-1.263027995105402
0.09360100874366922,0.013584644540221949,-0.17520445092994727,-1.396240855764286
0.10002337761906449,0.01486528763126509,-0.17155797904508888,-1.3677661574663045
0.10122266783685242,0.01563217100570011,-0.2001343132731357,-1.4219484150119879
0.11032805979066025,0.015083182781348549,-0.18965309885088474,-1.3834914194254895
0.11556786078928011,0.010708794367635145,-0.13518019476923296,-1.4052342889438856
0.1219474063646189,0.016709442241938537,-0.2032551437934645,-1.2715724704564442
0.12326260376835003,0.009790207004630715,-0.14194447939970906,-1.4465617497052135
0.12680314610979748,0.013192273408470158,-0.18950944521964316,-1.4347572296704783
0.1315477149124081,0.007913936219251584,-0.12434322406021596,-1.3491376631465917
0.13341703378257785,0.014018369960490707,-0.18061695930319097,-1.361086787150725
0.1413697983119849,0.012249410517931504,-0.18685354526117712,-1.304345316835594
0.14363567143552955,0.008889054646489838,-0.13702675927091637,-1.3467702091822984
0.1441378695422235,0.015890437975122122,-0.18753680235059186,-1.355494014487734
0.15177531373233247,0.01240132521625482,-0.13406540293071853,-1.394261658301121
0.15454263882530442,0.015015227812462267,-0.18572092938950385,-1.392708551269519
0.15843697181709787,0.01118618695864903,-0.1584237840936652,-1.39726061988839
0.16215090542078528,0.014318957506424262,-0.16207185911070754,-1.3353735356547196
0.16862954928219298,0.017981372645526354,-0.20458449857480673,-1.3620803846138207
0.17279561681725958,0.011647785769956164,-0.16704111579570213,-1.3434433017242908
0.1758892939047139,0.015286941682785507,-0.18469329977771173,-1.328802481206172
0.17790647246804284,0.012743092424182409,-0.18084036215020857,-1.3611274727517715
0.18413992831301765,0.011195526212233055,-0.1404980259880324,-1.3880418661708183
0.18636639794943188,0.014286465145779133,-0.17610467178124545,-1.3513646716458698
0.19360344520341324,0.015990269226021987,-0.1822244829403003,-1.4296149563200817
0.1979847102683989,0.011944784067950551,-0.15787265708061793,-1.4200445665693235
0.20349419001240704,0.017863041651863906,-0.1841443416469551,-1.2917309848226
0.2090581694135742,0.01624288159937899,-0.18757260329998737,-1.4297657327904647
0.2113393836642968,0.01402341708594973,-0.15453744815706408,-1.3162211571449427
0.21496896643302774,0.016258014472579425,-0.20104510219459162,-1.2738906266805317
0.21704992949835636,0.009453559708829785,-0.14218580926292965,-1.4338010498377771
0.22150476347378006,0.011192760902795211,-0.1324201473688101,-1.316221883503906
0.23021997330984534,0.01216924066852647,-0.15884833196692122,-1.3212025753242012
0.23544067449512868,0.013268478728870376,-0.1481038331387184,-1.3279506978740703
0.24024921116892786,0.015325347462797085,-0.1830345039450126,-1.3640200015307753
0.24064201089620726,0.011296002768507679,-0.16659717652684386,-1.2846112648839458
0.2465357009650239,0.008382238060361152,-0.12838698925816794,-1.4274352604978595
0.24762397088657345,0.01424116566500393,-0.16275883683481243,-1.347012244398991
0.2550722726173746,0.012551397702201967,-0.14255116515922076,-1.4129918768351486
0.2603522544985572,0.013015847361765347,-0.16840362063495284,-1.4519687507095174
0.26603908769477996,0.011779644095129504,-0.1403687353686857,-1.4860659635684201
0.27030542216509473,0.015216541789089986,-0.2034317853767534,-1.4347113035834433
0.2743681679470838,0.01404857779921538,-0.1532362339484207,-1.4418917596981635
0.27737077383862047,0.016873837083947237,-0.21219978429408243,-1.2983505828067736
0.28248380126087796,0.010613407400517968,-0.12591969682952586,-1.4212236061073884
0.2865984127275561,0.014958411859130777,-0.1721802215010779,-1.320796738227949
0.29132668366170983,0.00864188780270882,-0.15656883801286603,-1.344446306567084
0.29817951207944954,0.010317216168655127,-0.1480463537285191,-1.297482101119895
0.30764007357583045,0.006440442558800609,-0.10049004272925371,-1.4880736963161714
0.30859380849626983,0.0085549633765409,-0.1429422611736246,-1.3220865388120269
0.3138892290126656,0.010142241638129455,-0.1435086503581252,-1.441930041695538
0.3154981434393803,0.013186582296889201,-0.1500975362258507,-1.406424169195693
0.3197059029961849,0.013921997258789589,-0.1796971690961248,-1.3722000916238932
0.3223333069346598,0.007985560070981862,-0.13213115427629285,-1.2847929498647688
0.32779984937141476,0.016529721918693025,-0.18242833318915908,-1.371006277216895
0.33282377361471716,0.010146987529399762,-0.1441703893760663,-1.4472726661497823
0.3353881671461856,0.013887560532643917,-0.1744268419737121,-1.3724374141102011
0.34250182149525765,0.011768676918728096,-0.15653831121839576,-1.3552184396011093
0.34433203293883247,0.012898785746763773,-0.17243098933880524,-1.493624557016785
0.3477448109327021,0.013041664560551886,-0.16444490094367908,-1.406753405961323
0.3551652619971043,0.008962786739926704,-0.11869913658528525,-1.4365315850704308
0.35791554607033155,0.013439427029287491,-0.1489886688983534,-1.3896558439797442
0.36527507638862317,0.012667174509213446,-0.15179648029630088,-1.4540408604136836
0.3677934350415893,0.01837406164978875,-0.20914593155810943,-1.3477654346614474
0.3783496004144132,0.01271044573803864,-0.17145889182366905,-1.194340336272522
0.38094856381122577,0.011068408186095155,-0.13685384236827217,-1.4128488861525548
0.38427640202930635,0.00752385083730745,-0.11951195865448153,-1.4423352223431507
0.3864945082253629,0.010697003294134554,-0.14319627010616182,-1.362604288080145
0.38954389748362894,0.01656415327204251,-0.1929833691043184,-1.2656481116217355
0.3947625864028806,0.011552210902129432,-0.13540363816021692,-1.3915329875297657
0.39745883610066796,0.009475307676896349,-0.11273595018617483,-1.3244577658883991
0.40548603785867815,0.011325676213000686,-0.14134363457872298,-1.4051464991538254
0.4081166223935581,0.007339160799755065,-0.1284462697397362,-1.4299112884703031
0.41032940391617273,0.014213470819351011,-0.17804216162371592,-1.3526704755712602
0.41785283217215174,0.013318481793225244,-0.18280896523172374,-1.2731416432750036
0.4231383399840122,0.010382591527662847,-0.10824563407607954,-1.4103295780905687
0.42691228248726404,0.014537914737409535,-0.19326910798976232,-1.2899342509587848
0.43062185040373324,0.014716826410294443,-0.1670261663883644,-1.4657104037136408
0.4352314659611494,0.01960721490428027,-0.24211839099504445,-1.3434156795240242
0.43597233553423337,0.011868073027790249,-0.16087027249386832,-1.297769794576592
0.4491492755949753,0.012817940304729653,-0.13357401584271333,-1.3891519182711756
0.45227890620412675,0.013213667439020107,-0.16558312120809288,-1.3622177931963924
0.45479607000053773,0.013666358201948373,-0.15460230002459235,-1.2661742799767655
0.4562174315965484,0.020587335713047033,-0.23409462002079762,-1.3323431416708025
0.46199224870777084,0.01632607299375511,-0.17813928077474311,-1.1670718113320315
0.46929083357778745,0.018335431047461086,-0.17623752299028272,-1.2930974263307975
0.4725329224193941,0.014074988519344158,-0.1552162156424312,-1.3498356641399814
0.4780990849460082,0.01208996593685189,-0.1224826415521749,-1.496205182199343
0.48800443550847233,0.013348497898655158,-0.18081410088385216,-1.336728880803446
0.4899595658634616,0.011446517788504943,-0.15487044635078268,-1.4206478474085444
0.49608009962237276,0.014895345999226223,-0.1735420511298882,-1.3483150772785364
0.5009610308353034,0.014708563700316467,-0.17607583442246275,-1.2503200228734812
0.5084883963389876,0.010182064753363902,-0.1361048457918625,-1.282356792282019
0.512082582099445,0.0120738578540104,-0.1447654184171292,-1.3194163509646417
0.5173616793441695,0.017837924111098052,-0.19065561000460127,-1.197546936742791
0.5193567538433469,0.009001807436474416,-0.11343163742215703,-1.3068872777802398
0.525766694214409,0.011883219982495228,-0.1345827454154468,-1.3514912938839114
0.5275687900854554,0.016098643667474054,-0.2034039733197592,-1.2489565400632974
0.5312079232526107,0.015548696155800583,-0.1801835532132482,-1.3431398408482866
0.5377625732731482,0.00971019643246248,-0.1382574658811778,-1.3076383540221332
0.5412368714006599,0.016373314617991127,-0.19839566820874632,-1.2026452142918411
0.5476225658505173,0.015510188372153783,-0.16412791156171697,-1.2406759331971828
0.5493062160494722,0.02315917494744336,-0.20803915127993686,-1.3394976534891578
0.5520669460796116,0.013192016978923055,-0.17178445362957537,-1.1191068595516016
0.5548441871438077,0.011801979479965427,-0.15021626073721614,-1.28036492422889
0.5582259551616198,0.011679801318434414,-0.1500739077548774,-1.0952892490626387
0.5662671623769588,0.01571492187981009,-0.201326663312375,-1.3352073716050894
0.5737336384909094,0.012086952493568306,-0.14326434962175785,-1.2387974784699054
0.5804311885811625,0.0130503413993543,-0.15564563140092705,-1.0890639043915327
0.5838818209958334,0.016408953519524316,-0.18280384067025682,-1.2321582860418712
0.5874189869343419,0.012952431458214054,-0.15728254567543487,-1.2263167938164743
0.593468119244354,0.018893823106871342,-0.21742275388464222,-1.325630925273589
0.6031768824631994,0.010576222706990839,-0.10918516192247084,-1.251907796940522
0.6081732643333047,0.0156912515780607,-0.14911833484197415,-1.2456804041430163
0.6129945280420126,0.0126444846861211,-0.14600504776455922,-1.2874087474381208
0.6229798968980944,0.009834668684839665,-0.126157907294201,-1.2446928277953524
0.6275630104359429,0.0171147052658523,-0.19863215909739204,-1.280596076494749
0.6280674707168779,0.013703447395038775,-0.14668289487340372,-1.2657915801286714
0.6303403652614699,0.014322862497228429,-0.160764616356146,-1.1232368446260406
0.6374395119444289,0.0108422213899648,-0.12666862535413903,-1.1121619845285664
0.6413308638465094,0.011931854315763699,-0.14339371308178023,-1.2196688365981738
0.647534366340352,0.012092015471750402,-0.16888991244441467,-1.2244593663656755
0.6588467230339266,0.016215128808501542,-0.1610220840934446,-1.2196937934808156
0.6630542176674529,0.013752309818862296,-0.11999568662240599,-1.3390056996095827
0.668393918580644,0.017718080837626025,-0.19782818649851847,-1.2601207671279855
0.6744271542920548,0.010984394322576557,-0.14740474009681478,-1.2761613896495656
0.6774075874810472,0.014978114760820645,-0.1747912632733598,-1.2957155858918494
0.686323590973342,0.015517036114966312,-0.14714205910109868,-1.2287476979775969
0.6871858061194893,0.01852609228970731,-0.20999973975759356,-1.1773253007395055
0.6896371647045539,0.021940775777591345,-0.23422978602621383,-1.2121510120914825
0.699609788475601,0.016124862286380052,-0.19003350519615672,-1.2398226205864686
0.7016075402406725,0.013635900867170125,-0.16599561900560528,-1.1982794607414766
0.7138485048523139,0.014241669003662194,-0.16322237193399397,-1.251307752350552
0.72157664911998,0.010103382202218607,-0.1324960713079135,-1.2499524638282171
0.7242371262516661,0.014149457224509472,-0.13913606277776192,-1.25256765442923
0.7312192023107201,0.010678504813597715,-0.13509333636690737,-1.1941802926540765
0.736211855588898,0.008398850891171834,-0.11626513394729274,-1.2256387421038109
0.7421293289807844,0.012371822210307075,-0.14086099795230064,-1.2364185779694654
0.746929597124597,0.010945605066270661,-0.17344355140963125,-1.056427271463101
0.7518377433721103,0.012896266976233065,-0.14248975073253775,-1.240755823659643
0.753618006742705,0.016653002100010268,-0.1556198478150822,-1.3744019903205222
0.7616622159119625,0.011985928068127694,-0.16785304071594867,-1.257518440968289
0.77098480089853,0.015049631306239137,-0.1879743622844583,-1.2434066709865272
0.7750166382063854,0.017189227461899586,-0.1793008730928998,-1.0492733503438971
0.7800733439324818,0.012416585363154431,-0.14803799295909656,-1.1560711700572366
0.7862205056402276,0.010201857501741594,-0.13667466912746967,-1.3223894841809802
0.7882527767793611,0.01548877607749655,-0.1518514369296965,-1.5407683937260648
0.7919581410368687,0.009245471687711015,-0.12123476598076485,-1.3572940810251852
0.8044356064716152,0.010980782244677984,-0.14762850936491634,-1.171531424591309
0.8143784901893253,0.01203031704034633,-0.15366946149527316,-1.332073075336271
0.816068461649219,0.009023706002124892,-0.11181080446093418,-1.1503756316785312
0.8261883004250692,0.01550139794598777,-0.14789828207516106,-1.327179046509645
0.8343061107273235,0.013424255774167091,-0.13551687070040133,-1.2769504911984888
0.8403687058336136,0.01106806739688372,-0.14528138259930617,-1.3256407916563642
0.8433478499270365,0.011471112640337325,-0.12816396471906347,-1.0544974124199116
0.8497209445313624,0.009713027274680137,-0.1167508443751091,-1.2680444923407528
0.8519278549903675,0.006612701508010923,-0.09950558923117243,-1.2343304068590473
0.8604525494882712,0.014862427327553432,-0.1205222664097107,-1.1028840349410243
0.8678761742481459,0.007547447271710508,-0.1210285766408773,-1.0200807457617003
0.8789998406151546,0.008144714632113014,-0.11484608615739972,-1.1532378204556653
0.884758380810837,0.009706318472457195,-0.12855458466939282,-1.2532772785977644
0.8957395830572404,0.00895304363296,-0.114151365237603,-0.9912276029278853
0.9076872951717448,0.006399626174467459,-0.10357214942544496,-1.2062207074856026
0.9087630776992683,0.008723164819465275,-0.13433257677366608,-0.9418265631815478
0.9107985979424132,0.007453035130464078,-0.11188179041553127,-1.2609163419353777
0.920278640554954,0.008645843005527945,-0.15327441918636536,-1.189617414343147
0.9229473891086395,0.008834513513645122,-0.11235371328888542,-0.9344864879766216
0.9283777756572709,0.006511599005645691,-0.11734909548963998,-1.1232297804138438
0.94152271694873,0.008026012970888875,-0.10560063567046721,-1.15148783793129
0.9514840807914409,0.010396303473632192,-0.12082975019552965,-0.9837530374198421
0.9549280424206608,0.005490968175462716,-0.10988457897731414,-1.058988321394948
0.9631698816882691,0.01009345583832004,-0.114518058977821,-1.0025137541608269
0.9721494013915525,0.00869365522590037,-0.1461298382437697,-0.9182457930852133
0.976391310342158,0.009549959068144681,-0.10982597605507005,-0.8689891605874794
0.9919004818185743,0.008259110008571227,-0.12088964488505086,-1.0044113819693918
0.9983608655505299,0.009009266462083606,-0.12268415701839856,-0.8922835970907644
