MO_Energy_eV,Cl-Te,Cl-Zn,Te-Zn
-8.991296048364285,0.0260322108652313,0.09680528819948217,0.18447532589967003
-8.99083693908871,0.03222013620254845,0.0794632020635313,0.2094852934436011
-8.985759400029886,0.028609385478712078,0.08780522425440343,0.1902064852926707
-8.984511379260635,0.034120559532279535,0.08395442089383133,0.207243339033184
-8.98146102951684,0.028621936641044114,0.10084193846381331,0.1684129135609884
-8.976883187536773,0.03668101413805204,0.10554257075325153,0.20361645873035097
-8.975697059878598,0.027991547589486115,0.08470840938015245,0.19380081159732512
-8.967496343670396,0.032262681122022824,0.12582271213716337,0.17405247602036433
-8.955880236196476,0.024997144186008055,0.134352460599659,0.08272925645606613
-8.952916896561979,0.02412807323167863,0.13744540670753871,0.07798827882739402
-8.940517459927502,0.030413365683188358,0.07875904826299107,0.21193601797738076
-8.922280149878576,0.0293392228389448,0.1333632582762337,0.1365580233277382
-8.917222697868977,0.030291998685263815,0.12707873350618293,0.14531458860818774
-8.903553632168302,0.029980200930736247,0.12742629020346233,0.1425661892299842
-8.89678657941823,0.02590706498088335,0.12232545884497902,0.12312767403919447
-8.890281264160414,0.028103242969537597,0.1176962386323625,0.1321176561983683
-8.881690754937704,0.025975898311244396,0.12922344411804446,0.1040744793353534
-8.877669525279849,0.028123344349258825,0.1181974109889112,0.1364679801017725
-8.874259333836187,0.029109998257211854,0.11895513090127871,0.142123190164604
-8.873615862481975,0.029198811764956624,0.1202531221872258,0.1425621508648668
-8.871340943241666,0.0293939163929178,0.10852191825020961,0.15135038473301832
-8.870963992502361,0.025664633648787263,0.11114351745101994,0.14370048421822273
-8.868897639721796,0.027496866766203706,0.11834977541515423,0.12995387454247098
-8.86759152882946,0.02390775970523576,0.09845009876557763,0.15912309811035216
-8.86052657312377,0.03658698202310956,0.0631277921391665,0.23599791536048528
-8.85497268558552,0.027805066569886853,0.11358404846681099,0.13531509475691342
-8.848914516171213,0.02977352193846231,0.10346506702743438,0.1366283534861794
-8.84746616646889,0.031337334528020386,0.0989945125391625,0.16602680007204954
-8.84429932038577,0.025843452658980387,0.11769008985926993,0.12601696979087929
-8.83842287238406,0.03588683805888556,0.06972126644106352,0.2301425078113756
-8.828210765094834,0.027241560005125707,0.1051808833998981,0.14167565834263668
-8.825022632236985,0.02981049187056782,0.09573091279294865,0.17276819070809354
-8.819154949151937,0.0289305655826798,0.10882239694774845,0.1408374563876189
-8.818338141883535,0.03592609273535339,0.06473046186943614,0.23230939008850898
-8.810375721357179,0.026700474928679094,0.09476872495115968,0.16518264214603537
-8.808825462937547,0.03031153855338723,0.08857732511201062,0.17980260673675877
-8.806151542240444,0.03238174513166575,0.08280339296998109,0.19777826944094262
-8.803097341257422,0.025727762172260058,0.09589570762716274,0.15998053672395113
-8.79906945472519,0.026127660870821127,0.10746792757257954,0.1446774925770782
-8.792973723783442,0.023078051979094405,0.12355975833377386,0.10638024230196906
-8.788865442215503,0.030796227463422834,0.09020209748684668,0.18446659149431496
-8.781100918872772,0.023304294674648722,0.11304350622955052,0.11755148479603435
-8.770754164709505,0.024579158455707274,0.10039403733729377,0.12842903066610425
-8.769441649221656,0.02452602603950675,0.09838298580794118,0.13947863589830617
-8.768657603766865,0.02493535386623378,0.10086305314966723,0.1331006540713299
-8.764430033024784,0.023329119580457185,0.09789843481829341,0.13093621227385502
-8.759479104295455,0.023474253653223063,0.116805419489344,0.1125337996647977
-8.758264560631325,0.024476363337924276,0.10569126520986709,0.12833639296931126
-8.754665180954206,0.024153950219945382,0.08908550566552112,0.17694686387940659
-8.742189058818923,0.024024941335524314,0.09447557651613715,0.1280503927184965
-8.738169573537245,0.028886950249836722,0.07314883506908203,0.21275239925226588
-8.735602913312036,0.023797758172136425,0.11604230747153226,0.12531613494968666
-8.726819886652669,0.02928804810686179,0.0740270905874276,0.21467872075047478
-8.710417515742346,0.02422659885108177,0.08520076965337373,0.189867105264662
-8.704631354988914,0.029784865839536864,0.06837569787447241,0.23386026922690262
-8.703322060758033,0.02565344623260979,0.08923655651500093,0.16513601927131008
-8.688211444275911,0.0283060009145831,0.06854290105445328,0.21177834011480673
-8.686260337370449,0.019798062655950438,0.10784380110454453,0.07654936225483912
-8.679891205449529,0.02518444140903015,0.08236560797543185,0.1939674771286813
-8.678954975050226,0.0272165725003246,0.0749164246481692,0.23265386576336833
-8.671357887661625,0.028718282179758584,0.059119564911952964,0.2603206071651416
-8.669299192315629,0.025756758294816648,0.07701501896500951,0.193718393642942
-8.652953003485175,0.027741504014920638,0.0738471593039333,0.2271377575830089
-8.650264115915416,0.022531326359950428,0.08258648296616194,0.12256900761646512
-8.64752253617057,0.021615647629151007,0.08145399688349651,0.14600022477657193
-8.64591383005184,0.02091068978944954,0.08067359651045783,0.16798516876673256
-8.635010768110751,0.022929637841220187,0.07416704657005724,0.17065724536944574
-8.63355227655965,0.02641585185757105,0.07213919573247715,0.22258486514705111
-8.630330645778024,0.019280852596016057,0.05429518903866373,0.27946047522064005
-8.6244011989987,0.018559407931870456,0.037731455030717106,0.3189801945312057
-8.619953344193865,0.02101715389776837,0.05770120709597324,0.2518021399566667
-8.619244462289968,0.025732952866528068,0.06442624359310437,0.25425065915279843
-8.608245201570034,0.01673602591892341,0.05796741381762631,0.1941506764591285
-8.59608111690146,0.014577765267953362,0.033427294829680765,0.37126682364804403
-8.59105435071682,0.010636831449601205,0.029765855690979018,0.31307763411210915
-8.587225500856984,0.006888160010675695,0.01964032638536468,0.30394309219229476
-8.585726186892156,0.006456914045784506,0.015677575431124257,0.33422196439557794
-8.58030836802177,0.006882346291534391,0.01800527412833715,0.3937184119139322
-8.578255904988117,0.011326061120104912,0.026018534825071413,0.3608995931428732
-8.574997742637814,0.008387014898472676,0.020531730664715843,0.35386888940400535
-8.566256462777444,0.010462085026114579,0.02244513383053141,0.40578190844397427
-8.56421320115981,0.015127662131231684,0.03614941992201566,0.3479008922455045
-8.559435745619728,0.013448648027650379,0.029855166260696703,0.3786639903554881
-8.552453153196405,0.011570330618416296,0.023681948935427386,0.3709585086613735
-8.549149153066207,0.009276337102129861,0.021773396580095288,0.3514413795928595
-8.54250552990567,0.009309165049728675,0.017729328696332404,0.3917801294697655
-8.540463989122543,0.008763976992370654,0.019118997071409075,0.3799237723628621
-8.539206142313756,0.007208173287342813,0.012105614233068385,0.32898224680227894
-8.535815955565546,0.006753528460446625,0.01568261292950468,0.38116830032559024
-8.53072930590284,0.01001516540113708,0.021265520995632347,0.38968744974552116
-8.529369877443521,0.00843204770340281,0.015557906242145455,0.3534447357317609
-8.526607811833832,0.006926865754727196,0.015521634310922761,0.39892445863907006
-8.524576274342829,0.0070680152408797116,0.015119687307708022,0.4093479349399738
-8.523506773467078,0.00792012692831495,0.020692375898441577,0.4006005978058156
-8.51873275740868,0.006886327085345888,0.01600417964154057,0.3898001383044592
-8.516704726292474,0.008123775278320575,0.020527279945784852,0.3811910936804311
-8.515170835441412,0.006682735705422206,0.011450362339724176,0.4514821721963551
-8.511650235942916,0.006308705488796009,0.015527987440430954,0.3919582692376556
-8.509147454967994,0.010840007482637271,0.023167969420703517,0.388376709704472
-8.50715423508193,0.007363417976942769,0.017414917468910374,0.40670593628191654
-8.504166166840731,0.007355916657957541,0.018108871120762395,0.38821119382975156
-8.503242963137486,0.0057743687050088215,0.012110307801742413,0.435696839963029
-8.500602003896269,0.008150764826314992,0.016584839486424443,0.41921885175701884
-8.498290625884506,0.0054662845552406365,0.011658702099934522,0.4475198091956648
-8.495842018320543,0.005769201283021262,0.013080658713963533,0.42584501339828945
-8.494171752286105,0.0065949026218869436,0.01579127252074494,0.4062042182748904
-8.492408281829755,0.008840733246461575,0.01807513011185509,0.39602265692373917
-8.491239004650497,0.006394742212533111,0.010696106046608376,0.41874988911548106
-8.486807436311489,0.004227804388610835,0.010615338997825222,0.4508502945607833
-8.485836568420215,0.006056250483355234,0.01283970797366566,0.4530467196780017
-8.485252709434612,0.005406308991253619,0.010611298843062356,0.43781741578372246
-8.481023099919094,0.006629747386936603,0.013498624594937357,0.4374871694841842
-8.480381770591123,0.006316428043056904,0.013043421287523203,0.42008384129473325
-8.476739507726547,0.005189437445665163,0.010106736425065002,0.4148837392666623
-8.473153103665027,0.006899778191280923,0.015014426834261747,0.3943328250157592
-8.472246534074408,0.004622492970954366,0.008927261086983308,0.4167248388755728
-8.469604224106211,0.005030906352262101,0.010306584045396954,0.4464719807636683
-8.468520727700223,0.004794518810954809,0.00885223579974403,0.4150451249243883
-8.466353576336221,0.007288479786051725,0.01369075492565729,0.39769227190160666
-8.463542529215347,0.006504274990015992,0.011562636077474075,0.419018859747153
-8.46326459385823,0.006018635851727191,0.011836127259908347,0.42040147783786136
-8.461528013073865,0.005116743214337494,0.007127501738435163,0.4489175854337394
-8.458793303104367,0.004212292357168465,0.00925531999227174,0.4416241017134
-8.457206553324777,0.005074506878143573,0.008698971755107162,0.4659075783479578
-8.454753393889517,0.0061491540606232326,0.012178945226927149,0.4092179182016238
-8.45367330948313,0.006511764534836744,0.010310238207523869,0.45201282769677936
-8.452075624895919,0.0038158125683893374,0.0070994466856972,0.4563678907845793
-8.451077927571053,0.004218106830224748,0.006690657409698559,0.4625661023024417
-8.449842537279311,0.00550067408988428,0.010729333860260084,0.4229792099765179
-8.448131608317496,0.006580001321441623,0.011730078439329258,0.40841788605864693
-8.447281580365924,0.004939877553817174,0.008337672101231475,0.4365337773818713
-8.444384484079187,0.004703968821840754,0.008067891967953093,0.43972564094569466
-8.442700630326136,0.004483539777602078,0.008605144548247562,0.44094004804052184
-8.441829146329274,0.0073076761588183135,0.01179055675461988,0.4311761197214724
-8.439470734308479,0.0038971450606569407,0.008175833536921993,0.44860785172985873
-8.437702260238563,0.005296639039594545,0.008285755384470054,0.44421998034688437
-8.436839443506312,0.005192573307344263,0.012409635651652783,0.43334111667136804
-8.434998120125337,0.0052925972900863035,0.00909207637905357,0.44258257171253806
-8.432831209497206,0.005939568653305981,0.012119462873034824,0.4157148703200893
-8.431842626304988,0.005434972681973035,0.011649013190013617,0.43432484232361585
-8.42967652157413,0.004396450203843893,0.006469733238267968,0.4533126359724712
-8.428491841333026,0.005782624803849458,0.010521544167445789,0.42864611877460607
-8.42758820023606,0.006847768231941659,0.01397685237428659,0.42014898262223876
-8.42659210597342,0.004895898315163302,0.009178638644772457,0.4392350530987037
-8.424443411454249,0.005347873375253901,0.0075545455078032155,0.420436402351987
-8.421751132763703,0.005112571038392494,0.008486107924008331,0.4244062199964054
-8.420264120197348,0.006125514081640377,0.01119811555630146,0.4265086778011298
-8.419098562384937,0.006487942917397782,0.007628988670035194,0.4299581452796334
-8.417996832926192,0.00367507373004454,0.005177963979919095,0.449567376398523
-8.41625499539391,0.005582543338377783,0.008412737379955912,0.4107342651079417
-8.41413732572616,0.004798451567134232,0.008092907209092283,0.4504869340498493
-8.413157723335813,0.004350595432012051,0.00821694343056941,0.4255669349741013
-8.41163657494927,0.004177823954923085,0.007376566416486055,0.43827729659427656
-8.409848498954487,0.003741521961800705,0.006909896953209702,0.43692645405679503
-8.408942567828625,0.00715550861916198,0.013874880159611197,0.4194908354491418
-8.406117850588627,0.006273309368475866,0.008357471998223601,0.4291549711903795
-8.405251904775739,0.004558305120163727,0.009876934556123096,0.4477939451698993
-8.40393551481697,0.0057103957322438385,0.009545983738789586,0.4193838458975813
-8.40342513002038,0.004567451783744055,0.009763454054402538,0.44508363619520613
-8.401915667183623,0.005938860936482176,0.008251448051723809,0.43209355021639795
-8.400749333991152,0.00689850720926525,0.015002191541757515,0.4062367679254452
-8.398863949128838,0.004248957982287659,0.007187435066719719,0.42647440574206374
-8.397092700691202,0.003928327058421359,0.009550409331790789,0.44848000680099326
-8.396231305991293,0.004753507398198896,0.0065766059598814765,0.4283556732384083
-8.393048522932105,0.004136997688565209,0.008311609138058734,0.4364688695848616
-8.392093647468418,0.004009595903953145,0.006163029929902672,0.4212078927669328
-8.390921340850353,0.0036045941525867883,0.005191600702312118,0.45274777946708283
-8.389977013084389,0.0054818962327099945,0.008991629866306644,0.4420812803279648
-8.389749621365095,0.0038629584681511165,0.008051978677244394,0.4358119040838407
-8.387639071525193,0.003966351643638184,0.007446498362893525,0.4277224631594582
-8.384364658586026,0.004318428573997717,0.00752253722489887,0.43884540606828215
-8.382220256478949,0.0033296365037719967,0.007016887610137378,0.4197309586459097
-8.380247333708095,0.0035386102317447854,0.006470227699740342,0.44353837453827
-8.380211896668799,0.00581172087778135,0.011068056236562741,0.4309389202805857
-8.378815817078838,0.006528977573669814,0.012970807443941277,0.41187926017861715
-8.374797051853749,0.005183904512099135,0.009011311065900921,0.4351108127891825
-8.373063681133383,0.0062411944337598365,0.01263849750761955,0.38199222418258977
-8.371731047222637,0.007208130031616584,0.018187391460740825,0.39704402857433424
-8.370599466947963,0.008191456886686049,0.018321793087376637,0.39483781650936817
-8.36956283677612,0.008054402396586826,0.016354546739069907,0.3970954608853632
-8.367075782370758,0.006181545999816997,0.012846185345620886,0.41001296084199085
-8.363125011545556,0.0063970807265025156,0.010108990236271105,0.4253438148723914
-8.361857802780513,0.005940610508560517,0.014906418936033786,0.39410490384830343
-8.360613295414051,0.007087824587153591,0.013948550708239206,0.3861461191632483
-8.358258499434596,0.006839278257797622,0.015174706870930732,0.3950515957342342
-8.357148101141494,0.0068048791482087905,0.012212919101926544,0.389017747536565
-8.354305245979631,0.008240676600952014,0.015712282158723584,0.38986620360747787
-8.353220061340629,0.009873917937967165,0.022227128865984002,0.3718509210216584
-8.350227021538279,0.00729885354472411,0.015800830422726654,0.3820480116962637
-8.349367751674633,0.008995704317786393,0.02008708744361909,0.3805553192037499
-8.34782310720377,0.009583752590483947,0.017058405529104564,0.3637052380237165
-8.345736888278507,0.008437182372666932,0.021990480661154693,0.3885675046733209
-8.344247804093031,0.006404813964814948,0.010968870521954178,0.40531947199728946
-8.342422307264139,0.00741281066921713,0.016950516183788764,0.3691523437670134
-8.33997149082777,0.008993081362168623,0.01967657702194947,0.38111088860872433
-8.339353578098804,0.007288778839622255,0.013832419339515695,0.3897130651391612
-8.337352011090445,0.008804963441584136,0.01688305482002084,0.3665632541127721
-8.332996717331822,0.0076042033990456,0.01616485395580751,0.3712522331442342
-8.332383652939173,0.007390134611748093,0.014373304246610423,0.3886381253194317
-8.329984138889841,0.0077660483756146325,0.02176541643102733,0.37122199061883904
-8.328653321706057,0.007394175798811104,0.014516591291444031,0.38490652346836224
-8.325312834797096,0.007012924289213254,0.011398099733992792,0.4018977615120525
-8.322962547916127,0.008878209528437046,0.020172332931519578,0.37267890569961115
-8.321793112300728,0.00808138686884499,0.01593655958459767,0.3687084555818918
-8.319961414305247,0.008043051125936179,0.014442797174207057,0.3979124504916097
-8.317516414152493,0.010069282080512752,0.019717578502128418,0.3534475214267552
-8.315874178055461,0.007899973474554761,0.014847001705127413,0.3764790014729719
-8.313182766997235,0.008862873515600174,0.020195788588939,0.35868846764969164
-8.311422343182159,0.00814030521889314,0.01617007179437629,0.3659197756874638
-8.306543446268346,0.0076404371838949495,0.01523216417828231,0.3895969903026813
-8.303977513736319,0.007118962429740248,0.016496114629613454,0.36786745057039777
-8.302507071716517,0.008250366028506881,0.01625483851165302,0.37324077184506055
-8.300627290918747,0.007747134830331045,0.01832676159454753,0.36504408188096527
-8.299045053215853,0.007199191285412321,0.019644051294365136,0.38257548739729696
-8.29618176379878,0.006644710689080096,0.014662442529079577,0.3751971222538644
-8.295251265287884,0.006049814898237982,0.014148830765193826,0.39184501770328045
-8.294990371262744,0.007633656373614777,0.014915350321952922,0.3750535097053119
-8.292911500421322,0.008024924034144466,0.0202185896077554,0.360384345623322
-8.291126313297344,0.007227316707500302,0.017875083952100863,0.3734146656237914
-8.289968947369994,0.006869927859884679,0.015995594487171305,0.37815088468038316
-8.287676580890524,0.006755092659539382,0.016357320368392898,0.3749075471492756
-8.285977715396676,0.007863871748910277,0.017770482207037436,0.3722530459364799
-8.283386003008308,0.005050873121100468,0.011358310290948257,0.4113278831688824
-8.281391174364916,0.00488144646229693,0.012519707179716807,0.3924909888693244
-8.281281942998714,0.005976019538859015,0.013642919564058399,0.3754994460528803
-8.279462616788143,0.008146530500079284,0.019578357035041925,0.38342289649531
-8.2771397245315,0.007499679413785065,0.01803017428145244,0.3712703748440763
-8.275150681490269,0.006274807319515389,0.015470984411492916,0.40586640985098454
-8.2741906933366,0.0067800071848363105,0.01929119056956225,0.3687134701122899
-8.271295051291613,0.005261857886169089,0.01554975528663875,0.38383194518584873
-8.270251852623169,0.006739853299945562,0.01614112863188059,0.3632910833575304
-8.269888572044445,0.007638441915937119,0.016323554308675735,0.375823311915456
-8.266221449800298,0.005803139647238833,0.014513784020632817,0.38864282143854173
-8.264567537609697,0.00817784979207842,0.018862024171050852,0.3772215151179419
-8.262304455606209,0.005922870434240884,0.0156751325957527,0.38038889378560836
-8.260314360878843,0.005264242653475266,0.015404582362101949,0.39444417417289085
-8.258558108078144,0.00540063503919921,0.012592217179832653,0.383798939047966
-8.257384683062732,0.005916679534662858,0.014400989646864053,0.3874965171079305
-8.256177867368041,0.006771140251093853,0.014127527548111342,0.3843122770737415
-8.254114005965752,0.005982654953611199,0.012721307898843013,0.3841728624423542
-8.250500727338125,0.007961659536561708,0.01720585063740303,0.37508857900599646
-8.249213132822085,0.008378181772233277,0.020310957848807046,0.36300562889557714
-8.248583204080951,0.007105746683002827,0.015055868446210518,0.3721081464636025
-8.247240068220867,0.006322086407165697,0.015751004026352895,0.38114379997977976
-8.245609124166457,0.0076472112390848675,0.015584129080488092,0.3664584407663656
-8.241847647323874,0.007054032215613599,0.016865569361072204,0.3726757403299342
-8.239162104659053,0.0074969492677495276,0.017529055324459985,0.3657536593691191
-8.237065293664765,0.007497447038260841,0.019702920878083827,0.34875585684699373
-8.233241106857658,0.00897951692215302,0.021424153080568605,0.3548090732001821
-8.230719366399768,0.009133470013205473,0.025504916920898537,0.3386247471774802
-8.2297396285555,0.008303821829992048,0.0230550880328467,0.3408443088493269
-8.228726200660855,0.008405940500438004,0.0185414341780258,0.3439846749059359
-8.226730487387416,0.008246943950854077,0.016473893105284756,0.3650273399271942
-8.22251533544876,0.0083315913858252,0.019707496653156974,0.35153801200801565
-8.22194281766055,0.007285013096025524,0.01748640208821153,0.3683433081935423
-8.219651140398655,0.008270305860114083,0.019764387476553295,0.3588545209035522
-8.21854639341766,0.009228103586551052,0.02085389916886446,0.34587602944985113
-8.213561024149943,0.009259247094164202,0.018218650351055996,0.35679248854429635
-8.211484213834149,0.008926672949655495,0.02284471000025217,0.3484709681647791
-8.210369211840892,0.008451764038804441,0.019901664723078933,0.34254391792841316
-8.209233883978198,0.010628845339327198,0.02334361614192073,0.33278131429518426
-8.202345744070648,0.009886990155638738,0.02463976289432858,0.3472795366575771
-8.201294117380339,0.008471172525658195,0.019003679326018524,0.3544377532043084
-8.197233922963772,0.00857723269834376,0.022502312939088085,0.3371407814334162
-8.194833072006348,0.008378982348530496,0.019056811454629754,0.3501013550828688
-8.193957141573977,0.009751148035765869,0.02224833299376412,0.33555603601448525
-8.188557144153707,0.010436938353583147,0.023326971373436315,0.3439059615153059
-8.187562089755684,0.009032860782093885,0.022423267398510804,0.3485738967261665
-8.185487176256151,0.011092933536971937,0.025680280589139563,0.3109072242835564
-8.183575187440935,0.012472774400010931,0.03569567913527163,0.300697605508526
-8.179646997558915,0.010322965996886565,0.026312601752459634,0.3145310175567698
-8.175391078468119,0.010390645951410407,0.023271357016350004,0.33289146242692425
-8.173049521756226,0.011645645711176216,0.03281613621879337,0.2729378412987533
-8.167735342135547,0.01284595291543375,0.03738307635248763,0.2885291849559614
-8.164355129221782,0.01309506323857683,0.034971899960404784,0.26500138423168373
-8.162222901335552,0.011831638825781775,0.03157714900720518,0.29018613175314184
-8.160976092913062,0.008323352420918504,0.022012306971459235,0.332454625120911
-8.156659957295837,0.012336824253781327,0.027702864751212995,0.2664289865993075
-8.156133888245693,0.012419784262769275,0.03147009859563883,0.2596389815004075
-8.152454679199675,0.014953653115423642,0.03613054434770548,0.18461489854207386
-8.150165917960713,0.010858122205590825,0.027829205105355474,0.2682604966295052
-8.149210063769987,0.012131941977947648,0.03350632524035172,0.23683443448641914
-8.147289058407328,0.012068710711679045,0.029496595665589962,0.27211028450040625
-8.145487940546792,0.009391566556791936,0.02687750672014099,0.3127588373225336
-8.141498346453389,0.00975751040222996,0.02459988687936385,0.2957154653529103
-8.13909322955576,0.010069046155599875,0.026692042584436058,0.27247617028454457
-8.137910662657392,0.010249358739000526,0.022068634878561432,0.2970985756924019
-8.137159290935848,0.012032014418502594,0.029164853563896594,0.23851200027805303
-8.136199159236524,0.011743024747186921,0.030209254834422293,0.2389700406413174
-8.134107812611598,0.013340767241357134,0.027900470987941312,0.23961477800946301
-8.131414840370272,0.011030722458048448,0.02730456056820587,0.251678330336509
-8.12671174113167,0.01017375798015676,0.01862045558502023,0.31167167001183366
-8.123397272681864,0.011366866903421164,0.03211756736576129,0.2227776166515202
-8.123074028875457,0.010027697956658933,0.025023600694751073,0.28252878227539924
-8.121998952406802,0.01098316528002167,0.022519239334618423,0.29080833780081616
-8.118300391369969,0.010960181814993395,0.03516984333605881,0.28518696773616664
-8.11688992898778,0.011550456792912722,0.02718220510705814,0.27571680998518133
-8.115660761063017,0.01124154920098532,0.02700322976323295,0.24773897141870946
-8.112330587748007,0.01112744685327798,0.02361663844091736,0.26118888907795373
-8.110009801033769,0.010405915063549348,0.030309880646246654,0.2502029625378214
-8.109190636102173,0.011865114767904498,0.02204541355006967,0.27463607903281456
-8.105768042266472,0.009762819696761408,0.022128155662686867,0.2901163847069465
-8.103923483610071,0.00947416997852936,0.025400620074756727,0.28090003916953876
-8.103244947632579,0.013582484619783387,0.02762787816498425,0.20003286187323036
-8.102784456312412,0.009181177697969478,0.021004554972178176,0.2890553577415837
-8.095046545765136,0.011012819798865967,0.02613995383301307,0.2749937943446205
-8.089938375368032,0.009873270682974182,0.021539588337316038,0.2940026977026786
-8.088542130036426,0.010025034503190191,0.02625105624118852,0.259008352195878
-8.08647155850627,0.011088268553645707,0.02346094367700984,0.27337621308628346
-8.085909476389196,0.008754070527682675,0.019728026378725068,0.3049399870912057
-8.084496952414419,0.008802476136508178,0.02145272109354971,0.27954169150730657
-8.080253682741498,0.011335789817607394,0.03046565115440981,0.2211850433187062
-8.075475204604508,0.008397134439562094,0.019587200512078184,0.30317023872827664
-8.073283286671105,0.009229043831956834,0.023610442418276603,0.2669965460780802
-8.070100950591371,0.010255447128373039,0.020982606918590264,0.2733447854030005
-8.06649160065248,0.012121666046554489,0.0223050936694628,0.2449803345354676
-8.06543387950319,0.01007481200289337,0.019549323850850987,0.28554319434591063
-8.063792302289333,0.008194326838283483,0.02976862099734306,0.2407437361463565
-8.059434293995658,0.009627599873529605,0.01972877737864198,0.3023957349264461
-8.058841554225921,0.008775556158645344,0.02667620651139322,0.24145393398911252
-8.056597471233822,0.010234722422082506,0.024072920072832134,0.27543184247372515
-8.053577364926493,0.009891676829232178,0.024658891161991044,0.26661993225774244
-8.052501133884489,0.0072494186805706655,0.016059914099670444,0.3313649847954439
-8.048295505365875,0.007116922401331746,0.017023338240932287,0.3069060583250683
-8.046804954568218,0.009882991510674854,0.03011745511829212,0.22585050327107767
-8.041904759128288,0.00911297194990041,0.02385753709962257,0.2657729817054376
-8.038834390132262,0.008270348159349128,0.023692023572629825,0.26167841473733755
-8.034253448691722,0.008525412542378753,0.01584990165020066,0.3288204958836908
-8.029092562200033,0.007579254831149989,0.023260086416864147,0.2875549426154646
-8.028487408246427,0.006252820699504431,0.016824113649716813,0.325219389519842
-8.024521942446619,0.007109984239584566,0.013477770064656938,0.3231536652232334
-8.018334732238682,0.004540785497712831,0.017667661880635302,0.3146121830920156
-8.016225871296205,0.008338538771411401,0.01853032884159121,0.3101227645282679
-8.01365652357868,0.003105911097202328,0.013004913537940557,0.3328938622492343
-8.00994445839243,0.00640556236756674,0.01642415084935025,0.2878867551559349
-8.007764277862995,0.005909756822013691,0.018381356262406258,0.3045128970599692
-8.004391141495022,0.00564744816954217,0.016430160441748675,0.2866996044308072
-8.004209828088378,0.0060510587763208615,0.013169333226830334,0.3194543633244995
-8.002907483316353,0.007315973846946887,0.02296142297103838,0.2921164040307009
-7.997157509830186,0.00666868119909531,0.02282195103007682,0.28422614111475963
-7.994791821852205,0.005858767413666284,0.016771422115340842,0.31296013757211555
-7.990378019827155,0.006319112899555699,0.01914601032117671,0.29919975937352355
-7.988120796123978,0.004117825474236734,0.017012793229257365,0.31353555969623886
-7.984274301907249,0.005694719248511171,0.01594372149389446,0.307508570767618
-7.98245515122713,0.004362981571231543,0.014905445036029984,0.3034747299575296
-7.979463975221729,0.0036568276115653054,0.015063543594445273,0.3237117575419461
-7.974944281627847,0.004393562747386738,0.014958895083389925,0.2964672523923257
-7.971604276731658,0.004436099900349895,0.021191045939172353,0.28974658878311926
-7.970812074662837,0.00272118393376736,0.018359928576926875,0.3073656461742205
-7.965522112264174,0.004027889200653039,0.016101382883569992,0.31585492615974164
-7.963786255374782,0.004406172332309958,0.01787426455088537,0.29934634481478783
-7.959899068738027,0.004047770693370385,0.017341326591579522,0.30047389752108816
-7.958178492588005,0.005263251582620695,0.01765737082920146,0.2686847791435977
-7.953484565053113,0.0066385579702575356,0.023784243672594865,0.2978010137645283
-7.952021240174082,0.003945505879250402,0.018083085671232665,0.28670140952503503
-7.9502555260698315,0.004997618431522359,0.017398876393995982,0.28421933269674454
-7.946939402034914,0.0046545701688303215,0.022489782527532018,0.2555931834009983
-7.943966781150106,0.0057631175235885,0.016198762766014084,0.32037860027566967
-7.940364220438393,0.006280230828523254,0.026949812549224243,0.2634308832723196
-7.9339258759973585,0.0051762921175234145,0.028387184847239656,0.2621110311749615
-7.932868339720635,0.004632154824140509,0.01953884612297213,0.3014891709726596
-7.932177224375952,0.0020918129004693737,0.021837018043125378,0.2816201059738764
-7.930011039353683,0.007778026226437098,0.023536119564557756,0.2749447770659933
-7.927344042028373,0.006328825447233373,0.02537890648725635,0.2387668471502327
-7.919716688024125,0.00524809948854435,0.03190075580621147,0.2264769567482699
-7.9184302598618395,0.005541891489591307,0.024050225616906055,0.2818820322265673
-7.91328098385721,0.004070773238620598,0.023491628557402038,0.254008793994371
-7.909680376503801,0.005133675724649818,0.03165050142757735,0.24452662307639925
-7.906093394471064,0.006820399658306769,0.02570834590963108,0.24408868238332906
-7.900616397378581,0.002300129773047457,0.021322529740378703,0.2850883765759925
-7.89793794243447,0.006206327124780718,0.02918875944483558,0.23302368392162243
-7.895048648420863,0.006443724994114308,0.02297123381735624,0.2244231974930745
-7.893157491905306,0.004795230318923246,0.023407378405155586,0.274853870211123
-7.884896657436204,0.004248773703626586,0.026698206644636683,0.2618695625996988
-7.883154100918943,0.006868464546975645,0.035457194419025236,0.2241885466276184
-7.881543014454627,0.005075963814897969,0.028964530238650702,0.23398282414409424
-7.8800348377586085,0.004439419126702813,0.028817827906475503,0.2379319500167848
-7.876652202996402,0.004811849487404747,0.028842822417729893,0.23708668176539402
-7.873946945539483,0.004659588215588554,0.020968837893037835,0.28807003149469906
-7.871529350352761,0.0037238059616618627,0.03189005905617068,0.2303682051332281
-7.868083009360922,0.004810291871392965,0.02517083338182245,0.21883840341622843
-7.8639234097264685,0.004204689047831495,0.02444131801169119,0.256484150885654
-7.861899299413996,0.003191360535853807,0.024444690976569504,0.255869803123676
-7.858263542497034,0.0019471873859540777,0.030130385227127448,0.24411017240074223
-7.85727697833188,0.003083759183476792,0.02426038996899634,0.2519194343332347
-7.855964341455966,0.0041758008201740904,0.025612674403888796,0.24342663022994424
-7.8530340347798715,0.004554414263992892,0.029518330954241577,0.22193158574293823
-7.851942645083586,0.002761065103988663,0.030369088928850832,0.20920261811499782
-7.847805182334225,0.0026257008509160797,0.026814304872528057,0.26400813477277424
-7.845407943906193,0.006210181400763469,0.03249720440246059,0.2232181802247037
-7.83959048241218,0.0025681250860793035,0.027841120321905357,0.23898080890270074
-7.836570770268597,0.005605090917882973,0.027887893467289704,0.22547951898427798
-7.835323297347544,0.0024251267349841244,0.02585723997935848,0.22246708291779682
-7.831667300617438,0.0037582686357230514,0.027549119111397926,0.24680728819942527
-7.829227783373342,0.0024992807657602534,0.027963885464337156,0.2379463752067308
-7.827650692794193,0.004341354889355833,0.02601468390609417,0.2392245351322315
-7.826586675726994,0.005963734974570958,0.027174128732095515,0.24560841650403914
-7.823274052288737,0.004041796539790176,0.030599578840525297,0.20982374365454945
-7.818244007058739,0.004342831558420571,0.023185754251990293,0.26344480438697077
-7.813691263131807,0.005564208125510009,0.027618319885146816,0.23883702252385192
-7.810215010347485,0.008480883136129781,0.022419636880989503,0.23627603236200123
-7.80868061655637,0.0036045257000935325,0.027185067704748107,0.26684127745740266
-7.7998357504918605,0.0061565570138242,0.030531357873444673,0.22403091465616282
-7.795630475731307,0.005080929105721605,0.0290215134378632,0.24618784849832573
-7.794093625553072,0.004442882587067229,0.0295046819929471,0.24786835031095675
-7.793087791975815,0.0013149057956812278,0.028221658022525725,0.2428081660037448
-7.791791803751214,0.006363670915536528,0.0406546897672747,0.18504575234469708
-7.787198302268223,0.006635610399972656,0.038083884332290076,0.20513688000061223
-7.7845788875181885,0.005426025355170217,0.04276079245934872,0.19413686763098773
-7.783265287735219,0.002783133605753168,0.03148539224294195,0.20733999996121183
-7.780439837226682,0.0032807572918486815,0.034889482916020544,0.21293808001710599
-7.774350026207953,0.004974505679595301,0.027370614462575986,0.2318299208006657
-7.770641977935428,0.006440886356188079,0.03081126685694544,0.201723110300232
-7.770179011582564,0.008531597996928049,0.051492025994905294,0.08646278547666653
-7.764471808596421,0.0036073083877438956,0.026468316002865484,0.23913835891342652
-7.7621283050520224,0.006395520411069672,0.034309416523743134,0.2047467643206254
-7.75911598936492,0.0061003190600163034,0.03183767401636573,0.1941435198192274
-7.75836358895123,0.006032439259221908,0.026888234948693118,0.24611090268047864
-7.753498216193059,0.0037793485761511525,0.035291008009934524,0.19887066780086146
-7.751485508462881,0.006228712199909484,0.04032644856064124,0.15778766864628613
-7.74895504130694,0.0035148515046655817,0.023599652525616764,0.2513211277763751
-7.74713209160614,0.005750239858179944,0.03383301540849362,0.20213975780796734
-7.737985864663018,0.00415635487715611,0.030655389574074026,0.21578329983624642
-7.734609008332184,0.007433239537055267,0.028255052059687584,0.21678630282587844
-7.730212212228017,0.009630394908990945,0.0447342290670026,0.11218848713307811
-7.728537159724119,0.006158084521236296,0.041365716483611606,0.14506221232466687
-7.726458960503122,0.006133743521168971,0.04287213332683515,0.1522213160968063
-7.725603405878405,0.0031845916231677874,0.03978064918894411,0.17121727658442887
-7.723641946308698,0.004874651166303411,0.025766581018896607,0.25089219597669354
-7.721299174935586,0.009319094206142232,0.04249677581484285,0.12703641073924288
-7.717722834532217,0.00792509957210568,0.03279469950260149,0.20258541320453202
-7.714137176735181,0.0103327063995023,0.03225266280070016,0.19461525868897214
-7.706290039863258,0.004608915010264355,0.035945489778512314,0.1885789447924962
-7.706031941823804,0.006036667391229355,0.02476696292164038,0.2375918660029617
-7.704425276595025,0.0064483855796619765,0.04181440107537835,0.1500507150962907
-7.701199385870003,0.005161177371223317,0.023243248079645368,0.22088363473925454
-7.698389922747774,0.007736457484183117,0.0384483897271929,0.1639090421121387
-7.696357137881571,0.007456483482920162,0.035614653790054004,0.1821929625159216
-7.694323888315175,0.003970273983978511,0.027216075004789658,0.2199210612144049
-7.689914321081474,0.006896494109657531,0.030020178916749896,0.20245122850266556
-7.687646998759734,0.007080333648475511,0.03233057526752758,0.17797048101692073
-7.685235057261069,0.005645071400771037,0.033578658772965245,0.15400835614170294
-7.683028778200782,0.005471565431628638,0.029977643035217105,0.18687987738137213
-7.680434621686251,0.009159937542721165,0.051618093221126586,0.08128079934680842
-7.676339024841532,0.006653567198055738,0.030212528458526202,0.2100422377250322
-7.6737594208084285,0.0059354498566415665,0.03729108691842591,0.1673659432343125
-7.671839182584444,0.004993484749724608,0.033692658012073405,0.17582737753165908
-7.666967131246706,0.004869686146082276,0.037882794921541334,0.14229129939034302
-7.666729082490267,0.005058332440719582,0.03480327011207569,0.1639327914259872
-7.664435645075341,0.006425041443197734,0.03458699360595961,0.1634100287372881
-7.659883963420513,0.005353350885776209,0.032397429959577694,0.16708403935804145
-7.655149743908745,0.006012868222503604,0.03699589062267495,0.16521447038548476
-7.654295693019691,0.004562604904456975,0.03616907270638474,0.2026288087488174
-7.6525832325380865,0.0059898344483099155,0.034927662779094364,0.1749759368701307
-7.651284819384636,0.007542965964159525,0.04397190707565561,0.11094722176451446
-7.648580572691938,0.007115542450492772,0.03882197302466587,0.16720792078185373
-7.647607106605832,0.0054821220357620095,0.03501867390356657,0.16597172265848706
-7.644716131761915,0.007829262838243744,0.04104956580957823,0.1823129705521803
-7.64256519491876,0.005197051657504988,0.03835440649998621,0.12253218553684143
-7.63937974030623,0.005532829907193785,0.03591203595772485,0.17371495097771186
-7.638758008978103,0.0039690023359432456,0.026856230901464034,0.19150389215721877
-7.637913357664416,0.004548302795899112,0.03702359678146649,0.13599036766853986
-7.632435686263324,0.00602539006581452,0.0395841102279066,0.1341067289730371
-7.631858285087031,0.0071733919110517665,0.036942935510269614,0.14586570935580906
-7.62883064757473,0.004513903130027844,0.03690336027085713,0.14137757685734198
-7.627818206950636,0.004580701754898881,0.04018077056920031,0.13256267306907513
-7.6234077271154055,0.007911289551011036,0.04649716004475573,0.10142917522568425
-7.619713330697511,0.004616468205910552,0.04334549878678846,0.10839964430505651
-7.618391642294072,0.004959811722450737,0.03859292420774057,0.16297415141692237
-7.616187944319329,0.005495002673721629,0.04269403198622897,0.13768974847919896
-7.614662987341,0.0019060549582816527,0.03621644740214855,0.11327819599255011
-7.611313757283839,0.003085491382109045,0.040646376144204514,0.13069546253445682
-7.6099430919524105,0.004046985159799332,0.03764285125335598,0.1413247176176658
-7.606355022082709,0.0012331446028618926,0.023703666317554023,0.18579089984201005
-7.605214944852564,0.0007986145160466102,0.0315175716983812,0.1341790912514876
-7.602722936524477,0.0029279247414163117,0.03411110074130407,0.18556415497991943
-7.600651038692072,0.003395726551741581,0.03264398077099573,0.14418180191043112
-7.595787337398149,0.0035200040356935317,0.03069042087004293,0.17201989165429799
-7.594732462316008,0.002328367387581919,0.037252461615829104,0.14505749530503007
-7.590903181838826,0.003513392135213594,0.03471442955843157,0.1521343482315683
-7.587707811031263,0.004422392310184126,0.04335035909864606,0.12723259203794943
-7.584270558540917,0.004324373727702867,0.04317689040754068,0.12504993339516482
-7.582163310759723,0.004043904234668431,0.037223429167558046,0.15626763098954122
-7.5801557299002695,0.0017041053355523088,0.03701520177684066,0.15491911313183648
-7.576836352027789,0.005175027795556406,0.032485151677246235,0.19374810425279457
-7.574634307832308,0.0017514553736285542,0.03679058697973488,0.1467797232666755
-7.571312466274631,0.00382445707464642,0.030490688455563866,0.20597973445414847
-7.5696034651061375,0.0016369349405552657,0.030357051927324734,0.15668966556690994
-7.565182097978134,0.002201883638623322,0.021092539888970505,0.21187202754374868
-7.563362619515853,0.004921070127276506,0.030031355479692174,0.1687369090018763
-7.560690677680253,0.005172251514607061,0.019010164728045363,0.22345905994595433
-7.5573644036964005,0.004200254331294671,0.024433289020392164,0.20217531240307346
-7.554828112378025,0.001994710395700433,0.023198080120846315,0.20703733295404694
-7.5477299839699326,0.0028261823349299844,0.02728834949940879,0.18168361778135553
-7.544926434660352,0.002079740687084526,0.027588254013986648,0.17774022823253627
-7.543407399950337,0.00046895214556058634,0.023629049443880168,0.18470644497246488
-7.54041246437469,0.0002617702497798622,0.024236593972569945,0.1825356141986344
-7.539349804652238,-0.000977513038262959,0.02581342386086044,0.18734286558209753
-7.535428978522668,-0.0001524271880234416,0.017336928838256147,0.20933258377391817
-7.532473953550883,-0.0005386120693266378,0.023260601828350956,0.179313242730822
-7.529910405588896,-0.005500694321426157,0.018774192340117728,0.17197008595265958
-7.527840490062253,-0.004888884229027815,0.019792192744100295,0.1754289523367742
-7.525395694560825,-0.0074235343236080265,0.012532479267593767,0.18440679058337853
-7.523155672726919,-0.009557910820188876,0.006589388771744412,0.20471857759828418
-7.518549255793155,-0.002759080007007115,0.026366210417061584,0.16213568934501132
-7.515817439274762,-0.0014685501082327191,0.022536720127722995,0.19904956955035832
-7.510248478174416,-0.006511902902103221,0.015562792411695902,0.2048419835431022
-7.509148000806219,-0.003924505836909056,0.01666178202960525,0.20267671271889587
-7.505496823659178,-0.002839265636029404,0.019420202999594054,0.18070809818922415
-7.501792813530512,-0.00513670154128114,0.022930022812078333,0.18324219327741972
-7.501233198759889,-0.0036082398537233312,0.02528334243754168,0.16656362130868177
-7.498721675946379,-0.005851325444954781,0.018650504655407223,0.19529043727287226
-7.496588563455065,0.00012679724602890648,0.029374436450720805,0.17105514599674754
-7.492260003337188,-0.001218273448281518,0.023598943277370842,0.17065019359354175
-7.4842376039883645,-0.0008314310287684294,0.025324769348450377,0.19730508967066276
-7.478510940723366,-0.0015918245513841679,0.026807279582831283,0.19240729348845334
-7.477846204766716,-0.000572611531024089,0.024380520458435456,0.2076438028437533
-7.472971893632176,-0.005889031347092873,0.01741510284340252,0.19260062604001846
-7.470954831518353,-0.004174457630515668,0.016286877207040175,0.2320818673654904
-7.467970369608471,-0.0024961953719342973,0.023414790001633268,0.19137952048239681
-7.464447775326734,8.401032983961141e-05,0.03775030265133294,0.1255804601431854
-7.461331112147139,-0.004361137619776415,0.022011626923929693,0.19803708340792076
-7.457954762567605,-0.0027497104789988036,0.02538481113494213,0.19497492187667473
-7.452647881081588,-0.003267340964184745,0.034628209597812966,0.14257799127538665
-7.450499596267342,-0.007066527790416802,0.031289713516453925,0.160241299392732
-7.444803327015245,-0.0007288812713913684,0.029796890062416908,0.16173058189267298
-7.442926824101725,0.0015013698305967466,0.02950142508536214,0.123280797309196
-7.435758258047489,0.004145574696927281,0.02796881879061852,0.1657627527874464
-7.427991070850055,0.00948777343203956,0.0208909753123603,0.1036630318160561
-7.425101319629096,0.001140577501186034,0.021497356367352585,0.15990736927582297
-7.422587550646639,0.005634476153300753,0.016530484495033658,0.15378882263407512
-7.420423634093302,5.1893312872887516e-05,0.021917541364080775,0.16578363728764384
-7.417031684246977,0.007004984842250944,0.023504180664910737,0.11251349148777684
-7.414877245439032,0.0066791466140227445,0.022210119666153164,0.12028945713739848
-7.412374352870743,0.0015845844526491929,0.025187672610943745,0.11035443523381992
-7.410346771213532,0.007265653875291185,0.024302423154286344,0.10648730335577082
-7.408495752731418,0.009875231783604827,0.02199646937090181,0.0959540808628686
-7.405487287749196,0.0010008461165513214,0.029854059326890912,0.11514913305728887
-7.402968802247063,0.005477653383634565,0.024385607995548255,0.13208272782006414
-7.402572751856822,0.0009568587963283363,0.019971277151579023,0.1369923377276254
-7.400034349972087,0.009018722152264116,0.014892200117981499,0.10180132005069899
-7.39447214202761,0.0005718871128584333,0.028098286261786,0.1239610562808146
-7.392118473313374,0.005642938978085715,0.022077083863555523,0.09900539432544234
-7.390446114250344,0.0010411907505231037,0.026286236170514246,0.13574993036238234
-7.3830819381931585,0.005707175975922094,0.021246009318852527,0.11569310588844776
-7.3803898765697875,0.005085154513584962,0.01985861993626394,0.12278590928211389
-7.376872053226471,0.0025166017630043,0.0310648940028529,0.08180309040129342
-7.372750996562608,-0.0022772113159622367,0.027552754882852692,0.12363543897476985
-7.371335882581781,-0.0006128394701744594,0.031355689124481584,0.13001855141917953
-7.365836287310571,0.0012722302704884642,0.03451475210559928,0.0923268979819706
-7.361502550316488,0.00402932028033149,0.027150920728701185,0.1418809728499131
-7.357231537555487,0.004085583735887833,0.02608263891436406,0.13098710541969955
-7.356066107246659,0.003007001109501258,0.022766198027522295,0.1362271666800505
-7.353026480602303,0.004358300261478036,0.028406373984026383,0.12502281441922677
-7.351586530279696,0.005542895725219869,0.02671580310935746,0.09946689376423722
-7.347950245735257,0.004151427899328892,0.030874985614238255,0.11109891375298443
-7.3459526711539125,0.00294745624985372,0.02840454315440226,0.12820208842051464
-7.343600450303535,0.00409749518857522,0.03611509937302045,0.08656181796721411
-7.341000009718418,0.0017056440734425377,0.030061945170697636,0.12014656027881157
-7.338865768947835,-0.002016120633230335,0.03410992151142822,0.09893223935666791
-7.334156769106629,0.0027296763913674986,0.028837658302644408,0.114283565103366
-7.3317936638246834,0.00349465139521816,0.028006325107690546,0.08339111427918094
-7.3258926582379775,0.0012618570417950717,0.028397134435732555,0.11009549670463041
-7.325334857948734,0.0031410857381440325,0.026919027820734572,0.1400905425410701
-7.322892037655497,0.002648743053146399,0.026850350413375367,0.1162663862116839
-7.320714532838057,0.004514679195265728,0.02919038377720754,0.14580645001403245
-7.3201551731881045,0.004903423842928389,0.025632596382804823,0.16224635884080307
-7.319273830294725,0.0036159632253554095,0.0281316886283625,0.12444809876505007
-7.317001215957731,0.0029121939839194724,0.022534594658853678,0.13578388108263273
-7.311618061852695,0.0065531626496283775,0.01817623858972604,0.14679079974691567
-7.3093590349827045,0.0038966032778443927,0.02444106247072179,0.13224072868590955
-7.307977619543684,0.005701370529392272,0.026298652824427504,0.1189557357606104
-7.3028448038114435,0.004865781929077619,0.026931071262170134,0.12480370671335236
-7.299451202782277,0.004657287338348579,0.022516695748306365,0.10910149663575243
-7.298412647078979,0.007037891597643234,0.025666577382843093,0.08386461062587922
-7.294679610824906,0.0015069207757119998,0.023018082300597615,0.14766748903725593
-7.293204724777412,0.004656023077175607,0.018449622375421307,0.13867090790051387
-7.28897153701931,0.00406563543260681,0.023718249056755684,0.11472153141149793
-7.286953810669462,0.004243767981556759,0.022807546855242566,0.1085547915153516
-7.28264049153797,0.0024955566061925904,0.026366058814660552,0.14730067477143488
-7.2805142063105475,0.0030495702426660124,0.023358855052589687,0.11503511789956573
-7.278092699060785,0.001584960686353724,0.024490101108654804,0.13227156197896686
-7.27619742829862,0.0023886779004218778,0.022308012743435045,0.13117254204805048
-7.269232996772366,0.0050300688579417155,0.030046768792492677,0.09725706370303773
-7.2664108781505155,0.00430863361516774,0.02716547511796421,0.11365692374722886
-7.2589510124124255,0.007407508187025772,0.02391508452333006,0.12759766157835375
-7.25405271671842,0.014164440533530763,0.014545544702075882,0.10954518219981463
-7.25001161097956,0.011273207925308573,0.017022770865684128,0.10760265038951308
-7.248008590923074,0.008800135301708156,0.01658136071709412,0.11711509307899076
-7.246186198893532,0.019935082638764416,0.015959781368493117,0.06864694511523345
-7.244038453621002,0.01301729350032123,0.01620535269005734,0.09118873326070312
-7.242909179626864,0.022707195036199956,0.016753982375348926,0.0639643459996076
-7.23915554552268,0.016108620957731017,0.021281123914448002,0.07511033075219833
-7.236693775363508,0.022557252131596536,0.01973372911185415,0.059787710032156834
-7.234690526643193,0.028617191673686555,0.01936540100162313,0.04395301220547667
-7.2306574881282355,0.021123593826457895,0.017767200684404252,0.06067223038821878
-7.228979395591065,0.014852582418359399,0.015270810678147732,0.1213848987794675
-7.226832319688354,0.00697518188013446,0.019010047055124563,0.11359353418448963
-7.222969519307749,0.01442265716428511,0.013502869187152274,0.08764507476857078
-7.221423261093703,0.011038071452804998,0.01402254500129604,0.10389093445500781
-7.215843073793807,0.020880905191075567,0.0134321686504668,0.06319362742198258
-7.211820148435567,0.012933930981240037,0.009976539524525742,0.11750565165518351
-7.2104727505146,0.010411529436349622,0.010286421079525807,0.15075829782730293
-7.2052957688997346,0.005530528594075572,0.009711956474403495,0.19119705899185768
-7.195911770076854,0.023469482103462027,0.014217603007617142,0.07635666367975309
-7.19182853372203,0.007086358374015316,0.01143776297304235,0.16984219706058395
-7.18787400940064,0.006965856350713888,0.010620087069135586,0.16474363459494676
-7.186557672448704,0.011014436567328164,0.011961212275781698,0.11922698468146262
-7.1758362012451915,0.017004812640426963,0.01187158257080238,0.09815182264721449
-7.173387406238964,0.025598295387388423,0.01436763773424982,0.06993955869388466
-7.166260481317604,-0.0014504885611728165,0.010862048267367898,0.19889560080123797
-7.161590772109432,0.019399796057043547,0.0137880069357651,0.09313065960203604
-7.155053988007136,0.003369181223295787,0.013190647678310963,0.1778963024637389
-7.154014495646065,0.020946928206598218,0.015010993538030523,0.07420531257199674
-7.1474950275646965,0.005590184441253154,0.016342529890047502,0.1357306173164406
-7.145155174950505,0.014778230683748315,0.016124542866393955,0.09681026600339866
-7.1426116027599695,0.006418909492649988,0.012663731034137952,0.12943584026925556
-7.141786251959168,0.005821451151119291,0.016313225912056088,0.12688935212958224
-7.136008094818562,0.0027023966375104617,0.016239101727961183,0.15786956300995808
-7.133338499543938,0.012177193242379276,0.013737677179112015,0.0941859150205433
-7.131745960875148,0.018114019766977293,0.018640175913054037,0.07555313822584389
-7.128893008153896,0.0007187646898217015,0.017300341566915216,0.12526872207721432
-7.123944076088744,0.008839592588734247,0.01783166876024677,0.1044230348851689
-7.119006652163023,0.00373099938870493,0.013056957798754515,0.13320683869797875
-7.118759597441413,0.006062740299324225,0.01914075059404382,0.09009401613572839
-7.117148087157042,0.011604636046291698,0.017222640696997246,0.09286357193551617
-7.11313162287727,0.0056872378298327255,0.014395368043184057,0.1281296478655957
-7.109930941194826,0.0071608532958591315,0.01788154436897727,0.1108595863626437
-7.10687948319506,0.01637364383779973,0.019903468806274808,0.09186125578115378
-7.1040557080378415,0.01107749889461535,0.022351188334920762,0.06819553220374502
-7.102274668689959,0.010983944660809496,0.020768177332258914,0.09161061104448848
-7.099099658275192,0.01153957779656728,0.022090290592951575,0.072649703582527
-7.096459214855077,0.0007307313421068642,0.017042685719678697,0.09650607927272174
-7.090808119921232,0.009040062699309313,0.019441023709708818,0.10613569065228282
-7.087937765281266,0.004444831760738863,0.017446361121556012,0.11215132028333101
-7.085857264340836,0.012742857947420694,0.018473923127272612,0.08333090806459456
-7.082334642199823,0.011483173920757556,0.019808305104879208,0.07829162673645042
-7.079140796261776,0.011404072720082778,0.016023602164394732,0.09837139916935166
-7.07734628080355,0.015177222210503044,0.025694247502529622,0.05952496053865289
-7.0754808374587945,0.0020685925543149097,0.022137304723920868,0.08433783783957964
-7.0744733951754695,0.012472544175447258,0.026460132838888935,0.06177402674360375
-7.071784669111551,0.012959830289543289,0.01928015940358236,0.09631512169961153
-7.06927823281262,0.009685970394513299,0.020839124415510255,0.08005180808928448
-7.062659914114245,0.0075000020766332245,0.021476936146576565,0.09297805727619698
-7.057494864082334,0.0005168815618696275,0.022127089883266053,0.09633599438093006
-7.055804340992328,0.0031791007833676076,0.02245177211572042,0.1054439068079471
-7.054062633248852,0.004561960810270716,0.031463663999186105,0.05637843205215062
-7.05203439125228,0.004084663197040443,0.028015217144713656,0.060999108805904055
-7.050116375488872,0.0006668726630233733,0.027299320138688275,0.0734767534665361
-7.049542636902962,0.010719664731483284,0.021883947845321345,0.0809061313302558
-7.0445477593872,-0.000970725633959444,0.020949114615257555,0.10867668719312248
-7.042485847510067,0.013162612750908574,0.022450713116907665,0.06731422719851278
-7.036971855974425,0.012275974067984958,0.02012893742201139,0.08197823767819967
-7.036141861182535,0.015693590535217603,0.02429628890170038,0.0753771786428461
-7.033776301853434,0.01538625601865706,0.022760618873222952,0.07317458930077622
-7.02778788923937,0.016564316054197392,0.020880384636451015,0.057037102247318804
-7.020101461410309,0.017292062652185056,0.01649086898394747,0.07286379031639265
-7.017586692904676,0.009915977745879533,0.022503073454928146,0.08024919264642855
-7.016245354601625,0.01069747446162652,0.02015426474925628,0.08298004558095914
-7.0131106990514605,0.010401968528527528,0.02427487508534128,0.06954205119748429
-7.0088160146926155,0.01175195225667658,0.024246108145520934,0.06482799595804341
-7.007285498820755,0.0120536090511062,0.019210295473407826,0.07483008570181619
-7.003763535548508,0.010813614912528136,0.0184227265472447,0.08174286079643615
-7.000260478381288,0.01638905220104655,0.022610154672658696,0.05576007484077486
-6.9954636301666,0.012568550969095947,0.019774325744091725,0.07041247246379032
-6.99184378245047,0.009158571895667263,0.019620369443639988,0.07954273768655958
-6.988791379461088,0.007982171700162669,0.024635795431900552,0.06742494465487414
-6.986697835254948,0.00416679645760043,0.014880098433086596,0.11509102103832945
-6.976891333129298,0.013265047615023774,0.015917562339737845,0.07571397351428485
-6.972741406877617,0.014515248678680934,0.014696001927417346,0.08014609797300852
-6.96969192046615,0.014787953499352283,0.011359446913958595,0.0780367436141215
-6.965323597697972,0.015004921572173292,0.016088800488119365,0.069423433275144
-6.963287451610686,0.0055239044790418804,0.015811403592962497,0.10286504752778207
-6.960235888000097,0.00865314307210233,0.02687795101980669,0.05093870635884881
-6.958136683267715,0.007445111882408892,0.015639491378332534,0.09684048734058968
-6.952406217458348,0.00518184531290268,0.026230610473818885,0.0603755157555884
-6.950689132570034,0.009949885107242271,0.015329639514368252,0.09307777353982612
-6.947906152463312,0.009789193175429829,0.01827355310829363,0.08991160329561158
-6.946166601361871,0.007363117744973087,0.02357122807482178,0.056305398600456046
-6.943457237642743,0.001835175503123911,0.01750989044228186,0.10337930667175349
-6.940904858844659,-0.00046738231801090593,0.016571473503549226,0.12131097925334992
-6.930651577699125,-0.00975510692563046,0.004688262237873465,0.1396975844625388
-6.925371930496574,0.003996934986089056,0.012015304823805249,0.08412757216603964
-6.920855349404773,0.008934417505821024,0.011967798624650174,0.07179733168873535
-6.90876594771984,-0.0016860135959902512,0.010397789571652194,0.09395416399822024
-6.906332193283698,0.0023489999774063707,0.00713998745781191,0.09872674526195495
-6.903900983148095,-0.00239032296526828,0.007772897027035492,0.11004215858915396
-6.902880335665279,-0.007548196979122259,0.0007462751998255024,0.1180842987164556
-6.8996660840169275,-0.007189506432224282,0.005726595786036893,0.12097293594221245
-6.896320306959906,-0.0003133127633655369,0.006979518557919166,0.09360221706736235
-6.895223807295257,-0.010429289321844207,0.00017349924581827977,0.12426546568144442
-6.893098650713962,-0.004605261102824167,0.01596198341992981,0.08199988309473677
-6.890050408431507,-0.018862395710345432,-0.0022143626963779563,0.13852203462911686
-6.887361985588543,-0.004470597621810081,0.006766978189839035,0.11372807241131844
-6.885024537695744,-0.00692853017068029,0.003925644283589058,0.0902896902148982
-6.878708077464539,-0.016708931199123662,0.0037244037755899528,0.12860825887220043
-6.874988775808897,-0.010455095706088146,0.000750431194097969,0.11838555226027521
-6.874396636523067,-0.038062504260216554,-0.013141331369716206,0.1567721230234116
-6.870691228644792,-0.008895162158291794,0.004779807933478126,0.11548729030079827
-6.866788030519208,-0.012112727998264763,0.004667575115371587,0.09519325314500471
-6.864899711659834,-0.00712591295534848,0.007185781172449716,0.12470785419576048
-6.862955414724784,-0.014941584090589469,0.007269033461693175,0.12437755085010407
-6.858054301607627,-0.007330046845717877,0.012829300215684923,0.09803643959250276
-6.857610204012493,-0.011213739526340806,0.004923298266717629,0.11294315314510023
-6.856079238494238,-0.028563789008737427,-0.0033469533811047456,0.13241291712827616
-6.851748685393455,-0.018838760483032613,0.0024989174522685297,0.11530975611970293
-6.847975750409177,-0.02420645795119716,-0.001198778832009001,0.1377531396724157
-6.843619587140343,-0.019799313156175755,-0.0016538365294639318,0.1544872948671544
-6.841654986144282,-0.019069369415572364,0.00548117030750234,0.1222416038685784
-6.839437006356887,-0.0058941179105623685,0.014893476222257604,0.1109072574646963
-6.835310119475214,-0.020502316361801106,-0.0019296880732534703,0.12759179456679431
-6.83122132464109,-0.017439779319928603,-0.0011377792554129289,0.1380979610114766
-6.829393920982629,-0.018139843943836605,0.012016321620706765,0.08546142786395594
-6.8257834601872105,-0.01946166132182829,0.010945021258135432,0.09894324757310419
-6.823666366739365,-0.006309526856675375,0.009298085953208208,0.08167223389165192
-6.821888859652232,-0.02866580263949062,0.0075650099018112075,0.10667132567042964
-6.819411143200699,-0.014730086194319023,0.010867139666318517,0.10338482850299509
-6.816135526048199,-0.007668417821520511,0.017625465106860562,0.07295221556408943
-6.813083945015712,-0.007741009138770494,0.016744163887895267,0.07728713283883566
-6.811335244229899,-0.011635859713844385,0.013356773647202216,0.08861851221488735
-6.80417387561973,-0.003824291032046752,0.019029161591466774,0.06353200697961393
-6.802660879809947,-0.001164622329146512,0.017375443798526888,0.07032824070721073
-6.798657099559612,-0.010424518719965123,0.018660736116458156,0.06291488754199133
-6.796982638639583,-0.0007527928683003034,0.016350264395689287,0.07823384467127167
-6.791528041258309,-0.0020528623801316045,0.017603119351296312,0.07133396247474938
-6.7904204053613055,-0.004714579131617791,0.019808718825423146,0.06992929943676868
-6.786209268213364,0.0030125632611296693,0.0214351609412859,0.052495598886523866
-6.783121675744081,0.0008904957778676074,0.020376506882225972,0.060621708676116166
-6.779746588849592,-0.010877483785969418,0.013009571522015317,0.11415177761050936
-6.777867954736943,-0.021172028734862045,0.007759998227542214,0.11127584832430455
-6.76934368127662,-0.008869109836409655,0.0029855581426257802,0.13972602358039923
-6.761617694194089,-0.01623329179358078,0.007548017653810175,0.1493809245326239
-6.759512156110229,-0.022859478319269665,0.0036673771613170594,0.16631512053680955
-6.754875206053507,-0.018391074803127842,0.007501210219633963,0.15481454312803752
-6.750654481379481,-0.0033979525836266484,0.01325174442959581,0.12089302847161747
-6.7485403282664755,-0.015461142850498094,0.007557302849210377,0.14758689886342408
-6.746071256775309,-0.0028803835304966026,0.01582039144151487,0.08062571018418872
-6.740880001267753,-0.009975576699069493,0.008932347392615825,0.13133053730074581
-6.738163006053405,-0.021418434416718948,0.0038540058616192622,0.1599197785898144
-6.7331076878196505,-0.014428005139337365,0.00582088951581692,0.13896282434424329
-6.7316042574882635,-0.013873174623130521,0.009586190066664781,0.0733154624258951
-6.727812568307629,-0.01081425384705685,0.008432883871711686,0.07507025567282734
-6.7222332561071845,-0.022899764620115823,0.006361510867567554,0.13951088918158103
-6.718853482495893,-0.006738690060652888,0.01222117208097331,0.0705704730348216
-6.712500646989543,-0.013967967340838607,0.008148428106205403,0.12254226663343559
-6.710834327850145,-0.001499105339080549,0.013803266141639339,0.0647045542136866
-6.7062919164455455,-0.004114268739410834,0.011033399663720168,0.06837120774929217
-6.701867264912604,-0.011300682818289531,0.010767122687180808,0.08185555042726317
-6.6985719930187,-0.009569958665405689,0.0066926874536150475,0.14581225439490858
-6.692565543423978,-0.0013069194503061432,0.013115489187395062,0.05299236871479396
-6.6907750096934375,-0.0060799728993977025,0.009720914015359926,0.10259923595051179
-6.687476048602177,-0.005824320123395641,0.009988444485389493,0.07955374529893647
-6.677748271953811,-0.00648656397217909,0.01155729435531583,0.04688907689512028
-6.674282380636235,-0.007568896101560655,0.010580987820188006,0.0731575376737732
-6.6699826810084755,-0.006325612856876765,0.008407076366827393,0.05121524228991238
-6.668240988735514,-0.005724016611625036,0.009270545693287698,0.05452645934984429
-6.663167169876351,-0.008866962055815643,0.009606478276892247,0.06223272229945161
-6.660367031345905,-0.011898135485314909,0.010410265959165242,0.049846798935337625
-6.65688890106724,-0.01775637358553673,0.007346147574862691,0.05551837022544907
-6.6499391440520945,-0.01462900944239031,0.010014878098831016,0.05629597691008152
-6.649486326416181,-0.008695618902901698,0.011336472020650782,0.05185843935055138
-6.645541046652995,-0.014055372721045524,0.011879668442621146,0.04014626350284293
-6.642644864553745,-0.016480192424217957,0.007112942430882362,0.06232218918097089
-6.636830634248079,-0.024266722508673927,0.007390379252555362,0.06048735468106205
-6.635634649637491,-0.01241132320925796,0.009812783908596667,0.04500822795277251
-6.633485033799321,-0.01292076046429153,0.008878914338665729,0.046344530766050766
-6.628357016988237,-0.013825039884614462,0.008878578054674425,0.04006045948216454
-6.6274134049036295,-0.020023320070193515,0.005670847516878776,0.05783600775589471
-6.62459659522628,-0.011077800834472204,0.01074723148452,0.04576222264813912
-6.621332648217183,-0.0165953800139971,0.010703806138803954,0.04748040646756265
-6.620156386183206,-0.013567694073017025,0.008762344391831862,0.052897937699114335
-6.618116809311904,-0.013771695412391498,0.005139542193059956,0.045467188956214474
-6.615896136402666,-0.00044271315869523335,0.008124990078915182,0.05073387526120865
-6.613129653062697,-0.014313689974207242,0.005634926555364097,0.05768790355044538
-6.610910760394424,-0.009826205747368836,0.00642106352381863,0.03265838230459795
-6.610813289845175,-0.010316412478071652,0.00631983397290587,0.04664931855055539
-6.607890675860214,-0.010032987950508731,0.0070115539421506945,0.04558859820476663
-6.605789576290658,-0.00888589122742506,0.00898005028541781,0.05370450771773158
-6.604557162285086,-0.011964405272520207,0.00696307538799058,0.05034311287815619
-6.603681622332827,-0.012628698687117489,0.0053351201591940985,0.06403138946757882
-6.601765298863633,-0.010789120016441289,0.009324836025050484,0.04669783630611443
-6.598106092621656,-0.011739895816235746,0.0036251669482257414,0.06605980306961862
-6.596143548764812,-0.017663562214821713,0.010530253719719291,0.06651638675947191
-6.592847125655164,-0.01652746918263536,0.002946735742673452,0.06247961328395529
-6.592119261379507,-0.02185557642807383,0.0016092181907299246,0.07231758876428136
-6.590948167180191,-0.011546906815540983,0.003307598355209715,0.0606630270062846
-6.588252792527463,-0.014658547365453687,0.00441014239767082,0.057963281935427616
-6.5842160714552795,-0.012660802559645407,0.0037267747484071544,0.05164910229182333
-6.582464717949901,-0.016637958343034675,0.0034368349716954794,0.07533954103215404
-6.581848217317327,-0.016250932007531044,0.004382724752291892,0.07595559433279618
-6.579370309892884,-0.012580171702076497,0.0024091391475897722,0.04997415803255559
-6.5776499480066395,-0.021469796607973397,-0.0002752694492018989,0.07188540133094684
-6.575348613488975,-0.0178225048060512,0.004138184813144374,0.05916605242545931
-6.573731279678683,-0.022092996777346614,0.0013263241590252568,0.08817737933974491
-6.571122152255277,-0.013946680740862302,0.001726192310081431,0.06296243146145719
-6.569386582309858,-0.013440032512524628,0.0037497964828379555,0.058104937668541065
-6.567491673441124,-0.01723225437979287,0.0032029069821076124,0.05524268463222567
-6.5639029789923224,-0.01835181873930646,0.006148364256536152,0.06605506374857183
-6.562475423826549,-0.01936546682131756,0.0002086050740644083,0.08115777720666151
-6.55929146285368,-0.019419936679453312,0.0017968706031595946,0.07558485747121917
-6.558805460678423,-0.011093557457645922,0.001425271238478244,0.0569687293899678
-6.551861372458617,-0.01323879164989361,0.0006299966982004926,0.06286481416103672
-6.550431791865454,-0.014732548450141526,0.005440965143905304,0.05884869232031466
-6.547421713360162,-0.00995800241116727,0.0034367576746049677,0.05732669261965743
-6.5441468458291645,-0.0118018135033773,0.005409516255012616,0.04948325064820464
-6.541529029138216,-0.015833787515422738,0.003676803061707886,0.06544817799187048
-6.539786649734913,-0.014735433412540824,0.0011437758741497108,0.0720347595842613
-6.5377199517376905,-0.016821791181311066,0.004675491437429655,0.057358586772126706
-6.5334635153374645,-0.012094932125146224,0.0032075393586367133,0.05926125992970424
-6.531226303862167,-0.026676767384730578,0.00424849661326158,0.07022177787480735
-6.529810499622341,-0.025651889833587776,-0.0007996748022240572,0.08339083495465731
-6.526257554120914,-0.02356589757544941,0.0005776068182660987,0.07834867211764432
-6.524771469406182,-0.02609369607848359,0.0020346383243923364,0.08515112926888727
-6.522861623462307,-0.018104032374584952,-0.0006393003900493947,0.07755882091624884
-6.522079973887717,-0.02631554532653212,0.003393312889780842,0.07469973312777443
-6.518300735586429,-0.015996885666223884,0.0006911583065184213,0.07280903088000241
-6.5129821115610484,-0.03031278049110801,0.007537319984326914,0.06866942244314421
-6.510798637723941,-0.030874446117022218,0.0014134216181658965,0.07909645368173579
-6.510240417271951,-0.0213724230108116,0.0051625747307070275,0.06030710255176019
-6.507645731530319,-0.02952696371498492,0.0027262005528445,0.07668154892675964
-6.5059095149250785,-0.025127025490805786,0.0005293131853763743,0.08811526575605906
-6.50293775388063,-0.029742452993181723,0.001391887084294422,0.07872202872970711
-6.501229041012089,-0.027813439193300902,-0.0029844227843224902,0.08899234748101117
-6.499172629366207,-0.03175116636305915,-0.00033223832580245554,0.08224537851840477
-6.49565619025291,-0.03133539612798563,-0.004267093154803247,0.09241493545112944
-6.494442824118325,-0.03443950537532516,-0.007694579836212237,0.10673173765715431
-6.4906682158078866,-0.03388764609191607,-0.004242877837581985,0.09753246081720718
-6.489700994737308,-0.0316530868205254,-0.0012117327799479045,0.08262426635615776
-6.488028294453461,-0.023652889725891073,0.0026203893474471937,0.07081489318244907
-6.485476952374126,-0.028624413728478536,0.0006413033848411973,0.0871624795177065
-6.4840640753325784,-0.02828428532001742,-0.002285482518454049,0.0856251241384582
-6.481419249202128,-0.02128793321772442,0.0016677860769927044,0.07108697225862265
-6.479015094896721,-0.03367588626399535,-0.004496246920302563,0.10320110813167248
-6.478434734230529,-0.024754146676632147,-0.0017766955543419495,0.08649354887994051
-6.475998882969013,-0.02817323647760809,-0.000580522094871069,0.08127563856706711
-6.473838742328716,-0.0338670150885985,-0.004511347421853764,0.09997323435679141
-6.47354530204507,-0.019654760555558485,0.002884344039013599,0.06961311528382275
-6.471835557327579,-0.029129168657375495,0.00013930284376315735,0.08128139103089042
-6.467424162977828,-0.028816018572515877,-0.004052297458333656,0.08849853656454026
-6.464110051737126,-0.027360082608368183,-0.0013695623937256456,0.07850008822039284
-6.460903118839129,-0.02225300326581491,-0.001277641282117232,0.09617251302452175
-6.459902571183661,-0.02505780314332362,3.4425248626510056e-05,0.07301616028421111
-6.458495753734275,-0.028231581381394415,-0.00422095715233466,0.09147517715458532
-6.45707638383091,-0.022955465125783094,0.00042942381197548767,0.08147049479494697
-6.452690212816983,-0.020968997929751685,0.002191751465216325,0.07472094811582541
-6.44993113753996,-0.026073465284042533,-0.001275222002059319,0.08622723337920866
-6.447455337977087,-0.02430280462856067,-0.0012394877724696937,0.08729973836302385
-6.446646589373229,-0.026802887488780208,0.0008602671039530743,0.08682657200954362
-6.444270817151256,-0.02666904816973062,0.0013975020735860798,0.08713138551699777
-6.4433030740019595,-0.030722056771533977,-0.0022599654260891167,0.09374364024312308
-6.441884702106836,-0.031182204824077877,-0.0008980709219584575,0.08977762615676596
-6.437644430256657,-0.02456803435762817,0.003563877841048958,0.0823254566971139
-6.435894815326768,-0.026033776899693023,0.00046086074980942863,0.08095474099567344
-6.43259730068374,-0.021979137267034196,0.0016333990775751251,0.07146496388052177
-6.429981133970937,-0.02658721038747742,-0.002653560170694659,0.08410995262321673
-6.428801172152334,-0.022756145845330415,-0.000105899394772982,0.08134030347656494
-6.427375258626253,-0.02606385703957394,-0.0015361282024673921,0.08065622080368516
-6.426157217816285,-0.03398652208986659,-0.002541711057994502,0.08971416663794328
-6.425571546850769,-0.021462544042195743,-0.003333740993326979,0.08530001302980472
-6.421618621255576,-0.03516547809553357,-0.010394005286590239,0.11394591913654298
-6.420405067517019,-0.024873955972921535,-0.001580230458000506,0.07704897629389508
-6.416415865221577,-0.029787503630411424,-0.007987020868419587,0.10017884572058051
-6.414328427172912,-0.026300558403492116,-0.0037953746386857183,0.08416076550649738
-6.411397458638699,-0.02998248199981522,-0.0020178688668613205,0.09981870192753074
-6.4084356695905385,-0.029993658503052596,-0.0032154645762194943,0.09411968674509201
-6.406836722527519,-0.03168379647335771,-0.004386722571980007,0.10170803721112934
-6.40437899288439,-0.02823907018283767,-0.0028628022163378936,0.08481838228322036
-6.403162476720048,-0.026791783500318522,-0.0013010920856912113,0.09202688828770753
-6.40059260701572,-0.029367682073680464,-0.002559501893372859,0.09217121620981189
-6.398068030969796,-0.027817730291541158,3.168129731560662e-05,0.09263697277741137
-6.396835826759529,-0.030721332734409558,-0.0037023088685758814,0.09940281536758905
-6.39213199570843,-0.02709962339445222,-0.0009349688324537872,0.09055310355693452
-6.390262775946069,-0.029132601705221767,-0.003936681068536276,0.09434503957186371
-6.386554396003936,-0.029197333180700256,-0.003951723800017206,0.09255879407318031
-6.385425300673318,-0.027265512757695357,-0.0031974838642823138,0.0895842104411932
-6.3836221319139,-0.023399226294241328,-0.0009746907925654686,0.08569442061049617
-6.379204423823163,-0.025101960092301995,-0.0004014846748980631,0.0792857284888031
-6.376667251402991,-0.02826396933567407,-0.004055395465742866,0.09515331735931411
-6.373976383308006,-0.02473301578834336,-0.0039011438732765454,0.08920949894582964
-6.372658320217136,-0.025258296588967822,-0.004124754783867801,0.09293813494020076
-6.370067112410014,-0.03084762669322569,-0.007482528820463757,0.10175107533094334
-6.368873380246645,-0.025567921528479844,-0.003184597542756628,0.09190894241935074
-6.36687871459327,-0.02357228620565336,-0.0018924424221855233,0.09189428655387907
-6.363719233424112,-0.025984008025902238,-0.005148408942478598,0.10563968024089299
-6.361553001668076,-0.025737433623296096,-0.005080220237681687,0.10067382443342048
-6.3583854696997415,-0.03233374522988343,-0.008168612702120229,0.11533991887761384
-6.356714618391227,-0.022519215589007706,-0.0015678226069792145,0.09006884399333312
-6.352303345626545,-0.027368711264183873,-0.0044415296919476125,0.10038179009732795
-6.34805423617787,-0.027768843815446597,-0.0014300525273151284,0.09346376355296533
-6.347152581361339,-0.029213371437440558,-0.005997633563040575,0.10308696789726232
-6.343411986476742,-0.027338524120333958,-0.007843104085054434,0.10757093667925904
-6.340991787554651,-0.02336029367098054,-0.006191930111590356,0.10283545101321795
-6.337233175797893,-0.02473668136495594,-0.006041165913265133,0.09928114626553314
-6.336312990635378,-0.025656076077266173,-0.005823615476651478,0.10406416803103256
-6.333633143764979,-0.025607057445822274,-0.005999255478838629,0.10280650560559787
-6.331196017888407,-0.025746537500414803,-0.005830110875276972,0.09168200327182241
-6.328288012672593,-0.027002816413501142,-0.005502079317998719,0.10134156754919992
-6.326300786230132,-0.027906440459456946,-0.0028721333368607223,0.08654378282606948
-6.320554996208011,-0.02851750870129979,-0.006275167401220758,0.10320515110618987
-6.319122897734304,-0.030132265976006368,-0.006933674307877225,0.09777212410054971
-6.317544274416737,-0.024465552195237487,-0.005081595593669652,0.10731690520564385
-6.314617482157508,-0.025260115029161603,-0.0035616291737047587,0.09003984846117939
-6.31360473018411,-0.02762155481727321,-0.005931469008783873,0.1048994527997005
-6.310546824425845,-0.025120590963858564,-0.0030978630009536926,0.08502284884981927
-6.305573989826095,-0.024527778383566984,-0.004970439790007459,0.10410577063977766
-6.301099343077223,-0.02963886596251077,-0.00426060132460626,0.10144734195312588
-6.299907207726827,-0.027926062222485684,-0.006293187703033328,0.10212284806338602
-6.296064952659539,-0.02904497297061665,-0.005388630712168458,0.10431937420374174
-6.293374321796862,-0.031455871819321114,-0.005462836187700241,0.0996749037985541
-6.291608859280106,-0.031178151274475624,-0.004181530331958768,0.09808638876079745
-6.289829317943131,-0.02771643578335341,-0.003960660726952327,0.09489527610731854
-6.28642970364239,-0.03005874843664438,-0.007310065000532357,0.11305984923385544
-6.285731972483563,-0.02980741645717418,-0.0058656688927978835,0.10429641529955284
-6.280084921488952,-0.03145683237725735,-0.0058294665695590225,0.10137729937882527
-6.277400958183312,-0.02438079673830327,-0.0040113316403200495,0.10208372864110964
-6.2772861111835825,-0.0277713727899569,-0.0024199448968320273,0.09124146622634494
-6.274393535104829,-0.02150126336296867,-0.0029384148423099703,0.10133018509422834
-6.271420197183554,-0.029244108849419193,-0.004016508117891804,0.09898096939471208
-6.270262487400951,-0.032017118468729254,-0.005637615118464831,0.10718177433826839
-6.268545160334255,-0.029230297067620238,-0.005437476342195606,0.11774142106475607
-6.266635279262454,-0.03363564302200748,-0.005949439385959198,0.105669068099763
-6.265273394258835,-0.02904021493313083,-0.0051839267607121445,0.102789240461714
-6.26065619035839,-0.028585133737114382,-0.004129504714645453,0.10537680396055693
-6.257954647688298,-0.028887444562961728,-0.005801714623948748,0.09629128221862952
-6.256928103579556,-0.03019455520238233,-0.004763183893303149,0.09656702501060344
-6.253794864899064,-0.02653981211428897,-0.006483215165937848,0.09812662840985095
-6.2522296784459215,-0.02539774807589744,-0.0072717605627799576,0.101677219087485
-6.250328691391672,-0.030107010417206027,-0.005064583481217894,0.10455681842516217
-6.247019294606844,-0.028812614176417967,-0.008186665330035496,0.11071065892584075
-6.245014840519465,-0.02792449118562797,-0.0069305857055200005,0.11964409986269905
-6.2424452062255575,-0.026233957704201713,-0.006206456300141622,0.0968325758983598
-6.2394641998227796,-0.028337757003090845,-0.007573901058897604,0.10573918530147432
-6.238192004422075,-0.028701733128147323,-0.0074717565744189035,0.11419354236755555
-6.2356540327817,-0.028626663721153266,-0.006815300209771957,0.10910959813534328
-6.234452718188721,-0.03033498604015526,-0.007241532052429276,0.11320782423425457
-6.233196122649239,-0.02612116256014427,-0.003657916299607194,0.09647942236086804
-6.231331646950316,-0.028372768086033433,-0.010878443600348264,0.11934428164082823
-6.229497774781808,-0.0246100021759864,-0.006405987417681838,0.09996607299195533
-6.227964158606336,-0.026196088926204914,-0.00585132777882555,0.10541808186979737
-6.224575699640859,-0.026951549787115194,-0.006457413430497013,0.10392802813108
-6.2223170628129205,-0.031148213618048565,-0.007221017555636174,0.10853335113091035
-6.220005499701616,-0.023105972415307482,-0.007168490566808899,0.10324502139833433
-6.215449923227424,-0.02373590106299099,-0.006549968775224012,0.10560447772916465
-6.213682884862319,-0.030697143299546325,-0.008161620603913936,0.11189089704012048
-6.210647779013542,-0.03165605521840159,-0.009535649163483425,0.10972338115762999
-6.206464115580358,-0.02927899903770769,-0.00887667988774275,0.11213355458342428
-6.204032681394353,-0.031096346335434323,-0.008899382557020429,0.11403695703674639
-6.202697775591783,-0.03160079880237854,-0.007631027876670298,0.10996717960273564
-6.201166525836317,-0.03223332654744855,-0.010524476748178229,0.11781932312052557
-6.199356139269635,-0.028161050749480197,-0.007247769960758176,0.10320437640499126
-6.196315221023318,-0.028641515838133767,-0.005540340792002049,0.09848232946273663
-6.194606122999162,-0.02884483731409281,-0.006494520019693964,0.10623971394666136
-6.188963739828444,-0.029151661656492224,-0.0070282723820674145,0.10146153787413137
-6.188198973414926,-0.030501948411665366,-0.007674032010869748,0.10766432522282873
-6.187000617404196,-0.029461253778554474,-0.006723276629310086,0.10570122858606382
-6.186213697804432,-0.024967059751050093,-0.006223272227509443,0.09890922462159236
-6.183868333087096,-0.02871809980458286,-0.007142335877809919,0.10813200743636203
-6.182497615328828,-0.028207312260845472,-0.007716842217041434,0.11608950189145864
-6.178227921448448,-0.030651483262593055,-0.007720535898765062,0.10837546478290451
-6.175154848848387,-0.029518731535124323,-0.007909752288202726,0.114755715657156
-6.1720548366953265,-0.029300531830698282,-0.00681195664947212,0.10320149391101398
-6.16905506617349,-0.0298748039279291,-0.00864818635649528,0.1169374467486811
-6.168387341647021,-0.027023450961401706,-0.005574342001175382,0.10829475579157496
-6.166962241253072,-0.029543110858119805,-0.006508870485475104,0.1069861387165851
-6.165484687101712,-0.028816790021537603,-0.005617806154950098,0.10736500816923475
-6.163502746305629,-0.03218564559209875,-0.00812266631873483,0.11091612708560934
-6.162574725314896,-0.03015314306006834,-0.008324998327824419,0.11280779871861792
-6.158142340832954,-0.026741059125408636,-0.006408815342457446,0.1081599310211307
-6.1561702342190525,-0.028662391639495067,-0.00840710967979798,0.11156889398112678
-6.153344259591948,-0.028001552026748484,-0.006985468055036419,0.10736536214431264
-6.15008757265699,-0.029222578038094704,-0.005572062174865717,0.10324878129389417
-6.149378475573407,-0.030075535458352037,-0.006195491757142359,0.10469834278335598
-6.146644005541904,-0.030909232833683794,-0.005168655299835672,0.10515990675450416
-6.144946254588842,-0.02867004761666985,-0.00656084029839007,0.11060178453385307
-6.143638170788041,-0.030954848779462432,-0.008909006009945677,0.11403519508923773
-6.13885349818593,-0.03208178142079266,-0.008180219698149346,0.11044461572646724
-6.138268046277332,-0.029556798588143966,-0.0067682664496431875,0.10986618874890591
-6.136768378773465,-0.02941174684875862,-0.0073454719775982984,0.10737912773691746
-6.132663467835356,-0.031436084927570884,-0.00771339401058037,0.11584768964158293
-6.13156638581707,-0.032840852658367045,-0.006889140406553576,0.10891021795771941
-6.1280641516760435,-0.032652123233317676,-0.007887984949684606,0.11078485474428217
-6.127303434975977,-0.02887917436256667,-0.00610320770509429,0.1096438380926076
-6.123016071098864,-0.029724971063769284,-0.00792621747090093,0.11427522953309416
-6.1196794072375535,-0.03173957574828102,-0.00618768897324018,0.10678147770493399
-6.1193620401524695,-0.029375023517673272,-0.00473156510777847,0.1002444773613937
-6.117166356327619,-0.03185589830608579,-0.010752896399502427,0.12505957083903455
-6.114125977393179,-0.028688116229081618,-0.006413357202641169,0.10906097986141339
-6.112224242799554,-0.026535706170669176,-0.005609641935419548,0.1070605021853367
-6.109005275156811,-0.027683137154780876,-0.005794313119775454,0.10662670509891518
-6.108697749792789,-0.030375314949434493,-0.008037222493144302,0.1151307238258052
-6.105934763635252,-0.028003895525359427,-0.007448619170156931,0.11134313917014296
-6.103313167708718,-0.02618026059029627,-0.006761737339976567,0.10575554037248386
-6.099316064471081,-0.03360902222246424,-0.011378922298412876,0.12222130195362658
-6.097446652083329,-0.028104977042350585,-0.006301099658004009,0.10960674034134693
-6.093045162375413,-0.03013417600591033,-0.009017433599162893,0.11660158749658839
-6.091950387158601,-0.029911036769144556,-0.00860454007210366,0.11679981841616756
-6.090545244221829,-0.028212238975193614,-0.007889202012281252,0.11584860543232006
-6.087713219068327,-0.027600903423872305,-0.008690341222629088,0.11453710410666773
-6.085159532474873,-0.02884445444324768,-0.008464412652322957,0.11714579526937718
-6.082654282887571,-0.029329242100727366,-0.00738299758463043,0.11511419136749144
-6.0815039675910745,-0.027241154943224922,-0.006694682430263108,0.1109518874805029
-6.079855356297144,-0.027423458089983945,-0.0043072868456600424,0.10467194099028287
-6.079629253834886,-0.027544810448662853,-0.00936452909807006,0.11899724320411138
-6.07708075970197,-0.027563852830252623,-0.006929147681612767,0.10684663068522272
-6.07455637015722,-0.029028747098203266,-0.004733788876643571,0.1092614513993414
-6.071890732442459,-0.03213844812752167,-0.008405513702261941,0.12339771248042106
-6.070970748366375,-0.029801357561738774,-0.0074469908150204865,0.1118585516446843
-6.070366619982698,-0.030363605472253745,-0.006064583054789384,0.10722661696832247
-6.067676741910589,-0.03205480653354975,-0.006245401043191358,0.11751685041529561
-6.064952028718859,-0.030356618689011697,-0.008869894764091966,0.11829127883104822
-6.0605954672671905,-0.03239195492437931,-0.009170840423926822,0.11707852570884761
-6.05759898254299,-0.026180184195734493,-0.006348416146949548,0.11230354204659083
-6.056391940974722,-0.03199633843641998,-0.010644704888354608,0.12917006593581698
-6.054239204798031,-0.027314915256818163,-0.005423041489736496,0.10934254221978656
-6.052623328379939,-0.02882748417531329,-0.007169181022611843,0.1106485806032268
-6.050344052684786,-0.02802369846027213,-0.008375431752875919,0.11808585232438036
-6.048256445490621,-0.029863626348329723,-0.011862350748298433,0.12864792199013866
-6.044552815348374,-0.02924674820479226,-0.007101940284606454,0.11534697251552134
-6.043955079897686,-0.025939517950642924,-0.007157813696558956,0.11118518471266502
-6.039109687978517,-0.033600492157732406,-0.011306795699845926,0.12768768120884888
-6.037143778203199,-0.02405789728197769,-0.007407638547863797,0.11567144841069815
-6.034929584256977,-0.027403515709825865,-0.008904791967873301,0.11966467881479914
-6.0327814518067004,-0.028384908775327792,-0.00785544256003801,0.11726778059225991
-6.031821507486812,-0.030446456053537782,-0.00844819585127155,0.11830111068982913
-6.029516935232978,-0.030130087891635928,-0.010120454313058799,0.1233713213815927
-6.02849847657124,-0.03299904938288837,-0.009421111043972339,0.12648780651060712
-6.024845089307909,-0.027338621827377084,-0.00969072599484175,0.1284027980997807
-6.02379323170734,-0.03185200277294835,-0.012261760989981937,0.13350116417260227
-6.02137290868302,-0.025802415846956063,-0.008407979183848294,0.1200821972914928
-6.018615642924755,-0.0271018959584167,-0.00980163228654649,0.1258637218960492
-6.017608110802411,-0.02903073974708983,-0.007322393274774693,0.11545853839804403
-6.0154542908896556,-0.029720934532882742,-0.00858319337976494,0.11888947753926053
-6.01323576145827,-0.02364579307854769,-0.007499838045796135,0.11556195094749142
-6.01123016881689,-0.032393493587715615,-0.009103550873555865,0.12331376092064221
-6.008920710493594,-0.02993191258499617,-0.004195808123189527,0.10738012268219195
-6.008466954452643,-0.024925325016129925,-0.007931225291880643,0.11819975765057215
-6.005297757087986,-0.024043391285209534,-0.006789674105782768,0.11265889702999884
-6.001497356341386,-0.027929140152828824,-0.00925429981731963,0.1214353447047915
-5.999142882160408,-0.030906706264709715,-0.007713777777775644,0.12008363199126056
-5.997033916938861,-0.02853946308472024,-0.006325103604284526,0.1161704864094145
-5.996205468934066,-0.029689738147593354,-0.012221062856351021,0.1313005143144194
-5.994809270678442,-0.02805118457917892,-0.008759439234273907,0.12448906008633698
-5.991244566195629,-0.024766545860600196,-0.003987814020980862,0.11265777856311907
-5.990424505701651,-0.023967676793311694,-0.004274621573347744,0.10782354214594307
-5.98904469254737,-0.023627217237499408,-0.0045201916838462225,0.10611909491346402
-5.987218117354814,-0.02679920248562259,-0.008528489410222377,0.1200525107620096
-5.984773793193472,-0.025185437242878042,-0.0075387313682527025,0.11649622222479909
-5.984222156419207,-0.029822421409850513,-0.007823516212873612,0.11869301104391253
-5.982258873276459,-0.02878157709383109,-0.008482735611714691,0.12275485020192135
-5.981720883296189,-0.024640217108566505,-0.008188826613979914,0.11844349317994268
-5.976526964651016,-0.028598404107091923,-0.00843803877653794,0.12421825841746505
-5.974645042306696,-0.02852818123637502,-0.009761967344390275,0.12901386220848368
-5.97309303861536,-0.022414205053871334,-0.0068619844791987725,0.11551625151248672
-5.972562445831392,-0.027615138992015606,-0.009189435969485373,0.12494798132074919
-5.9703829970701126,-0.023969603214481917,-0.007201593332431941,0.11639873643383429
-5.966808818541236,-0.028980103759855453,-0.011710241421507252,0.12921459466218174
-5.963537955491737,-0.026126455548532185,-0.010298671416283704,0.12998051555406898
-5.962896421561085,-0.022907906714447507,-0.004732881873571104,0.10909596169372583
-5.958523426020029,-0.026216151836705778,-0.006834806048532486,0.11879021173127764
-5.956952035238499,-0.0224224207055924,-0.005622652836616567,0.11411584614066354
-5.95589858655835,-0.024530474545619182,-0.006959616387026893,0.11738751316472915
-5.952602779191592,-0.028882653760848497,-0.010244218094170846,0.12939826324844725
-5.951187608153777,-0.02408241547872475,-0.007888848475048461,0.12058894102265799
-5.950401202846557,-0.02438405168920876,-0.004711087231862244,0.11125163793714721
-5.9501185606166604,-0.02336515697605627,-0.006459972536723628,0.11342386219819882
-5.9458228283233705,-0.02101898732328693,-0.003464154887636519,0.10848721120907408
-5.944467613117221,-0.028311002860952762,-0.00825827003573391,0.12043475031639661
-5.942358045372104,-0.024801917932546613,-0.0075248584117162225,0.11976279576507416
-5.94034784390424,-0.01998270255830828,-0.004648413408747051,0.11144575715979992
-5.939149428524923,-0.026663372830361954,-0.009316918440067719,0.1270123114616943
-5.937082654416552,-0.025474414153224215,-0.007612374278012792,0.1190098279191413
-5.934219365282109,-0.02290307628134205,-0.005651476350355479,0.11672541998446972
-5.9326643162412,-0.021959115789376794,-0.0075733279795065075,0.12078695064434009
-5.929535032514423,-0.023989461082163457,-0.006323390709639042,0.11920535835585366
-5.928088476814042,-0.019440334759490006,-0.006567024987391231,0.11754627467872036
-5.92567016687022,-0.027764479688749805,-0.006939222667100458,0.11975068477599421
-5.923353806318243,-0.028815865300047875,-0.009195713469353982,0.12779616089204957
-5.922308941061157,-0.02561022773482105,-0.008248587596439441,0.1233846242086307
-5.921619655875388,-0.024315923228396496,-0.007992945913715657,0.12595981388133434
-5.91804583158267,-0.026101616081839727,-0.010696904504972534,0.13225363330113343
-5.916838032544107,-0.027162080688951283,-0.009248181861329356,0.12674769795496194
-5.9134914647018695,-0.02246500711639021,-0.0050796636266451185,0.11686595855333619
-5.911007482659612,-0.024548522220278632,-0.005803383391983135,0.11589545451135151
-5.910604525321602,-0.024160790561614055,-0.0054714597411794795,0.11669353948337031
-5.9097087105754,-0.027821123424586484,-0.006280569394727838,0.11989056592597841
-5.908423656159796,-0.020766421082625164,-0.006236666351103432,0.11883835467672743
-5.903607149762176,-0.024558784865268433,-0.005740272333081199,0.11949036701845821
-5.901440670278233,-0.022746648131326836,-0.006023966884204817,0.11791263660550962
-5.901190414699696,-0.025700915640768214,-0.007251181050049052,0.1201430577518038
-5.900200315018719,-0.02478123912028872,-0.003995179838566559,0.11360586451918313
-5.898465355700219,-0.025522061328368553,-0.008332017579497121,0.1271446045596789
-5.898304267721125,-0.02317921914513448,-0.007234612701094814,0.11952273611689511
-5.893869862711827,-0.02502207440415024,-0.006246856597525722,0.1192457249081971
-5.892713922910284,-0.025456626487683105,-0.007377633313747789,0.12345590020195886
-5.891031914330774,-0.020595789410683962,-0.003686519968676018,0.11451331704571523
-5.889343675266893,-0.028510993124115758,-0.008688368418990244,0.12472017572216121
-5.887350457591889,-0.023462575312787403,-0.007856033489891499,0.12655088694075858
-5.883564628206449,-0.029237545850704698,-0.008484097947425412,0.12694571340584648
-5.88266905995339,-0.024003142843630674,-0.0061691425036230945,0.11842053153903559
-5.880120760065547,-0.027013985669801278,-0.006209675553443552,0.12008915454969088
-5.877748754251183,-0.024021558950561336,-0.006147268281273733,0.12120191758505562
-5.876601512871726,-0.02393625446470857,-0.006770066404507547,0.12154062952582205
-5.872016465696399,-0.02486680220195373,-0.0045663710432631835,0.11644720984848209
-5.870949086282122,-0.029756324964437284,-0.0075650571934390565,0.12453282838080929
-5.869650955437161,-0.02630067169302315,-0.006214077924110218,0.12024014451863582
-5.866741325920641,-0.027626002284294966,-0.00776165586594036,0.12738006151496853
-5.865949891864137,-0.02350834206924182,-0.004696907426434327,0.11814044913861393
-5.865140489636473,-0.024523678685071274,-0.0061059815721952754,0.12028161696649588
-5.861616478905227,-0.025957377360823507,-0.006475708479375489,0.12306844661778182
-5.860999290001778,-0.02563508243417886,-0.008827861698830175,0.12947883403102944
-5.859953857769152,-0.022077915349164857,-0.006482964025465643,0.11893672189228605
-5.858136189317659,-0.025679850500553086,-0.005031375886465104,0.12233870812907853
-5.855792408229843,-0.02453417382011645,-0.007310853391384622,0.12324992408240762
-5.853870031732218,-0.023256598090196996,-0.004914366397178938,0.11868432862866331
-5.8520120878834,-0.024631943599533527,-0.008174837845985817,0.12911712598251157
-5.851208803341906,-0.026526610642331326,-0.008631702883326186,0.13024248525483204
-5.850649663668728,-0.02204980057120161,-0.004562842210378516,0.11719528827187839
-5.846407122800486,-0.022248890136533563,-0.006061495007709996,0.12221668868257785
-5.846299332861696,-0.023398815064024005,-0.005271580029361006,0.11946779339634289
-5.845332472244067,-0.02590011956586936,-0.008754957543059978,0.12919056657971847
-5.843444291904374,-0.020072645278261986,-0.006990808562853456,0.12528930643188657
-5.840305508686612,-0.021434985621437603,-0.007918434982851172,0.12723554386700225
-5.837991394560775,-0.02605144829886209,-0.007520878516563425,0.12710968206747358
-5.836235058426922,-0.02310729378233642,-0.004830543402090369,0.11939615160250136
-5.833621069455323,-0.023752016888578045,-0.006417255258680477,0.1255139516663486
-5.832904572011924,-0.02366858631211746,-0.0058621243545797395,0.12163585682147017
-5.831601503100773,-0.023531247915225234,-0.00788075720491753,0.12544733630051902
-5.827927499378542,-0.0261031828020644,-0.007660982371250985,0.12842970367074058
-5.826338705613193,-0.02513579997438625,-0.00831482526353438,0.12911075779713246
-5.824696733001413,-0.024243584746346605,-0.005356864730825521,0.12289091122124364
-5.824288854141532,-0.020341864973564775,-0.0035093501402063024,0.11689802398901314
-5.822756920652998,-0.021744071503259795,-0.005933420374244025,0.12215903223944535
-5.819273476863947,-0.02542079593745757,-0.006239370683742202,0.12421935370898773
-5.814893831494011,-0.020749731524292846,-0.006117207624044865,0.12248173289188004
-5.814105240302746,-0.025815742240633797,-0.008755837467493824,0.13030959350017723
-5.812078600409918,-0.026368643233289926,-0.005776239847964947,0.1260155013413867
-5.809441595681155,-0.022895421284728993,-0.006523720561409866,0.1269862346506973
-5.809015797239028,-0.022374327021421784,-0.0034163633686736033,0.11855468898108064
-5.806944628639369,-0.02499932106215663,-0.0037002766696740026,0.11954125774541963
-5.805024620870348,-0.023956772977059074,-0.006375491280774474,0.12757250403021297
-5.804097619023902,-0.02717679471185399,-0.007040637674902596,0.12832524233282194
-5.800607855591708,-0.022357466126967252,-0.006490624476681704,0.12687984419849455
-5.800048056264742,-0.028133486399768523,-0.00965167870883435,0.13462657520086746
-5.798991750521665,-0.02257668725747088,-0.0072546680190548034,0.13065596973744031
-5.79770025024945,-0.023444377091827482,-0.007756635870892871,0.12987364728706804
-5.795842861718422,-0.024146808193878554,-0.005039169392720446,0.12628104541336024
-5.794069034310619,-0.021107786617268327,-0.005937839170819719,0.12629931006117148
-5.7920741721525575,-0.023156268989857773,-0.005869403860325394,0.12609101682437188
-5.790162125467926,-0.02329167521166942,-0.0057087910308322816,0.12739802709785372
-5.788780086780869,-0.023995351021387404,-0.005193762571045769,0.12439661103153088
-5.787065094821777,-0.02547786018741554,-0.0066976999450706586,0.126731455765262
-5.7850449339744525,-0.024638621771237705,-0.00780649920966476,0.13125405694721934
-5.783455883323121,-0.025879830506939996,-0.007152465176142777,0.12782254707811427
-5.781935927196077,-0.024036211437418874,-0.006959871042330356,0.12796099521753507
-5.780545375828217,-0.021586568988018723,-0.0066588391046370704,0.1285574744048794
-5.778048406376955,-0.01908701071731526,-0.005037196569993107,0.12415583351158882
-5.777093039741391,-0.02194069645659503,-0.006358181703102876,0.12949809757815078
-5.775275455803619,-0.028978630740316105,-0.008486232209256874,0.1327419586131575
-5.77251327645819,-0.023672594569598932,-0.0079430157825371,0.1301735283676052
-5.770908651567955,-0.026807189679261698,-0.006380285137989044,0.1286106615552972
-5.769775948359934,-0.018258456307770926,-0.005438653054434087,0.1260311293129375
-5.769397208308305,-0.022739580184600053,-0.00549543648069884,0.1260993896799675
-5.767632521502994,-0.025704675367381934,-0.006887113732593676,0.1288805935557322
-5.765837027653418,-0.019588831715185086,-0.004636796424173016,0.12439556566870542
-5.764099639451872,-0.02178417467614319,-0.006762139863789324,0.12897410921249067
-5.763300754533766,-0.022652823060627554,-0.006237796182291082,0.12721976812160482
-5.759327870143444,-0.023536479857241856,-0.007808980720339748,0.12998867320321886
-5.75733511051441,-0.024428751058429135,-0.0064828971842196565,0.12982572384179852
-5.7548565212198675,-0.019605666865928677,-0.006871548707016991,0.12861950090776456
-5.754143912807052,-0.02553323056623261,-0.007271309893298603,0.13186230483082237
-5.7533019765919216,-0.02282583614491573,-0.007326837703686516,0.13054185619202238
-5.751076211724411,-0.023933312900403972,-0.010212089838968945,0.1385821062444461
-5.749363017228304,-0.02489985161078659,-0.00834421934159736,0.1333722006876464
-5.748006794061853,-0.021667178417649396,-0.009031810023686289,0.13470557247850598
-5.747482988696494,-0.021416751737932067,-0.0070989946554180835,0.13152740400983343
-5.745352235556166,-0.02136704715424588,-0.007805621270797368,0.13375372345550604
-5.742584469989374,-0.022257517635029193,-0.007460942680608805,0.13057904268473747
-5.740993872626267,-0.024231247467954558,-0.009631468186035224,0.13708473401668803
-5.737418114515321,-0.022126415011256506,-0.007813287032450378,0.13343160225194825
-5.736881202723029,-0.02224438231599625,-0.008103553679955168,0.13321708702717117
-5.734600202052289,-0.02270883825819362,-0.006253224458759634,0.12741750596977067
-5.733868253598723,-0.022516578604499522,-0.006828626752183193,0.130998120335254
-5.731583604162138,-0.021072656226314636,-0.006500764754180556,0.13012843294571863
-5.730915489640287,-0.023114708046400614,-0.007275757846419829,0.1309231180217261
-5.72848750291534,-0.021332008308161624,-0.0061419778068737725,0.1300364226256024
-5.724975054711605,-0.021189952008249698,-0.007999810119965879,0.13373163482638414
-5.72411103014986,-0.024315423280308866,-0.008197344295120812,0.13511715636620705
-5.723002407709744,-0.022015353875903657,-0.006639126369126674,0.13264747423542458
-5.7214071595554845,-0.02563012244183108,-0.00853313219353323,0.13575099874854166
-5.721235439361756,-0.019959103653293255,-0.007083441367232636,0.13168636183172894
-5.7189353437286155,-0.022492058631067555,-0.005785052626223012,0.12819059085814138
-5.715339027940844,-0.02321385566368167,-0.009698247396138053,0.13645225216547413
-5.713661159969637,-0.02328691186594954,-0.007765450657328843,0.13378688982259387
-5.712579218346506,-0.023077318139395193,-0.007529024564370531,0.1319841807766531
-5.711127977497179,-0.019357574471890494,-0.006302138895151958,0.13029353869244603
-5.709341536034742,-0.02158534169147521,-0.007572511557070652,0.13401549169205498
-5.7083222293157085,-0.02380347837153122,-0.006521163187035901,0.13114061789683631
-5.706834829738317,-0.021519360252922084,-0.01019537744470631,0.13796490979229242
-5.70515754482193,-0.022997607305038095,-0.008504031969761133,0.1356107008040659
-5.703168342011649,-0.0246420230856021,-0.007714859764444799,0.1347527050182841
-5.7014109150060674,-0.02408370283302111,-0.0074645239446668845,0.13755599131559085
-5.6990100745047165,-0.023299878877382656,-0.008906686567427546,0.13762516873341502
-5.695749665436523,-0.021304125160744928,-0.008865547257214602,0.13872025802117283
-5.695247137930758,-0.023383259365884396,-0.007415434847494998,0.13351467416486687
-5.693941509807954,-0.018702200701798642,-0.0063063471583967015,0.13023547673646155
-5.692386830244682,-0.02292969483864645,-0.004503338040820527,0.1281182987579158
-5.690506689218114,-0.02239619111629223,-0.006593615677255079,0.13443919805350774
-5.686861755695124,-0.019983764680333502,-0.008409128971380849,0.13696774611758297
-5.686218503581215,-0.018712111717362163,-0.007786152628613611,0.1368679230261441
-5.685649692828757,-0.021872925855005765,-0.00677511007656306,0.1333546238901515
-5.682723547232279,-0.022898648366276565,-0.007093991580631629,0.1338133343817402
-5.6813558281344045,-0.027070127186584213,-0.008682062260664808,0.13799614291053294
-5.680304834332233,-0.02329205654696151,-0.007469063976136362,0.1339616621220654
-5.678950963275914,-0.02568012319347271,-0.007058993429116555,0.13473797869450327
-5.675371119317574,-0.019766383286851832,-0.006417202970952295,0.13497656936527958
-5.672934836660102,-0.019854583158210416,-0.005880916243192255,0.13167967832951974
-5.671254354367236,-0.0223992096197086,-0.0059457150472004994,0.1314921155406057
-5.670138951671867,-0.017523655651436567,-0.006076601905886243,0.13139915109664843
-5.66938786710018,-0.0195331681960736,-0.004839238453023721,0.13026426341790337
-5.6670503502466145,-0.022763351470982542,-0.006531239873757652,0.13477209935816448
-5.663709732648538,-0.019701202470345642,-0.007968853590418464,0.13905140235091362
-5.66197096540102,-0.020284601232496972,-0.005251236161201181,0.1333529580455371
-5.661289403644063,-0.022570686025685967,-0.006523613444442875,0.13631203975452197
-5.657781191643554,-0.021058289280507948,-0.005630737939930267,0.13442668874581293
-5.657336168200433,-0.018338700195053143,-0.006027463290125461,0.1362488775213955
-5.654186737056378,-0.02303241091674436,-0.005211926598420821,0.1324899347291834
-5.653620735252569,-0.021028617372344547,-0.00601231773659345,0.13704725128053044
-5.652613657488943,-0.019854292394151044,-0.005142203585347648,0.13305552951021973
-5.650553359578419,-0.025291446411778308,-0.008445466440445996,0.14048296372353844
-5.647981873044311,-0.023673520930548784,-0.004757082344517054,0.13205245006073305
-5.6467987813810385,-0.01992182032368817,-0.0055008945201236595,0.13338056995079342
-5.645707021249635,-0.01893459149430394,-0.005905192959065991,0.13555658356437233
-5.64332232455796,-0.021217070986396996,-0.006890712813516179,0.13724572354159773
-5.641248417031641,-0.025565616362213793,-0.004994363059888976,0.13192210874740332
-5.6405990056976325,-0.02173356628971828,-0.006540942453694612,0.13624124387779446
-5.637573137600034,-0.022365471572649103,-0.00645972610784052,0.1374509640448939
-5.635802198624124,-0.019035219986792497,-0.004855222605677833,0.13485088699119124
-5.6341005537258075,-0.022322507468119448,-0.006552920995051042,0.13772706985899827
-5.632909446102397,-0.02254641924875127,-0.007739034713158836,0.1418164869223224
-5.630670939660251,-0.024579874675166827,-0.008947900300216454,0.1407950819819233
-5.629344208434193,-0.019849650327414856,-0.004257854011424028,0.1333087172554364
-5.627846407673926,-0.024111234209768417,-0.00588809890882653,0.136960964019485
-5.626758580410063,-0.021020169227554272,-0.003807522957995347,0.1336239449429636
-5.625347967081498,-0.023131806240377122,-0.007438301613120722,0.14178672686814875
-5.622616221462931,-0.018540990761038975,-0.007021669362797188,0.13878083720201786
-5.621605819782054,-0.02544225511488344,-0.005467315788951548,0.13425424024687893
-5.619277391904367,-0.01908855763857236,-0.003644259500364267,0.1323035534450267
-5.618340489707572,-0.01905632302740993,-0.005669573562977159,0.13691899625979082
-5.616220133457956,-0.023172252542231455,-0.007320756840143373,0.14094362211165476
-5.6153945847399225,-0.019932374220522447,-0.005663290117959314,0.13812924019325545
-5.612545421834005,-0.020401514432022986,-0.006556355593758007,0.13933570568224826
-5.611402905821364,-0.021586917030357963,-0.0036993374910568493,0.13192727432526855
-5.610408777718372,-0.021765246821375924,-0.008166261270960304,0.14194605766730706
-5.6099058703827005,-0.019376630123742123,-0.006098315968321602,0.13533918919281018
-5.60759225765747,-0.023573349626700227,-0.006179407761244484,0.13818053172320852
-5.6063894288280425,-0.01818760467912172,-0.005082714424309238,0.13665196154971768
-5.604661950995606,-0.021579376352514584,-0.0064170378448657655,0.13952326068368548
-5.601798013503186,-0.02388531719963849,-0.008662312634345143,0.14337612867254987
-5.600220921267806,-0.01800629594563497,-0.006216108980956873,0.14170032387729856
-5.599089951761369,-0.020842719836291674,-0.010376499957086926,0.14923600432748746
-5.597950138426568,-0.02198396439955824,-0.0071042753836367,0.14166898819351872
-5.596768135170484,-0.021490701184832633,-0.007134143744397252,0.1411548603710046
-5.594265127194801,-0.026244145720912847,-0.01009758839547702,0.14710922872423512
-5.593650279855501,-0.023026552481543266,-0.008567770346008027,0.14572109465775376
-5.590830917303199,-0.02270454130795135,-0.006122978590408332,0.13647041771783197
-5.590349167407283,-0.021360531513975375,-0.007159613308745024,0.1396014757596005
-5.587313617464969,-0.019216185819395132,-0.006677563300984464,0.13660690264873918
-5.585596551783897,-0.02356441256608955,-0.00730403718616761,0.14106391594117604
-5.585098068728442,-0.023488163091845423,-0.006688592712619504,0.14030113322166313
-5.584210134519513,-0.020869061799815486,-0.006480854786188539,0.13880648349838362
-5.581778872380119,-0.024634517237595206,-0.010439156599775989,0.14850331297605868
-5.580709522527883,-0.025288424125107085,-0.006680112127491218,0.13786115919090464
-5.578770114678708,-0.02403682081430631,-0.009900099577942066,0.14680850393161463
-5.5765138979863735,-0.02829679181387229,-0.013940760898177975,0.15580778701319736
-5.574348082314861,-0.024259068462326328,-0.013926384728035967,0.15686840928824725
-5.573525414126529,-0.02437064828057256,-0.007464793170895151,0.14206490594862792
-5.573447829893533,-0.02309512151752656,-0.006887796913258038,0.1417695154145319
-5.567863587540153,-0.020274050025307175,-0.006535737080540457,0.14035908804028527
-5.564365693571587,-0.023829296576405253,-0.011849571637860944,0.15301703876041958
-5.5630497804739125,-0.023226523318506113,-0.007941202376887788,0.1446421380174614
-5.5621512398951545,-0.026239337612078167,-0.009309824221328195,0.14665787161817137
-5.560189660956676,-0.022255522280804737,-0.007924150421393173,0.1436553404987617
-5.5598610650774605,-0.024777299469950467,-0.007918328629180167,0.14404246597887738
-5.556845232351451,-0.02398046647896997,-0.007823511568309833,0.1425327476796421
-5.554801946962339,-0.025551829513785183,-0.014818732223916567,0.16037209497226357
-5.552647104667847,-0.02259244517457125,-0.0069553256069422136,0.1427628489687406
-5.55172857342309,-0.023577093725280076,-0.007768628065770111,0.1437862071262804
-5.549810120947604,-0.023246702647198237,-0.00939880545903287,0.14909905215197042
-5.548243608668162,-0.0241171069627325,-0.008444068550990206,0.14607684602238416
-5.546920894823038,-0.019235152005846117,-0.007093082076824768,0.140144614344215
-5.545888711514048,-0.02531086452904976,-0.008753421726425936,0.14606837224569175
-5.5438623905048345,-0.021324264563472025,-0.005909624989132219,0.13989845530623896
-5.54131917622363,-0.022846762322846263,-0.012183931671073787,0.15514031196388686
-5.538540264738425,-0.023911729634557587,-0.011610741602087981,0.15405204294242925
-5.538236634969194,-0.02338856087306037,-0.010458081231119902,0.15088787464416556
-5.536193966388177,-0.023831917727512,-0.010432410996420761,0.15204107375081533
-5.534093440128606,-0.02148620649612227,-0.00873631405243016,0.14430098661500065
-5.532470034691016,-0.02202418565644111,-0.009587187829145897,0.1489259692049319
-5.530871705530714,-0.028901242080995787,-0.00903593407769057,0.14756429145188993
-5.530398265851151,-0.02398537079242105,-0.011130332542575587,0.15424584488497303
-5.527789491582084,-0.02506940448519547,-0.00913305424440992,0.14701116632406278
-5.526155386847364,-0.023640551849477637,-0.008985198961255918,0.14672513403576787
-5.525331644635112,-0.020865163935222017,-0.0075639539030067995,0.14794042831757295
-5.524084270021502,-0.023666255590963654,-0.008157941184622854,0.1450054770088883
-5.521952929679152,-0.019814160850122768,-0.005417998043532905,0.14116210848533692
-5.520744513712203,-0.020278070754624827,-0.006983671776632099,0.14312842094380882
-5.520098443146305,-0.020954780434301542,-0.009894326627976896,0.15118086335185205
-5.519461216137291,-0.02031630431197785,-0.008388559070956106,0.14814845798287202
-5.517999396351649,-0.020270965225965557,-0.0057121820823271665,0.14127195171656964
-5.51510692474129,-0.023237688750906742,-0.007483958574028536,0.1455179855940793
-5.514717191671092,-0.019775328559528103,-0.005046096014577121,0.14167341151264468
-5.513907217444683,-0.020978354172506153,-0.008277498393963809,0.14680845097073209
-5.5108360025406355,-0.023749522581796512,-0.006517651212913859,0.14360650023989857
-5.5105385873847,-0.024894988920480747,-0.008166625454011707,0.14908247360724675
-5.508743417997726,-0.02292296873302631,-0.007358092696970806,0.1461219756928204
-5.506860719476159,-0.01980577515624534,-0.004613657005584206,0.1406347170234255
-5.505504804355454,-0.022626310430593287,-0.006977942452932279,0.1457263059908988
-5.504080893560108,-0.020359144982825542,-0.007615828217529561,0.14699780291272505
-5.5023736227867746,-0.019262180587622323,-0.004970419878410656,0.1402188083941976
-5.501069198687689,-0.026034174901767838,-0.00809819444613846,0.14682593006391045
-5.49932110183817,-0.02350290472589789,-0.008867776094066568,0.14852414576780287
-5.4984699211523225,-0.021927170572137757,-0.006690673893245818,0.14236853684845593
-5.496539677925089,-0.022982528359308887,-0.006532425403500085,0.1443865537014959
-5.493374675678689,-0.0202053169914912,-0.008307966889769496,0.14740386085394977
-5.491278115858238,-0.02028668548790405,-0.009368403810525967,0.15275624149680947
-5.490492163710186,-0.02149895505023174,-0.005335768791360901,0.14078579716402828
-5.488921560514312,-0.026881808301566168,-0.008104092090325327,0.1467128042524395
-5.487329364059508,-0.026020362858745805,-0.008886682910746757,0.1497100692751615
-5.484967443862929,-0.02384654020188066,-0.004650867579740916,0.14084967442084464
-5.483817172752279,-0.02029321095540649,-0.008770745626369177,0.15013575371499047
-5.482273636996785,-0.020019380406277387,-0.005124428723696313,0.14684010387230065
-5.480415056232535,-0.019641333211056378,-0.006239225243695901,0.14502107385559865
-5.480012054589395,-0.02206915850008061,-0.009458102178804136,0.1512777237170991
-5.477978563165585,-0.023191113473290424,-0.009005578317214455,0.15020635367399485
-5.476472427126535,-0.020210930968861084,-0.007228798966219285,0.14662322753233098
-5.474767796007521,-0.02445707872254412,-0.007455622116561073,0.1489204155026776
-5.474070309217599,-0.02112426309416214,-0.008549260637201107,0.1508224472723481
-5.4722594450809385,-0.02196683339422638,-0.008154367441535386,0.14810498652537893
-5.470798530521421,-0.021785004322993108,-0.007836705861635396,0.14798798115868175
-5.469483797223831,-0.021071922150165703,-0.007477816663893799,0.14744878120006255
-5.464399399812276,-0.02626848786151361,-0.009481857896855276,0.15241083175614506
-5.46237602515845,-0.019046000309429947,-0.008467331052486607,0.14925328123430104
-5.461048287875556,-0.020784576111938978,-0.006750024777188132,0.14538345460659022
-5.459739676263014,-0.023797260764849698,-0.010014811600770699,0.15156788013609435
-5.459327054430839,-0.02244672195042056,-0.005870000358591687,0.1443509800623011
-5.457387107178223,-0.0234345357914733,-0.007453434250016614,0.14761386746446165
-5.455462443375314,-0.02582955000357295,-0.012304574176441013,0.1568747813677945
-5.452831812566599,-0.01953712669226008,-0.005416064110768156,0.14714751745758
-5.452282908100124,-0.022458382762364924,-0.0071894022225568125,0.14858178999335692
-5.451231494913495,-0.02414976805883004,-0.008100565619242923,0.14809272348430796
-5.448382682166974,-0.021991692541386457,-0.01049461840563251,0.15737864545480543
-5.447040738520224,-0.02164484307866675,-0.008583425153994129,0.15020435995960943
-5.444838553678464,-0.020161218270072445,-0.00873796275959298,0.15170905983445807
-5.441153216577558,-0.02305743458366561,-0.007736329526338767,0.1481956058677875
-5.440675742713967,-0.022056476485180495,-0.007020807648846192,0.15033478282973994
-5.438915570688613,-0.02043055530232344,-0.007638521346124264,0.15005554827677192
-5.435874265558937,-0.020319971681516426,-0.009483954224383284,0.14754091681659617
-5.435452742198243,-0.023180749130970606,-0.007903009492043991,0.14966382654928245
-5.43366563850722,-0.02163005909687674,-0.00986322137611938,0.15532685457869208
-5.432703668909333,-0.01946193709109878,-0.009153417823220617,0.15332636970035748
-5.429727778632214,-0.022545119894599057,-0.007248217568687595,0.14887429974677227
-5.428412701274465,-0.021104722404190354,-0.007184915875036772,0.14913474591719206
-5.426836302648502,-0.022430743846449802,-0.010468896726327568,0.1579341189127616
-5.42380886832938,-0.021171754655799627,-0.008843430335343955,0.15467004239940008
-5.421976052087185,-0.018712579906548687,-0.007980726403354598,0.15224449231177414
-5.421647196397537,-0.02158437779423276,-0.006986247821194866,0.14850916419824955
-5.419517428036112,-0.019039804081745597,-0.004726098712121695,0.14449037877647883
-5.418901700789946,-0.021705997502733627,-0.007562863412940975,0.15116861656364552
-5.417244921134861,-0.02355601846618627,-0.00878526146998611,0.1518386599390261
-5.41422488160446,-0.022025971048973643,-0.006916033126125072,0.1493466422616521
-5.4135818563011675,-0.02103308915571996,-0.010235007280085348,0.15754834298610507
-5.412785369498314,-0.018612278245863857,-0.007324079704531448,0.1500033739070227
-5.411346462340671,-0.019591827692687056,-0.00530294342280635,0.1469703497157099
-5.4094542988770415,-0.02146341830318541,-0.0070260511288801255,0.14913717023602535
-5.40767270118517,-0.022484840449953383,-0.006721618163656836,0.15020632720108426
-5.405989772086713,-0.02183380019326587,-0.005540056238099145,0.14764913453181638
-5.405057752213862,-0.02189925834592667,-0.006982110927557392,0.15163327308908556
-5.40125062292363,-0.0241108540219506,-0.006762570399613422,0.15168309267422286
-5.399955392259612,-0.019896327022925184,-0.008170366110712672,0.15237277953951317
-5.398214062278211,-0.018250618174061005,-0.0063083631516501195,0.15109604527000972
-5.396556433221187,-0.02014312209785747,-0.0074864546483711415,0.1524504069948561
-5.394709683106996,-0.023145802101166048,-0.006932714210132138,0.1532950282078204
-5.3933982553253195,-0.02275540209238261,-0.0049854705775385765,0.1478208050822679
-5.392543351945537,-0.020993266971415396,-0.004937090977133428,0.1482420594473752
-5.390033336593914,-0.022032250645891132,-0.004697750820454189,0.14545925623142347
-5.389242349224872,-0.021616543973965934,-0.006593235526737663,0.15051980814089158
-5.387568418516013,-0.026067539572752617,-0.008150645738437398,0.15341981497273605
-5.386705715671151,-0.020098623107759037,-0.0056781983299304326,0.1495336899476806
-5.384737241711913,-0.01951411958320707,-0.006644347171832597,0.15149078142948616
-5.383949014220368,-0.022813051328565887,-0.0080462109456197,0.15419512447133712
-5.382310796389774,-0.02305882993514736,-0.008001191067925822,0.15275742972316153
-5.3798465843708785,-0.024034422066384283,-0.006167517405388555,0.14813132344086552
-5.378259915423362,-0.027881706447603065,-0.009339585234892778,0.15534900183995873
-5.375322305083797,-0.022404387114807803,-0.004073984887724196,0.14517227285819437
-5.374064577086775,-0.02124640155238668,-0.00616100223672943,0.15002949826805115
-5.371566143800492,-0.020447793002090424,-0.005337359799131261,0.14911566545333294
-5.369993054041617,-0.021030372889401856,-0.006825512232801968,0.15099981086129255
-5.368582310693744,-0.021782369605669035,-0.006288290125584018,0.15004089990792344
-5.3678878349228025,-0.022086169768548755,-0.005755386354552474,0.1471541009885527
-5.366239910404148,-0.02503643923392564,-0.006340107149856285,0.15089437266150757
-5.364368698166145,-0.025054650153978935,-0.00687330253133937,0.15010094776330468
-5.363309792879013,-0.027266491321661118,-0.01090080155122822,0.15800136191403846
-5.362552377168398,-0.025568131500477022,-0.004884475461933315,0.1450960816164464
-5.3606156516514725,-0.02078326920853689,-0.005508540818451925,0.14883543954003542
-5.358814806739758,-0.020627866892148204,-0.007014095032529707,0.15501573828490958
-5.358109396870167,-0.021323415789012368,-0.007632341412910082,0.1544844379881039
-5.357422835044022,-0.023431403800391715,-0.007040248614315838,0.1511324897381317
-5.354321919388839,-0.020579592009357172,-0.003779137000246051,0.14175930893681754
-5.353657179047244,-0.022250476741790513,-0.0044398920359368125,0.1442470312100502
-5.352379886859819,-0.021093497095721423,-0.0053302770484302256,0.15023387044910855
-5.351133379186618,-0.022892805143374717,-0.006632636261552021,0.15292091742282835
-5.348259172911756,-0.02182351427639423,-0.00834449661465441,0.1560727751995021
-5.345403625326768,-0.023727917851276616,-0.004657305382395163,0.14901885662782718
-5.344647013958965,-0.02244124214992566,-0.007922859627295211,0.15388827202158617
-5.344028839363258,-0.024524682293906915,-0.00573209339380639,0.1485516218554328
-5.3413420328102115,-0.02194215794854874,-0.006886382853489316,0.15243481683321494
-5.339744379446123,-0.026758224804839963,-0.007249962285875228,0.15187625465280322
-5.3384844193167496,-0.023545631730022408,-0.006346500251653211,0.15091866891437397
-5.336926998982546,-0.024710965579635865,-0.003655963809253425,0.14847079009824374
-5.3356901376776555,-0.021339818587089086,-0.005509972166379171,0.1478651993268106
-5.333425824423608,-0.019928658883421227,-0.005628540979703743,0.14954003626851808
-5.329969536644764,-0.02461324461279933,-0.006212647579468632,0.1510269519746214
-5.328927393171863,-0.023716582581723402,-0.006608769265682022,0.1525777127950387
-5.327280999323694,-0.0251343965895275,-0.009194095833214205,0.15683825969666246
-5.326038355141177,-0.022994901334024348,-0.0058135271833679465,0.15183826854137208
-5.323626773040008,-0.020827120936038356,-0.005703379137791324,0.14841186837951836
-5.322459732145634,-0.021830310910257767,-0.008070045226232971,0.1546664740072247
-5.321555675613074,-0.020765350205349167,-0.006076480231435862,0.1518286155570637
-5.320849310435784,-0.019928858173938448,-0.008808306147743226,0.15698520216671688
-5.319517620125192,-0.023603667968855317,-0.006068837221278383,0.1516479823099762
-5.319122984216429,-0.018418713325668894,-0.004118117706107119,0.149462307019757
-5.31640276312639,-0.02227163100517909,-0.005350115868587563,0.14904505775978955
-5.315365336543701,-0.019007159787878095,-0.0051130882778129,0.1507701658564299
-5.313733476060309,-0.024543520827563864,-0.005885391520475653,0.14748194227626787
-5.312864198632241,-0.022671147838196747,-0.006819580215422996,0.1525529078314061
-5.31147679251756,-0.022364223305914827,-0.005732507433102271,0.14804663322993047
-5.310284526515148,-0.022985773121181177,-0.008039900346257732,0.15423199292102527
-5.308214279805377,-0.022249348245242405,-0.008623977724231173,0.15860073547788955
-5.307166179992299,-0.02447677317092951,-0.00843400085635011,0.15679761293351266
-5.305286559603095,-0.022190691184947937,-0.008667941362009771,0.1560495833942469
-5.305195430787943,-0.020745985950059595,-0.00628928232698733,0.15167602536037772
-5.303002624452705,-0.02119121418994875,-0.007376294519963362,0.1495839483913188
-5.300929665949572,-0.023402136014286548,-0.006857352103609736,0.1519066716094657
-5.299870834376203,-0.021528857578101565,-0.0066846587957239125,0.15154138529616867
-5.298209826654375,-0.021733595333541064,-0.0059961418188383365,0.14951204543826466
-5.29740242469417,-0.019870035678326438,-0.004733932313734051,0.1496410407272266
-5.294362755688382,-0.021010756673391837,-0.00671263747132363,0.15108950306693378
-5.292925138446366,-0.02052909839137289,-0.006460535679570889,0.15411863903230907
-5.292437907763737,-0.019774239954612038,-0.003830393891060122,0.14666516145449107
-5.291619897267643,-0.021405223559563764,-0.005634465722267728,0.14744397808019596
-5.289401373703695,-0.01975574696965682,-0.007017337744590493,0.15585588116632926
-5.287900979887855,-0.019758313013522176,-0.005327591649898508,0.15174818444860658
-5.2868854092606,-0.01956369004170807,-0.004726145310545188,0.1530214326547783
-5.286219987218891,-0.01863993088940946,-0.003934070426196777,0.14645957502255197
-5.284420958207757,-0.021259461570205616,-0.006961367147401655,0.1569853368560705
-5.282462740580274,-0.023270567920683147,-0.0045821105723578715,0.14649533131962997
-5.280894317254921,-0.01882355345520863,-0.003444202258888974,0.14408433286373667
-5.280149040454356,-0.02109065006174719,-0.007954987405072828,0.15735694888312404
-5.278329334391013,-0.02165528939485206,-0.0045509401998427065,0.14895795616839563
-5.2763983551021205,-0.020586409733186956,-0.004091466127655428,0.14911982969979523
-5.273489046295614,-0.01824040864537284,-0.005197841659052409,0.15348889563359552
-5.273000847831832,-0.021517708043658053,-0.003980537245565685,0.149781345750733
-5.271248157323397,-0.016679783837771307,-0.00608111475433834,0.15724301698049126
-5.268227131988106,-0.024019135593214634,-0.0051335129350665734,0.15007314656715495
-5.267109742994787,-0.019308855267649874,-0.003727188687117922,0.15087368660950112
-5.265103893735852,-0.022667581862330626,-0.005002383532841477,0.14904428655908425
-5.264209379303976,-0.020420687581306544,-0.004915036331658371,0.14919685353222534
-5.263254350783426,-0.021421140748738573,-0.008129284502104922,0.15764587614322328
-5.260906905980656,-0.023936461447479226,-0.0032102812862969767,0.1511237108009885
-5.258798387311331,-0.020314184407819798,-0.004861745741230482,0.1482120089506244
-5.257741712042256,-0.01976924244045981,-0.007421744491012803,0.15429398625799928
-5.256697226919084,-0.024904315810493405,-0.002681247118007403,0.1412028658670655
-5.256374599264105,-0.020319777818648185,-0.007496540053915847,0.1578107742973271
-5.253702839653112,-0.01874049104427728,-0.006544949717184476,0.1560085783368162
-5.253051472886631,-0.019939480874691187,-0.005648746450887103,0.15383050298654388
-5.251921914201228,-0.01953932687303433,-0.004906870095025934,0.1547515316245915
-5.250501954406806,-0.021797750966601085,-0.0071600600624899405,0.157578696768204
-5.249215605727379,-0.019892677195486798,-0.006405870873035564,0.15613605033536818
-5.247499154135129,-0.02310344573183826,-0.00707598463810126,0.1566309495509938
-5.245224975619854,-0.01886635155370162,-0.0059302646690128965,0.1550547295351913
-5.244537346664424,-0.0212975270536442,-0.009162027852662314,0.15921103167669087
-5.242304355476717,-0.01980757410302435,-0.009662031264539468,0.16045142539819762
-5.239662968203834,-0.019195602136789076,-0.0062488566205917105,0.15465754196627854
-5.238853333291489,-0.017468792353485647,-0.006525485795310484,0.15969805823335692
-5.237183081674142,-0.01912168661934757,-0.006235153469448049,0.15594778149850974
-5.235597076531391,-0.017287637807822127,-0.006668251579596758,0.1579355538593642
-5.2346890326103654,-0.0193953688877732,-0.006978455494523717,0.15546289278560316
-5.232517543374825,-0.019232028575077102,-0.006526517824789953,0.1564627988838491
-5.231413270179495,-0.018163414508157203,-0.00493302117698946,0.15319409656645844
-5.228533420674435,-0.020713847146482296,-0.002846756709161909,0.15220680766706754
-5.2273420584390236,-0.020551974095021654,-0.005301744027741865,0.15356095406304263
-5.226314659045428,-0.021343501243969602,-0.006056370324931403,0.15484982733729152
-5.2247899014262185,-0.020678062469510018,-0.006186398700455899,0.15617370480336082
-5.2224590762957455,-0.020880019426820114,-0.005895912998525787,0.15501056467994156
-5.221205541039611,-0.022702239269384496,-0.007099880927948687,0.15711226176191478
-5.219939616275404,-0.015840975478194175,-0.005503907049650157,0.15678715102453472
-5.218727108165942,-0.018796421146981157,-0.0051543184861227885,0.15639409215815356
-5.216125643889904,-0.019784296401356358,-0.006323028906699223,0.15520890058929954
-5.215303703242631,-0.01828097268236217,-0.0044115534882124136,0.15383465691541612
-5.213061974320483,-0.02370638524802,-0.004632293513081955,0.15113803060474526
-5.212493615581468,-0.021722047522627463,-0.00709081783639867,0.15893021367411242
-5.208636721138547,-0.0172690331544454,-0.004684412867126363,0.15522530548516347
-5.205955455893174,-0.022259805706425485,-0.006550598627337359,0.15653642153631098
-5.205498219441865,-0.01744976659002072,-0.006953960746522663,0.15698032404695503
-5.203005595081953,-0.01965549965938221,-0.004267543117732299,0.15217524902407367
-5.2023151287403016,-0.01824236252288661,-0.004389749677324188,0.1538429515397808
-5.200431204524584,-0.019393007179895283,-0.004496056928871437,0.15574364051245956
-5.19984294631701,-0.02095706665901054,-0.004741905638431048,0.15526733339329643
-5.199107375336387,-0.018708816886837152,-0.0043594097274091735,0.151453079826181
-5.198240415578154,-0.0207972313832805,-0.007199676676230797,0.15707592208431848
-5.197405289598389,-0.020630200770706167,-0.009832371010906848,0.16497813460738803
-5.195720106726234,-0.01885893310437845,-0.004694511283423565,0.15373186292070026
-5.194385004374403,-0.0210178598205017,-0.003916673792730054,0.15115511341688392
-5.192001593368229,-0.021583313613210624,-0.003605868319814939,0.15151340176211675
-5.19021609660974,-0.01971556866768855,-0.0047424275202283765,0.15141277535767303
-5.186554717460014,-0.01942022105575887,-0.005020557346500187,0.15482658982101732
-5.185603291644611,-0.019830704918337626,-0.0053304389903852485,0.1556570809613526
-5.1832462816914395,-0.021822817643596348,-0.004607032961611347,0.15223075156721189
-5.181114106879674,-0.020315426122049163,-0.007026132281987129,0.16016972222429507
-5.179585718957991,-0.022040069715614376,-0.004128506232461475,0.1532612944978682
-5.178742674625303,-0.022888973638345748,-0.004309954662633575,0.15480667748105126
-5.176223486835725,-0.020851339750240137,-0.0038326163653966618,0.15464228553270679
-5.175937885013029,-0.019925639237394262,-0.0035353753800582764,0.1529674650228975
-5.174260776152713,-0.018817122470488907,-0.0029928756007323756,0.15146812486220457
-5.173756021690507,-0.020177434628159838,-0.002509030599216788,0.1533815363402115
-5.172815298898354,-0.01860485746051551,-0.004722950170324296,0.1557713302725193
-5.17051689708249,-0.019613531250767237,-0.002399472853557986,0.1507392082313212
-5.168971156477415,-0.019850133391452383,-0.005029750674339307,0.156799257217137
-5.1671948172662026,-0.023728637453760592,-0.003128367513070225,0.15531808261344332
-5.1661455854611695,-0.02098327172122194,-0.0056591273871855466,0.1594166702231637
-5.163791898041438,-0.018570001016151434,-0.003450379106050154,0.15431536657414396
-5.163443535570636,-0.01973928954719648,-0.004537388730530183,0.15678507287916355
-5.162204397768072,-0.018842806205118037,-0.005288033861588582,0.15850836904428
-5.161373138734412,-0.01878605471273831,-0.0032337142781492323,0.15522606339292128
-5.158798695060684,-0.016587888211445412,-0.004582910935818898,0.15648643856429248
-5.157031730328743,-0.018373520399916864,-0.004186554988353522,0.15344628838341773
-5.155894933244905,-0.022328865562622688,-0.0036595149777652936,0.15407564162203102
-5.15404558791279,-0.01742727489318793,-0.004857153054572392,0.15584411852022076
-5.152476730104494,-0.017292517467014188,-0.0037698233670602293,0.15505377729574032
-5.150256141512154,-0.02140726625489884,-0.0037371043106622943,0.15404416654648315
-5.149496697038911,-0.018740428111021782,-0.0035383222479381652,0.15501184589412442
-5.147358774297945,-0.018052360681375775,-0.006611970360940136,0.16193277233569367
-5.145291900433294,-0.01854209358136504,-0.005500052256100433,0.15929467815784817
-5.143974112540152,-0.015894131648588376,-0.0034416961281586917,0.15443694169932667
-5.14106701111666,-0.01789142759312246,-0.0029701544697912706,0.15382234082719698
-5.140215049464417,-0.015768322676775193,-0.005893088416947739,0.16273687482324364
-5.138698436368924,-0.01560666434907679,-0.005420565735579055,0.15723706381843824
-5.137851393234258,-0.016830252672297874,-0.004116258599799851,0.15876326467845053
-5.135558930521549,-0.015906116601014885,-0.004025166834272969,0.15727126137895583
-5.1348337852107395,-0.01848309912279985,-0.00740300344805708,0.16226794538613507
-5.132381996554208,-0.014217258054793243,-0.0042139702091452905,0.15958899716491698
-5.131358842927739,-0.01632947836006868,-0.004191814489860207,0.1588509879699053
-5.128843959744132,-0.017709659598890995,-0.006018755314463988,0.16351323997558367
-5.128164598842188,-0.01706328089052025,-0.005032992653349077,0.15974771867225426
-5.12395767534461,-0.01981107459807905,-0.0034637322309766924,0.15533997166490585
-5.122782307027038,-0.01695270125203276,-0.005231734773079716,0.16014675715064722
-5.121721117677132,-0.020153917070267507,-0.006081169677399584,0.1610986219830396
-5.120514733321266,-0.016892379560327627,-0.004560743835750014,0.15769380593878918
-5.118771704641103,-0.019431294131215783,-0.005730597584170951,0.1602454264953647
-5.118112615154885,-0.013839634539650987,-0.0044379741136933,0.15859510897565043
-5.11591030898185,-0.015532069758025974,-0.004233159463285934,0.1585048772070728
-5.115621115981062,-0.015434627587208868,-0.0037216746236938586,0.15723542233894552
-5.1140197164173395,-0.018886723668529722,-0.004626581188414054,0.158508943693226
-5.111592390534796,-0.017735962619109303,-0.006218377663237001,0.16015608742442988
-5.110485194442914,-0.01634529384125991,-0.0032610158473162574,0.1554474630424411
-5.110118946070605,-0.016281621873992947,-0.0041409153968007826,0.16019915999026343
-5.107582402449878,-0.01788126057383172,-0.004238319163987966,0.15778571425471985
-5.10673091406682,-0.015217368372497623,-0.003246077322015829,0.15500603628149867
-5.105628602308117,-0.015208530480675666,-0.0031999165545733735,0.15866856749721192
-5.10384744764931,-0.015963516449057205,-0.0034416194210202073,0.1546841292659073
-5.102604557663406,-0.0168335121226742,-0.003101300808143526,0.15746324319819344
-5.099649237764089,-0.015043128387725369,-0.002647099702633183,0.15502374891138182
-5.098286650762283,-0.015298139139498986,-0.0005461032840633511,0.15505676661042747
-5.0970911664362,-0.015586418468642,-0.0019307100454858865,0.15911980830948327
-5.095196824793601,-0.01829502619221358,-0.0033617350476950565,0.1562382661179873
-5.094308948131808,-0.017543627146489726,-0.0054063684583241,0.1599136333171608
-5.093074283199415,-0.015641831316590436,-0.0033396527533228,0.16194945828990961
-5.091751014201171,-0.018364629473885546,-0.003334128274949278,0.15578068286435975
-5.090872736912888,-0.016718280357129866,-0.0014213855678829469,0.1555068160231537
-5.090247303971231,-0.014310675218407674,-0.0041177186592498945,0.16010127447582587
-5.086626020078337,-0.014529969265298386,-0.004381314269992963,0.16191089268597508
-5.085338242818909,-0.015262719346494346,-0.003367571703966089,0.15717395632791628
-5.083246343797957,-0.018240802330756308,-0.002028850267692061,0.15745625449442907
-5.081534065088479,-0.015250644850811899,-0.00495446336535994,0.16200015658799094
-5.081262190316736,-0.015119832541573511,-0.0029364183476981625,0.15647278317662427
-5.077749129397615,-0.014998554711880042,-0.0063738042522296715,0.16637917867270038
-5.076381620805816,-0.014871476865728532,-0.0015409107337107449,0.15737211255998587
-5.072477808102472,-0.017827013922712662,-0.002643247221785987,0.15966688011049907
-5.07214499556711,-0.013684744375326737,-0.003777456864886471,0.15667529901413382
-5.070056074874636,-0.015141266656324558,-0.003118183623242423,0.1592102438200113
-5.067540262301557,-0.01455334866782661,-0.0031042346830890506,0.15821043199401266
-5.065604100262915,-0.014966243571881085,-0.003833598930529712,0.16118908734820117
-5.064841144840144,-0.015179031999968366,-0.0030545060851226522,0.1555832090215311
-5.063744348038435,-0.014231945682887208,-0.0016412346345243338,0.1552597620587114
-5.061744542075843,-0.018925785609132603,-0.0026399625415400134,0.15936010992779334
-5.060188790287576,-0.012691693220123843,-0.0024933870514570284,0.15842152385025093
-5.057560374138559,-0.015275171132534925,-0.002329513850745955,0.15591540637140192
-5.056937544750166,-0.017477479825709324,-0.003238782606784403,0.1603968646936735
-5.055842869874314,-0.017818265142664567,-0.004086546302040238,0.1590041921320479
-5.053140513461147,-0.016601940927125296,-0.0033399492047018965,0.15619812445861328
-5.051109650320084,-0.016121414771904725,-0.0029427453142448897,0.15671961628024095
-5.049469621837539,-0.017919299488640576,-0.001590403789605166,0.15596893383680432
-5.047524140714373,-0.01544409879631652,-0.004272790100410249,0.16258587790823484
-5.045536809151815,-0.015533826928881412,-0.0025088842487548473,0.15667505068430176
-5.043654979062939,-0.0167095797617773,-0.003175558797872752,0.1576290400351063
-5.042279117578827,-0.014208218017381582,-0.0024588493497192023,0.161024995733307
-5.039550314895372,-0.014882372865466415,-0.002508442529023298,0.15772894276011046
-5.038156218826947,-0.018221475188383435,-0.002863079061254844,0.1588186758487795
-5.036898438527694,-0.013929600146175765,-0.0023200415983880775,0.1566229351083499
-5.035528190996624,-0.018248246455590388,-0.004038203072529717,0.16130146176060106
-5.033875007219174,-0.017810712680704627,-0.0010738445606955733,0.1554117003671177
-5.029714218874985,-0.014739222748178469,-0.0022988803328137515,0.1571764485099107
-5.027737285021135,-0.015902799574465835,-0.0026568449225255353,0.1619992945253515
-5.026429739598331,-0.01571562126704873,-0.003986611970432006,0.16088499660676397
-5.0255730499589,-0.01520312557679875,-0.0031279347749135476,0.15925426854473781
-5.0234216382008166,-0.015902045960752283,-0.0026897614742876948,0.1594853021101651
-5.02211651293685,-0.015260923245788292,-0.001246985663236243,0.15789922867608946
-5.016959223956117,-0.014496711218914443,-0.003486684625601549,0.16310813062319232
-5.015887862059413,-0.015311128700572487,-0.0024563743501264668,0.16186927191732087
-5.014873049726047,-0.014884389999976322,-0.0015755077661769716,0.15840400320379106
-5.013411483772554,-0.015302104664747766,-0.0019183432183526167,0.16065218769794418
-5.011370755812837,-0.017795253745148107,-0.002034494946723429,0.15757394733727434
-5.010618467300411,-0.017126895512012408,-0.005192608492018092,0.1622753747739942
-5.008080541533556,-0.016101142084165514,-0.002627945104377568,0.15966276100107749
-5.007298922081394,-0.014893963903799592,-0.004268271430752773,0.16230520756432207
-5.004400085434661,-0.015376790661479775,-0.0032739947060356637,0.16158593809636182
-5.001886765791595,-0.015972085660231648,-0.0030609961826796434,0.1608403081525534
-5.0003372729851066,-0.013499367175365868,-0.0028745258257341136,0.16246759287845813
-4.9987746610530115,-0.013222300449165681,-0.002898210525524986,0.16438912734099145
-4.996054435943431,-0.017194655781544128,-0.006307360274832257,0.1635677849506492
-4.994583230742864,-0.015403578860061252,-0.0027349076848944376,0.15922792271628472
-4.9936792585191885,-0.019042710943398468,-0.006518169779781638,0.16208622945584497
-4.992852157836098,-0.012374031877930214,-0.004226171627138265,0.1649597076859252
-4.9916073727725685,-0.015639122330980405,-0.0017380808967696264,0.15850133719268242
-4.989381846060765,-0.012435316551678439,-0.002355324171992895,0.16301521748246212
-4.988496442166002,-0.013608973192235403,-0.002829839358262106,0.16184374503565555
-4.98604692844204,-0.015597985449514335,-0.004003318267754714,0.16257629492675518
-4.9850617691583645,-0.014193576781334927,-0.0028206737638726363,0.16034419744882752
-4.982966029651914,-0.011886404662055242,-0.0020964842872297973,0.16253932975849528
-4.98031683077173,-0.01723100835222636,-0.005011528513495895,0.16048193773425368
-4.979219907601084,-0.014358881588869289,-0.0036452888356405,0.162019440370786
-4.974659382163267,-0.014213710754992396,-0.004006947440708767,0.16376589940260164
-4.973690386911989,-0.01465941691672187,-0.002781292513304014,0.16284329358812874
-4.97112758071817,-0.013509836312083967,-0.0014257935126291107,0.15998843389207426
-4.969665452723298,-0.013990459337985156,-0.004055547838813904,0.16528306917705135
-4.9688620762162055,-0.01489451555987718,-0.0017877129602324514,0.1593128756827304
-4.968061210315308,-0.015167628803377894,-0.0022060698256263648,0.1615300348966242
-4.966158169352755,-0.011765714724175955,-0.002501171076583928,0.1653955286271541
-4.964090120211099,-0.013748250491454657,-0.003997066912562557,0.16478323583567728
-4.961969597495147,-0.013352969687534794,-0.004477890285443549,0.16502158235028744
-4.960147134718706,-0.012884015593030138,-0.003386522879145402,0.16253141554807926
-4.95907933097174,-0.015047226717929796,-0.002292372836289036,0.16027070215818093
-4.957225070738458,-0.013258233167896153,-0.003643528627116389,0.16621574206987158
-4.955109004571738,-0.012328792198035522,-0.0024230663919533033,0.163174624833952
-4.9523897001429775,-0.012755617441336707,-0.002524301469602285,0.16117457931964507
-4.949346332939686,-0.011111215731685829,-0.0012619208457646475,0.16134127687872069
-4.947478287282004,-0.01479388745676356,-0.003977714020090131,0.16363957205386354
-4.946212890814947,-0.014931240118571333,-0.002703894268876283,0.16173047322725012
-4.945965037933792,-0.01371881003202929,-0.001467734719990036,0.16086421961459646
-4.945303540846338,-0.013191146910702172,-0.0017684499545485872,0.16235649863090687
-4.943898425193963,-0.014672132198350514,-0.0028398604892037275,0.1615675002454802
-4.942515850320392,-0.01119674598646051,-0.0034259446012638744,0.16636324310475878
-4.938981288902606,-0.0143326312344497,-0.003393530897150555,0.16498055023736438
-4.937907225624412,-0.012600596409909242,-0.003422469835749572,0.16304051712004988
-4.935663533047085,-0.010661657666502365,-0.0028807891165539144,0.16258993396039784
-4.935325660139063,-0.015416965468808132,-0.003692936045923071,0.16413865318274032
-4.931434473813207,-0.01193243593788413,-0.0029422709194475223,0.16581893241426726
-4.930453546496608,-0.012510598090951728,-0.0025422826189261684,0.1624600157672131
-4.928930627357591,-0.015118253223749543,-0.0019306826537478902,0.16076615500974928
-4.927415128017979,-0.012032440983872024,-0.0031395232203796104,0.16557421466770408
-4.9239846266516025,-0.01362035396862213,-0.0024408648917132758,0.1600457032219302
-4.92255630520949,-0.011747061866870679,-0.0011709305491754058,0.1633695210265063
-4.921582954828696,-0.012318403835326754,-0.002552628994888741,0.1663162442549519
-4.920699684265245,-0.017741400970741287,-0.0013575256092846837,0.15867925710646819
-4.917554347930203,-0.012460567705748573,-0.0018256240729743064,0.1623414806182477
-4.914681287914873,-0.014063289722965989,-0.0023266820943169905,0.16260912831590976
-4.9130832508468805,-0.01317408375851535,-0.001736321271825316,0.16293277739594214
-4.909782953986662,-0.010511061782867362,-0.0021780461603805716,0.16590445280714503
-4.907236144104133,-0.014183852904576544,-0.002004881605466954,0.16003366990088305
-4.905662040867036,-0.014072248154956946,-0.00213345836290208,0.1625538224979879
-4.903483811742434,-0.0119487951497587,-0.0016705183035494952,0.1623781643889955
-4.902829660204602,-0.012507187530367558,-0.002326893586577774,0.16206611594537193
-4.900824359805785,-0.01409940034338851,-0.0011805107301493792,0.1591364357878686
-4.896821071922435,-0.012214010044651983,-0.003317267643263668,0.16410284548123977
-4.8956652263883065,-0.01242591158751916,-0.002733976672144568,0.1629647192663145
-4.895059063707048,-0.013453199106948673,-0.003065759422539302,0.16328749860147773
-4.893298444406229,-0.013708780359513548,-0.002412038699777377,0.1627355997554693
-4.888492542181562,-0.01262603370683141,-0.003764514790022079,0.16281425789529141
-4.8880779166150194,-0.01156212492160408,-0.0017646241615584559,0.16393324019010827
-4.8867657562944995,-0.009881450535087823,-0.0021923696403737965,0.16562789655146015
-4.884618303126983,-0.012481442436127093,-0.003668704995091431,0.16728278772004362
-4.882519534029452,-0.012262011359142939,-0.003329584290652795,0.16420014427282262
-4.88200992900564,-0.011461132715140765,-0.002364905073243865,0.16497054469611366
-4.8792005064339765,-0.014648601016291011,-0.004209089688726467,0.1671499398945699
-4.879089452561369,-0.014351553292841768,-0.0013721790553980872,0.16070788615479945
-4.8752741488844356,-0.012221729831081751,-0.003394368889178942,0.16475222264179298
-4.873345193245358,-0.012886526757883996,-0.002581590666984182,0.16468771189561626
-4.872441946533153,-0.014065667432242409,-0.0011871784973538583,0.15810243534303145
-4.870737289943754,-0.011858106627135247,-0.003830913554506469,0.16821154995819454
-4.8696245217882215,-0.012093874068349646,-0.003253395981539657,0.16449177582869096
-4.86724530254964,-0.013732965762712093,-0.001357438352347971,0.16060999179870886
-4.865571468001959,-0.012949203251958636,-0.0012269239542835057,0.16120552963126283
-4.863285317297265,-0.012809481408266009,-0.0036678462641610084,0.16479471976416768
-4.862040424563442,-0.009954590889514295,-0.0016455500675900514,0.1661552923722656
-4.859737654969466,-0.011580693957091225,-0.00280058388322729,0.1662253600898725
-4.858737848473233,-0.010411813875769758,-0.00241213650758879,0.16695240131113126
-4.855826786243792,-0.011113099219600422,-0.0023297254088281713,0.16513239758524442
-4.855060039349781,-0.010697769018588016,-0.0016277372345284945,0.16341561132768495
-4.853535574443405,-0.013909285952621015,-0.0011414786368346302,0.16235000303027228
-4.850191034076202,-0.013639022957841257,-0.0027074452552350147,0.1613486038054016
-4.848329397821724,-0.011384911431451355,-0.00311249864173179,0.16627103209638544
-4.846201598120526,-0.014082931514803745,-0.0038221477238342787,0.164149788637456
-4.844258415311421,-0.014630122701071207,-0.002062631379256903,0.16062633900158554
-4.841545249791482,-0.012524134788427713,-0.002656310283435179,0.16395432391841172
-4.841222306871905,-0.014000567258930903,-0.0025261745572834164,0.16313917433465136
-4.839743527907965,-0.010258186187713899,-0.0024383789970933165,0.16413985941998327
-4.836390341183413,-0.011110810954372014,-0.0013528451825091015,0.1646367769272258
-4.83588743951206,-0.012550502494394824,-0.002501964690650242,0.1631060586163142
-4.833120799342413,-0.009193069587531062,-0.00280587443599469,0.16586809742310335
-4.831237985978754,-0.012741515816554066,-0.002875532922823709,0.1629183511688757
-4.829487325307056,-0.011843978142809634,-0.00448589186143324,0.16782026619728
-4.82729449602401,-0.009805204012912324,-0.0016549946873154681,0.1655083609870602
-4.825706334031798,-0.010580822222914454,-0.002788103410279532,0.16385958619927105
-4.823214221773448,-0.010624801759376865,-0.0007576974400599405,0.1603406654684855
-4.821319449429722,-0.01178792813240951,-0.0017416825813905492,0.1606047566333261
-4.81893223906074,-0.013513483565819336,-0.002343604504836031,0.163636576310065
-4.81730896446856,-0.01270174213390015,-0.0012305569839476853,0.1607464143091298
-4.8137391451046225,-0.012071124332157757,-0.003746090932324189,0.16321186580098485
-4.813353698824087,-0.009588634541867997,-0.0010583878547110203,0.1633966917632474
-4.811238173044869,-0.009734549731942826,-0.0033393137327638435,0.16711766198147282
-4.809134988732498,-0.013003791001290375,-0.001150922491343673,0.15977997160934637
-4.806648558164774,-0.00918929810585494,-0.002332608990576063,0.16519215009453292
-4.803337589509839,-0.01078216098059932,-0.0014337620479998843,0.1618621784851736
-4.802154393474587,-0.014481874998677223,-0.0023273933793193187,0.15829192508006787
-4.801722811745034,-0.01145256185241132,-0.0014265863164190558,0.16329666667268905
-4.798433054186226,-0.011667344165839593,-0.0029322430276292675,0.1663267464840793
-4.796442265898149,-0.013105505805231855,-0.0005787488312499203,0.16372438182833743
-4.794895520732131,-0.011318209979824719,-0.0012938939996799523,0.16309578586608572
-4.79001740741681,-0.012767252170249127,-0.0018949007781077641,0.16434004420461445
-4.789449069789937,-0.010193331637090425,-0.0010465260669373466,0.16496335180756702
-4.7867964769580915,-0.011280533617569265,-0.0008736500007408924,0.16056188246327585
-4.7843486689787955,-0.010452821085706417,-0.0012916034518879952,0.16301868429926233
-4.7816086342977995,-0.012416267629518992,-0.0012081655295085873,0.16211023735128288
-4.779889583686932,-0.010815165157285807,-0.0013124675432665135,0.1644375684504191
-4.7767561005946275,-0.011550980205579466,-0.0009437311933224578,0.1608909849268175
-4.775021780772143,-0.009888055865678575,-0.0022035551684007047,0.16585097194114748
-4.772876345602763,-0.011722563440605892,-0.0013937495952737915,0.1618067922525882
-4.769368734541292,-0.011206054709338527,-0.0008342564320899808,0.16084060572824244
-4.767114480300688,-0.00973838349078877,-0.0013153624528188517,0.16463595396131175
-4.766569532141485,-0.011928102553019071,-0.0006705358429792876,0.16191558655383517
-4.765031854739322,-0.011569656303318286,-0.0031253186021413626,0.16587502851388675
-4.760494031891327,-0.011032256165315769,-0.001430539158344014,0.16400093259621756
-4.758560374613377,-0.011399589315426544,-0.0029326598751027964,0.16389789393679716
-4.756532419386794,-0.011328983746036784,-0.0012280843001446053,0.16057621586432488
-4.75466864057534,-0.009979577335918241,-0.0014920274480983346,0.16640707558064147
-4.753473596227746,-0.010486446533206222,-0.0030696886369980573,0.1648425011044965
-4.75074715911658,-0.010540628210328166,-0.001131176054121644,0.16185912637678201
-4.747830913929846,-0.011119678017828566,-0.0020123217572329388,0.1654349331304254
-4.746848805870076,-0.013829059166779518,-0.0014100171544122696,0.15938618142714903
-4.745077107891101,-0.00977795819075446,-0.0012521741206760098,0.1671226752082594
-4.741335126355695,-0.011899084481018998,-0.0006757699650110402,0.16038173483580706
-4.740075191886147,-0.013034215705853518,-0.001210032122193405,0.15906377034804792
-4.738050967871875,-0.010972284529944669,-0.0011705351524242595,0.1634784812307085
-4.734937922482364,-0.01057280490363903,-0.0017519554334841708,0.16376604796361602
-4.733103311790511,-0.013927433815062257,-0.0009229091208166216,0.1599093281041644
-4.730835294287564,-0.01223692045774847,-0.00224318658707194,0.16315576709559867
-4.728826319728319,-0.01083383215477789,-0.0021449612801733116,0.16651627812059003
-4.727439595904353,-0.00929217906369217,-0.0019376399267205678,0.1663235860394707
-4.726081006281595,-0.012626344569655983,-0.0017327816824990257,0.16415058217522788
-4.72477560278912,-0.013250571434019812,-0.0010693729767496552,0.16118756737696305
-4.720696011535413,-0.009563068917632,-0.0020316799982972285,0.1650339686332752
-4.717962133771414,-0.01011519920789824,-0.001159860782503249,0.16480336227119233
-4.715697464779277,-0.009656345728096328,-0.0016724553863882053,0.1603726739598424
-4.712402094171336,-0.01115241943548937,-0.0022956233476292614,0.16706388825457144
-4.710901276548941,-0.01141079792671603,-0.0013850509019471707,0.16469196261428914
-4.705730962888547,-0.009454672186276533,-0.0009552061662646926,0.1581428647200099
-4.704868509784772,-0.011457736576072132,-0.0026150868838084223,0.1637562504648234
-4.702243600674539,-0.01363126986938328,-0.0018840766729616286,0.16200804938933425
-4.701385226375289,-0.010301526131328204,-0.0010927681751607002,0.16375652693650414
-4.697813143904694,-0.011451786608706813,-0.0005666831671579598,0.16278942281324707
-4.696824991494546,-0.011403064663257004,9.903628904556872e-05,0.16092854850968236
-4.694690092858588,-0.010439338912465651,-0.0019311830996854818,0.1629586731229792
-4.692055724978123,-0.011196835774154899,-0.0017721278708033076,0.16621672584409594
-4.689767441099798,-0.011422220875396192,-0.0011861035693417144,0.16245827052040152
-4.687336025403071,-0.012106633607430719,-0.003832059857978904,0.16743672317011857
-4.686013785988542,-0.012306065146601396,-0.0019416760255209196,0.16506592620574448
-4.682679273965284,-0.008530971545623312,-0.002069767932798521,0.16816826245270855
-4.679806504355953,-0.010022364530706221,-0.002183505742120244,0.16414708358538505
-4.678295026702999,-0.012388123164018446,-0.0013702994680596205,0.1638648022530288
-4.67485635323095,-0.009026997073591031,-0.0014801501119759807,0.16691946871714242
-4.6733166604994505,-0.009518229358160983,-0.0017951988521299651,0.16372856895128995
-4.670020826037189,-0.00975530317963816,-0.0018486809837749572,0.1625941966616105
-4.667615997325122,-0.010812513849837859,-0.002005776477888924,0.16486745175552667
-4.663708223150587,-0.009064321814902547,-0.0014192559031119896,0.16661111844997165
-4.662837033665879,-0.008615916316665301,-0.002346326359790496,0.1678717451313877
-4.662222502026261,-0.011350410029872814,-0.0015951067802176617,0.1620472585468664
-4.656455384250885,-0.010893779723057736,-0.0018369406619059881,0.16550175293582078
-4.655920740542693,-0.010789198906033642,-0.0029567399381903504,0.16784945639674406
-4.653652092140938,-0.00848806469291321,-0.001424228549793607,0.16488096248978862
-4.650648857864099,-0.007301743886022148,-0.002707031893974124,0.1688071279194316
-4.649348244516377,-0.007862723529916944,-0.0029633392819302558,0.1670324191366337
-4.646581904664044,-0.010989572557727978,-0.0007048272691876754,0.16482456032904197
-4.644224444803514,-0.00992513721358608,-0.0015127482906488517,0.16514583611313158
-4.641885751595798,-0.00865395199009251,-0.0031319962259705974,0.16726324315667096
-4.640891789777038,-0.008283591811137633,-0.0017374914965883896,0.16813474608878948
-4.640176354478139,-0.011941849006008254,-0.002266451630760283,0.1624261480179619
-4.636578724194005,-0.009785452835335528,-0.0017325661146837324,0.16364714536609093
-4.633152071338195,-0.009115810267161089,-0.0018388906002048384,0.16593358585954235
-4.631157964408464,-0.010444977260599944,-0.0015696489943377847,0.16617883520355026
-4.629941146756739,-0.008426418295679045,-0.0022121103235438577,0.16820521365202876
-4.628503015544963,-0.010256180730713719,-0.00219592667259439,0.1665448710278233
-4.625879460432407,-0.009239201833458615,-0.002181384350494795,0.16757016556437337
-4.62358289115603,-0.010368349784166673,-0.0006603491017912403,0.16275025659045936
-4.620777735064462,-0.009771656632650247,-0.0011057769531078044,0.15696531852327375
-4.618272706365308,-0.007186404101402558,-0.0014247116476131453,0.15929112270108411
-4.615767607676337,-0.008409488433425993,-0.0018733401300664752,0.1661651088633532
-4.607878253118672,-0.008167101533683024,-0.0017544845976421436,0.16351893359606628
-4.606577393975072,-0.008686363609410417,-0.0012390404411795318,0.1654647532910886
-4.604178863275134,-0.010803614022957965,-0.0018994686925846967,0.16801045400397505
-4.603229484939389,-0.009176702588331387,-0.0014183252421515967,0.16669796735592948
-4.598451369920239,-0.008882291940584338,-0.0012703814520058935,0.16171775915588296
-4.594981313184981,-0.00658369337849809,-0.0023056417157644904,0.16704648309831135
-4.592885499906802,-0.008511274200293835,-0.0013877502338113601,0.16575134726971333
-4.591923031192951,-0.008616405919399715,-0.0024168575623585518,0.16871432294259064
-4.588365713964346,-0.007270113011138002,-0.0017946662391853422,0.16552266586013792
-4.585425456099177,-0.007295747709423142,-0.0019169863172059558,0.16649072246547406
-4.5829184375669785,-0.009565304719232883,-0.0017930351705146082,0.16550631942835387
-4.58063237431464,-0.008501588759021185,-0.0021636025632385232,0.16353296890191585
-4.577476385744212,-0.008406168853439958,-0.0014115200876185549,0.16267313498935668
-4.574499167085301,-0.009302981636465344,-0.0006196005592235412,0.16385217299619256
-4.573210262319223,-0.006733745485193226,-0.0012167061728613478,0.16372626223411557
-4.569524849205195,-0.007149248385572037,-0.001826493195396253,0.163229262840939
-4.5656522313491745,-0.010999959831456543,-0.0017514910860016624,0.16409922497709462
-4.563341612778943,-0.007047024156656818,-0.0006760657365410377,0.16326932884074793
-4.558293896884518,-0.008811358249358364,-0.0012615424076767166,0.1626414634022661
-4.555914373447433,-0.007793985882904514,-0.0008399752247302035,0.16270716653606915
-4.548765477630091,-0.007376065225675445,-0.001038751770118879,0.16530639465588856
-4.546461742352906,-0.010660943084314143,-0.002606127403712838,0.16359658801937624
-4.5454234758410665,-0.007725024482110683,-0.0025890315473434326,0.16673519262323405
-4.544303532537371,-0.008152573559417408,-0.001763351700722049,0.16349892433810975
-4.537410791654634,-0.006481804625657461,-0.0019129769058387409,0.1631915389008378
-4.534603774993302,-0.006935682606140188,-0.002708439783218379,0.16267296172818246
-4.532736762867371,-0.007226925441429389,-0.0023196939505950955,0.16175283337351387
-4.529776767432643,-0.009560082450766397,-0.002896455114257569,0.16502883695217568
-4.52754623202295,-0.008467303402610833,-0.0030885927562238676,0.165073605438893
-4.525691656428126,-0.008578615636544133,-0.0020227481066567117,0.16075609814046563
-4.523792717344133,-0.007366543178385206,-0.0017807845636733704,0.16012319126670585
-4.522631316636697,-0.007565666965420697,-0.0025388812600175715,0.16307075550041097
-4.517174720499831,-0.007546744201326677,-0.001569038993401985,0.1604584077207901
-4.514931756487433,-0.0066056680816059515,-0.0021150993160463116,0.16174462743212542
-4.512977574373362,-0.007726548667687811,-0.0021108503943831902,0.16330081526317508
-4.509971145575476,-0.007867324949328788,-0.002105172346906062,0.16066615936776335
-4.503510295865854,-0.011667598540560993,-0.002519586982341751,0.1599251731771949
-4.50284832762584,-0.007675585073294379,-0.0025180940195341697,0.1635246076853699
-4.500692769459988,-0.01034393736719077,-0.0035082198735689797,0.16283661094327093
-4.497161901313659,-0.007292110162371831,-0.0023798695718532607,0.16359789912322434
-4.492265109063335,-0.009574190396470486,-0.002836898305264692,0.16239859574009657
-4.489943731087029,-0.007883220994364929,-0.0014081819289594561,0.16005571455285494
-4.48943686297994,-0.008079651479034439,-0.0024035920205892868,0.16393421001361255
-4.484222788900945,-0.007629394687825292,-0.0036880855813453974,0.16225154861426383
-4.4810889302909365,-0.00898787147863554,-0.0025160703582785653,0.1626078298202807
-4.4795721310523335,-0.00797167830231881,-0.0036241706384719814,0.16286091980910258
-4.477423914737617,-0.009180550690889315,-0.0034307397049454457,0.1633778792641603
-4.475205955489773,-0.009489096871899496,-0.0029305201466393142,0.1626653818652134
-4.474238744226536,-0.007725075934413415,-0.002883282493276224,0.16500922749185068
-4.470642477074448,-0.008569257486913093,-0.0031651162511265635,0.16227543056223984
-4.468367224273773,-0.008120256797215359,-0.0023858165464710926,0.16267996215005953
-4.456016578207041,-0.006433214444910952,-0.0022299918451618743,0.16043521314587045
-4.453333348547172,-0.009895013499261713,-0.0024262407864376508,0.16040660871515047
-4.449227442512567,-0.007487072015372935,-0.002985852555847187,0.16552602122676252
-4.439192677898595,-0.007545987898733802,-0.0023394362449680357,0.16069369975041414
-4.437222099267733,-0.008299907774396853,-0.0021638710594288403,0.16298374078424407
-4.430762296491353,-0.006422136430165253,-0.0018850524551940492,0.16098397709459844
-4.42786636148992,-0.005635112502656814,-0.002039755713939046,0.1654996473334715
-4.424406959297595,-0.005588307765668558,-0.002148335146484451,0.1612998815358601
-4.417272343472796,-0.0067098492605843305,-0.002482677160493546,0.1590993700388618
-4.408774149624421,-0.005499877064954624,-0.00218902008421443,0.15921844554377465
-4.405650249072599,-0.005525031042358998,-0.0024486951592519956,0.1577253832323135
-4.403056767254669,-0.006881591440461722,-0.002036717460315926,0.16010002885352254
-4.399382053945141,-0.005362262436734873,-0.002119862143402364,0.1561211601201492
-4.397879800431959,-0.0055843096055441,-0.0016397978734841504,0.15759826840139465
-4.3905728641551525,-0.007579738960453264,-0.0017693258430494009,0.16308669270179105
-4.387893261305342,-0.006353958623189366,-0.0029223936136317857,0.16117878154649987
-4.386359323490441,-0.005039714038428796,-0.0018431621255792052,0.14763452712108405
-4.378096334228428,-0.005854283183347926,-0.0024212750992587623,0.16028995082933645
-4.373646638328319,-0.0063562030750272365,-0.0030102640581171846,0.15888576196706702
-4.369034945501599,-0.0076740199388272015,-0.002074777661357693,0.16079389514291142
-4.359644001148121,-0.006520540474506985,-0.002679111128112046,0.16156115192856615
-4.358182414550753,-0.006210567808703988,-0.002500693463498057,0.16070086800745959
-4.356815750958721,-0.006031974060771379,-0.001103740659385377,0.1587740321309303
-4.3502262381709835,-0.005198539231091028,-0.002794594759660137,0.1618073265428575
-4.345712423140528,-0.005510116165860409,-0.0018581089295136312,0.15999141138296016
-4.34276448424269,-0.00537446359816465,-0.0014252461977546915,0.15715590723039824
-4.3380316436039275,-0.005556238482779114,-0.0019352529456437878,0.15934850198487574
-4.332003595403231,-0.005596355881834687,-0.0010987576031817746,0.15685828969990517
-4.325099917360503,-0.006189607195855935,-0.001920838124127293,0.15763582532795783
-4.32116992362294,-0.0059139546079020385,-0.001523257821131551,0.15397400339540626
-4.313302283603875,-0.006717118961722351,-0.0026183912010630016,0.1581213311133533
-4.312281996127086,-0.0065424130265347045,-0.003205768969709612,0.1574481570339188
-4.305343450643506,-0.0061278288868793504,-0.001539162726111117,0.1557361867770456
-4.3022964283509815,-0.007163799118847767,-0.005504461835335703,0.158987025286619
-4.294966911872426,-0.006921300447840947,-0.0022921008427861773,0.15386304069279128
-4.288234678152306,-0.006893524353692988,-0.003450573805506113,0.157207923120015
-4.282507323479756,-0.004682036366672062,-0.001570773248728216,0.15326427320308947
-4.279851588400749,-0.005464906008590001,-0.0015713843144701948,0.15326231243450827
-4.276453725144188,-0.006559622194734924,-0.002426350890824834,0.15418920988673687
-4.275709099751499,-0.005678989267861236,-0.0037527728734276385,0.1545304347193609
-4.2691865803131925,-0.006777396249874863,-0.003179891410754389,0.15726675246651553
-4.263678999541379,-0.006680508577304533,-0.002528677666937509,0.15291875408424851
-4.255949951368522,-0.005470801978460988,-0.0012303503008990015,0.14915494702944335
-4.244350258276885,-0.006450190847884041,-0.0035596261127457283,0.15078881253685364
-4.242799476082386,-0.0066699294986588414,-0.0038897456310939063,0.1529009561589983
-4.235134601142032,-0.006979775968396057,-0.004806975024281555,0.1508902279572768
-4.232326082232684,-0.006373849084645412,-0.003937675058551872,0.15283766148672198
-4.222111015539202,-0.004283877000407368,-0.0023130478767438402,0.15346843874163416
-4.207500166049964,-0.004809740469234644,-0.0029274502453474137,0.14987155867587407
-4.19998014657184,-0.004776806251980736,-0.0019550762558743244,0.14875763933639222
-4.192313777492183,-0.004560243292964676,-0.0016521017875293573,0.15026120739377588
-4.187776891992375,-0.006710443358910261,-0.0021119604934309627,0.14682945679457896
-4.182821772877833,-0.005206429371457646,-0.0022060524791214908,0.1516898999105646
-4.169186407209227,-0.005280801798564389,-0.0013355474908295366,0.1504163926116726
-4.165041800337261,-0.004972484339400889,-0.0032434234338560275,0.1436005652495467
-4.162419124577509,-0.005421900828707971,-0.0031379013124584495,0.1449528651046977
-4.153931287298864,-0.0042642404658097734,-0.0014775266175188879,0.14560371353127896
-4.1282234032132665,-0.011222988496104843,-0.00455563720938985,0.1491478765421588
-4.122861018213825,-0.002783181198533474,-0.0006383058677327636,0.14780537552068562
-4.111272971293884,-0.0023629133962431654,-0.001434388334218116,0.14067213816010576
-4.106660686382354,-0.002778807811208831,-0.0018530463794992325,0.14124331955282837
-4.100070929526005,-0.002662848996890937,-0.0018013245668568097,0.14092283925647311
-4.048664172872997,-0.006697815213060282,-0.0002031161719521201,0.14926252702858392
-1.5604050918607575,0.04026658284588939,-0.19974452460701486,-2.1438848752427564
-1.5036609521791762,0.032655435041087075,-0.204593654119401,-1.3064404208449012
-1.4925075336759113,0.031832408839705555,-0.20823197771692978,-1.2531141234809424
-1.4853599694187885,0.033352500812373904,-0.2120908393235007,-1.265937110131187
-1.4194668501752241,0.012265133859162137,-0.1869777183073144,-1.414759007391484
-1.3314077329672473,0.04030755990008238,-0.23966362502312225,-1.6568488418408602
-1.3167000789437682,0.04160471798149348,-0.25490635476592016,-1.5102469134338583
-1.30751030999761,0.04025619436272888,-0.23533815510516365,-1.6287591252598619
-1.2978220745173659,0.03389702448672199,-0.2416317800775653,-0.9984677232250975
-1.283780288420907,0.026475935700673987,-0.20956408668602403,-1.0292376859558399
-1.2807259974388259,0.029296322048702948,-0.22766185415940013,-0.9559509080762835
-1.280137200169285,0.02529850572435139,-0.22043741765253638,-0.9307657761109115
-1.2670638550731008,0.030657754829256485,-0.2140670499556253,-1.0805588417682799
-1.2595529972930228,0.033384631713919775,-0.23712465163297158,-0.937919567387118
-1.2522251551563672,0.030610313124657524,-0.21701378641397231,-1.0184819205554096
-1.2403820803961416,0.030391313247020647,-0.2208716706747887,-1.066204140302462
-1.18970357630804,0.03141961838059781,-0.20271805249554015,-1.242834523967118
-1.1842729002493937,0.02510793298296971,-0.25275995321973105,-0.8218039350454673
-1.1788558393235524,0.03577671903253032,-0.2222188303217962,-1.2885277409956937
-1.1734174264730428,0.031140651864929928,-0.22886221336146198,-1.0854209217234119
-1.166839384329097,0.029781100018231945,-0.24176553691025973,-1.030727180959408
-1.1612042719404476,0.044046047868880916,-0.21527363274184877,-1.5940525250467994
-1.1518279011781791,0.02830328273285226,-0.266770525672927,-0.8092408568929247
-1.1443062263779615,0.031370676946850785,-0.22674052365271133,-1.0854246615359089
-1.140307667957359,0.03026608005815532,-0.23976076492090528,-0.96498088232941
-1.129353826124236,0.06675486563117208,-0.30786756405611104,-1.6333657577103093
-1.118473846494441,0.060247981779944795,-0.29351953450428436,-1.4919788950962243
-1.1077300747179442,0.045021031498355756,-0.24215381278864656,-1.4300836628702733
-1.0976872083261118,0.03171238144859151,-0.190813389288824,-1.3415857930291624
-1.0963606755220512,0.02886064660100608,-0.19955011803217976,-1.2609007509349388
-1.0800955486959902,0.026751031799767285,-0.15520505014996566,-1.3499851164680454
-1.0770251621375941,0.022494024459928368,-0.15142281382366163,-1.4481955564830928
-1.0682063705101394,0.024357080695475024,-0.1564905194613296,-1.3985918899023422
-1.055095091202852,0.0327675290709847,-0.18540804905155192,-1.2877985872256654
-1.0392999161205474,0.033721491962996744,-0.1836241848894798,-1.3785659108262815
-1.031822221493106,0.031060885700621706,-0.16753484413983924,-1.4299121746723946
-1.0185356511644303,0.030232416746779255,-0.16992015513017392,-1.429925886779481
-1.0148784813423233,0.026252149023194164,-0.14470676752163275,-1.4789601236723917
-1.0120069566616583,0.037264558706353215,-0.16762891389635548,-1.4450159735881791
-1.0090138150986674,0.03285326653220696,-0.17305720875877245,-1.4133023577533754
-1.005025512055843,0.026295203434355315,-0.14757404653908465,-1.4824311118075932
-1.0026517098165761,0.02802584057754286,-0.15893759535548888,-1.4424041778182446
-0.9959094904483496,0.03330715400750473,-0.16050664546476712,-1.9627193716006262
-0.9918587626071975,0.033937783964496725,-0.1779156674110076,-1.385279918375959
-0.9861584305648837,0.03247068956712779,-0.19075432503910197,-1.391186520130079
-0.9842812765411476,0.025332133658610017,-0.14593705819673625,-1.4852567332727051
-0.9804751821939147,0.026859766545012643,-0.16162628401492893,-1.3307050990309797
-0.9689762227762566,0.027177664993511354,-0.1606070999763374,-1.4072401007090594
-0.964157597824711,0.03158544552713081,-0.17004585315993423,-1.4332356284402994
-0.9605570372693559,0.02146861956635459,-0.12719812645256334,-1.3821561820495663
-0.9567079009664855,0.023254693115723358,-0.1393623711098818,-1.403996251955174
-0.952022775630319,0.03284604911056459,-0.18249910551355297,-1.4079910318964683
-0.9479571968597756,0.024979470822484768,-0.14983128962963266,-1.382676529845704
-0.9454118808847136,0.026164360534791323,-0.1532272464582924,-1.268325479188328
-0.933483814427948,0.0255781933980987,-0.15876439695872632,-1.2444055504494775
-0.9293247175574743,0.03221572707722411,-0.1919846609456288,-1.3396751075717093
-0.9271329425863821,0.03267322927104778,-0.17733210394445292,-1.140372883980405
-0.9232868828720173,0.025104351314620434,-0.15721510497002666,-1.2243737344820764
-0.9211375440843804,0.03176543628587859,-0.1850903194980839,-1.3352890471721695
-0.9176327859164755,0.026180358737849737,-0.1681441654298333,-1.3256363356574252
-0.9115562678455725,0.029843372389876482,-0.16691077414911293,-1.0647641861276307
-0.9031351065031243,0.03507364914832745,-0.2051357076439724,-1.1822202951785845
-0.8966471260291892,0.03696804463152095,-0.20839825526014075,-1.227103804889296
-0.8926089813268929,0.034860180112269795,-0.1879113768366308,-1.1636639335999093
-0.8868280892637399,0.02422040184872215,-0.1646564114494146,-1.1353469299000285
-0.8798609140436806,0.03687065634946503,-0.2275878614061025,-1.096172673254142
-0.8763648533710211,0.028534600133451177,-0.18163743930522472,-1.2052669000373721
-0.8721290816798927,0.04402750540248211,-0.2107506891637841,-1.4053466793960245
-0.8645262906397795,0.037431739310534264,-0.19427036248563487,-1.2727794068333749
-0.8612991710627886,0.027890156167428168,-0.1533546773841975,-1.39530686974926
-0.8547063967057149,0.026787710460215462,-0.1609245229672032,-1.2906787654323628
-0.8497765402808549,0.02546004722252339,-0.15542165053839543,-1.3515370887632925
-0.8475242366501274,0.029007786210225924,-0.1687923876844205,-1.2830724899209558
-0.8425696627456591,0.025179584010126953,-0.148575296953114,-1.3752095504109567
-0.836811578636552,0.028989892384645954,-0.16062724630519812,-1.3357432217264893
-0.8304927342611548,0.02609509073016576,-0.15061049422284273,-1.3539827526570858
-0.8257502873395743,0.035128180348377995,-0.1918580558109442,-1.3185798941985616
-0.8233800877198708,0.026971450264147493,-0.1530443637203158,-1.3716715334641514
-0.8187903612954706,0.030076193039803946,-0.1660343024036835,-1.4536787698219766
-0.8150616685739386,0.02958765991896541,-0.1788181223436744,-1.474475176043453
-0.8074373068914661,0.037060780687761946,-0.17867248319868642,-1.655892452522699
-0.803857123095514,0.0364478921563389,-0.19376892118326303,-1.3968094706979004
-0.799899260832306,0.04645667816995073,-0.23497576745811194,-1.3864644958252126
-0.7972000291516517,0.03568532631010062,-0.1740778208468539,-1.5190773697064544
-0.7942053696643591,0.03656203898185591,-0.18339753102779466,-1.4730463252001784
-0.7879764569507133,0.029674710010494237,-0.17089860398672782,-1.5488059853971257
-0.7847494138594434,0.02895443820687727,-0.1744155842750467,-1.367616262800527
-0.7828483091904223,0.034890773728098255,-0.17214609570368652,-1.4519066130834761
-0.7764975293088191,0.028456377051048032,-0.15461397116458495,-1.653111193084307
-0.7747597979020232,0.03409684270724168,-0.18329633165213077,-1.4771047616066584
-0.7692132413102792,0.03372297572605113,-0.17966311816469918,-1.5703242020161405
-0.766329829748237,0.03129962563899045,-0.16975600733123813,-1.4249189948436056
-0.7626205895049244,0.02755391918871485,-0.16214194789036054,-1.4020441487751367
-0.760374842276017,0.03507940009808344,-0.18697654739140898,-1.4830288324553063
-0.7595837454711933,0.03264973997884414,-0.17879405046758756,-1.3772778384086657
-0.7518902889472442,0.03651985824434359,-0.1770306386974555,-1.498819959231014
-0.7504726451928156,0.031146402843105582,-0.15917593200404484,-1.516526513371359
-0.7485066597561384,0.03039539849723666,-0.1742845544070761,-1.5755162986888138
-0.7385953230887373,0.040910492820185725,-0.1922932625294077,-1.5659261491000618
-0.7371699040839182,0.03672774848152948,-0.1816555544253943,-1.5445576015903892
-0.7297489357140319,0.032787407790287916,-0.16016675281378204,-1.4991325359608383
-0.7271485579538727,0.03201900419790676,-0.1741616043261066,-1.4776586457902168
-0.7217912821420693,0.03805659155718097,-0.1930582642676263,-1.3586855446029547
-0.7199322446611235,0.04374593808031349,-0.19929629343361427,-1.3194853539711233
-0.7172842187696891,0.0403770666661182,-0.19545263159373052,-1.5628397218764254
-0.7117911120821586,0.04388223889298617,-0.2115897564312349,-1.419350878063998
-0.7078545347616323,0.03077616828938928,-0.19296987599256749,-1.1691253663391252
-0.7024408570819008,0.027064621588515667,-0.15666396895446338,-1.421763705743025
-0.7010871578678688,0.04128694763401825,-0.19750509055804055,-1.4412801710006764
-0.6969147082103407,0.02103701638230414,-0.14234047871203903,-1.4038682041132529
-0.6907714289751237,0.039865945471612256,-0.21961713453412895,-1.362300153567151
-0.6854496770341951,0.029344587098696487,-0.17935597025396838,-1.3489873039602494
-0.6846194060662067,0.041626834274189686,-0.20787909410949304,-1.452589724809234
-0.6825165337287329,0.03604064191580799,-0.1867509387776332,-1.338083047617218
-0.6771234601275551,0.03304032336361337,-0.18184747761807868,-1.320413603270449
-0.674771084433035,0.02589399403648464,-0.1576675482485111,-1.3970266549497652
-0.6727950334769467,0.03118198967132233,-0.18937128932819527,-1.315578071083823
-0.6686906825900146,0.03481580552624797,-0.1902680703113921,-1.2673640124559464
-0.6674085854395886,0.035777339719146095,-0.18129933464739612,-1.4503887177218253
-0.6595543122340813,0.029094644985044705,-0.18312966739270778,-1.2773201034818662
-0.6572080300019884,0.03336481481544493,-0.18104283488906886,-1.3381335396129994
-0.656991510269217,0.03191618115007445,-0.19004190121622122,-1.204882263961927
-0.6511609324847117,0.028399003099120253,-0.16834425924815732,-1.3697980844373614
-0.6487418200940512,0.03780511907179899,-0.19361685360908576,-1.29789950043792
-0.6457090912730438,0.032651459608132316,-0.18669138138843333,-1.4096612372191564
-0.6408421037712502,0.03933181173992798,-0.19589415911105726,-1.3655005812864744
-0.6385874676089894,0.03068069469558361,-0.19284610842578334,-1.283497826014008
-0.6321551235145942,0.035152841478786015,-0.20030896850736737,-1.2949920012294673
-0.6302104912515551,0.0287076864263288,-0.1732306216861468,-1.3845613142622903
-0.6226438156270776,0.02859252310345126,-0.18725356510827806,-1.2701113073071242
-0.6174971095129687,0.033017800582024213,-0.2096829216329997,-1.1827380041071536
-0.6168493580678721,0.04456236623781549,-0.2457664418305831,-1.2345349261915275
-0.6146902812244205,0.03802957925263647,-0.23468312020331805,-1.2759385800511787
-0.6120862499383171,0.024890554020773833,-0.18785432558939116,-1.3057964685987962
-0.6065101868116604,0.02658125860207287,-0.2102129081137926,-1.1986495286831604
-0.6041234991215646,0.040376484284893564,-0.21426279873741724,-1.410870539430078
-0.603262324131119,0.02873787795909771,-0.173346412710704,-1.3762015961154659
-0.6005834035233665,0.02667121573002182,-0.15847437358084296,-1.418848641025351
-0.5966060515029548,0.02923558328941536,-0.19250463499213089,-1.3339701112370004
-0.5921872844103477,0.03660922402238448,-0.21522345093937992,-1.2138916299004712
-0.5879179617990824,0.02420167284773662,-0.17491800304518731,-1.2930217687353267
-0.5875915821032428,0.02884079680559721,-0.18636338317796727,-1.3923578690004184
-0.5861288896697369,0.03173964806686604,-0.21784882606117778,-1.181597260736156
-0.581902460953177,0.03228029107910064,-0.19793458246672538,-1.2338443531147518
-0.577611132241507,0.03370565386989274,-0.20201451623598107,-1.351618032110906
-0.5757131663630151,0.0375618080824868,-0.19780029918026099,-1.397331379751809
-0.5722974705111048,0.027716881005710164,-0.17169426540374286,-1.4592437245269076
-0.5694310094113845,0.03322772674971503,-0.2060928566087034,-1.123149774246623
-0.5683349194079943,0.02932159008918125,-0.19050795809933369,-1.2676689776797516
-0.5621790570149905,0.025885370195696054,-0.1839517840520179,-1.3966147953723569
-0.557084370864223,0.040503099387126026,-0.2241878184011738,-1.3434489119479118
-0.554123363081171,0.036143375666069406,-0.1947316046865668,-1.421119268633622
-0.5510430668944052,0.022583725021679227,-0.15997850714210277,-1.2984971949901691
-0.548255618591874,0.033612653381752976,-0.2015254343940903,-1.3897615692264174
-0.5459589020788627,0.030334386093505344,-0.17923594793789271,-1.2481730564410274
-0.545265805912004,0.026600780548849748,-0.1905119617661522,-1.3235132688724085
-0.5400836871042629,0.027991484787685785,-0.1733610134162941,-1.4268305948002409
-0.535547141678096,0.02778772191050041,-0.19427447432368572,-1.2028320388217801
-0.5320284009511048,0.025486765981758357,-0.1584031096766804,-1.4196420619469383
-0.5284025698247807,0.03172524056465128,-0.18233696118615458,-1.3057952394461856
-0.5277694717938648,0.03465347301448324,-0.19945907560300166,-1.2719789804729542
-0.5236214925525884,0.03703614452359433,-0.22662345336736292,-1.165758361226466
-0.5178089508811828,0.03480005120285687,-0.19330167515940136,-1.2319335667014737
-0.5158694957846011,0.03381452091867457,-0.1855522377963221,-1.3029512121631504
-0.5131732435127989,0.03221207115510688,-0.19314115468601334,-1.3163859853236397
-0.5106589360274104,0.02882463123186596,-0.17810328249752244,-1.2286942236997005
-0.5099330657323803,0.026266863806076075,-0.1850570404080759,-1.2943905737810173
-0.5060507221927567,0.027153409853860545,-0.1693317528686709,-1.2582913843297818
-0.5025754515582496,0.027328679510628336,-0.1683152198375045,-1.2366590837386695
-0.5017719161981562,0.0316166114363595,-0.20920766789808026,-1.1556804268198384
-0.4992613758121101,0.027670539028146007,-0.18847018946353566,-1.2280272137379193
-0.49639556573515126,0.020211179738175242,-0.14125390321611472,-1.3225630675807956
-0.49344385741282043,0.027662763830425957,-0.19181048806122933,-1.2102050368484123
-0.48996645764976415,0.02352600539809329,-0.1646001871327284,-1.2421800250035928
-0.4885853818680502,0.02978150922831045,-0.19141317218744047,-1.2726066544739536
-0.48452538651651855,0.029312757588981657,-0.20806586208770952,-1.1443220028170364
-0.480485282030413,0.02938778459413674,-0.19719869135376,-1.1128650286515098
-0.47854038708310026,0.03098088244139437,-0.1872040854927327,-1.2789215826410512
-0.47343317172436267,0.029294114217170562,-0.17202870435136372,-1.2572826638251826
-0.4723081255704914,0.029860484597909093,-0.19786055175381537,-1.2050804264115103
-0.4704055085672118,0.024535702709256535,-0.1717065971982036,-1.256866308259902
-0.46886020860346933,0.026874390106785905,-0.18494780701534905,-1.2011794811459395
-0.4679065855113102,0.018970021078148852,-0.1336771961727996,-1.0607723546418264
-0.46701748076536614,0.026839495528467303,-0.17793373554805142,-1.0975264849577937
-0.46240719830718424,0.02438350230828724,-0.1698741494476835,-1.2423830750221996
-0.45857031807707455,0.022707410079724884,-0.1652718324010016,-1.1636372395017265
-0.4573557814665771,0.031748630018569694,-0.21643224311438922,-1.1055099144905516
-0.4566566047860118,0.02454261321624692,-0.16353636074861222,-1.243729150813992
-0.4543301484942482,0.023078263759990742,-0.16679557321028027,-1.320746415359524
-0.45085556149265477,0.026437589467665487,-0.16995829980263946,-1.2709056064356519
-0.4480527041614293,0.02950031294066671,-0.18031772214127811,-1.2035644075708272
-0.44717574338600447,0.025663976636354308,-0.16949547947897553,-1.261431959627531
-0.4467041099981843,0.03324709607902629,-0.20227648902285253,-1.1198960825296893
-0.4431397109185061,0.03711550244890272,-0.21774053253028028,-1.1874763627422111
-0.4401812995800292,0.036119376985367636,-0.20543945443478123,-1.1831884949767077
-0.4370525906470527,0.024497302649977168,-0.16550248991048178,-1.1937391690732924
-0.4356045010637338,0.02725317702748276,-0.1620403411685644,-1.3397717208899171
-0.43300676236266616,0.02613440960410028,-0.1725017980816541,-1.2514727112178035
-0.431536798600807,0.031243738681283717,-0.18823190346869506,-1.2528483187289117
-0.42962392082768797,0.035357854645223084,-0.21685229080139368,-1.1487867761017123
-0.42653408955639394,0.0331688182399108,-0.17726426620091487,-1.249517487094863
-0.4230331469714248,0.027645665779280057,-0.1736930551616671,-1.335042460399981
-0.4226525099075645,0.02876664873202984,-0.1712016874042294,-1.1964407262042942
-0.4200903929945137,0.02939571940106481,-0.1707358208383659,-1.2677230577030023
-0.4177305864474517,0.03075062982379433,-0.17634594913297827,-1.2885087450110262
-0.4130121983289582,0.025607566426563554,-0.16218860214632272,-1.2465086724770533
-0.4120507364287301,0.03243870244848368,-0.1756006480292705,-1.399608719286117
-0.4107127069943893,0.029071537958666207,-0.16859638402177143,-1.2165830620022893
-0.4087875131218212,0.03146007507098851,-0.1792353132758475,-1.2377131972405055
-0.40524912269635804,0.03225202605334411,-0.1794714495354848,-1.267136285099443
-0.4028529787822008,0.026733818056078777,-0.16622421251379613,-1.2405826331134264
-0.40069432050908976,0.029048173595037023,-0.17091336453209596,-1.3096504641564544
-0.3977190122141102,0.022458631200331692,-0.1420239772796039,-1.30254946209118
-0.39604522014781063,0.037021951030412864,-0.2075727838201453,-1.2830087603518225
-0.3950037384274987,0.02909201568527165,-0.1866383892695371,-1.2613682075105948
-0.39325134993762983,0.029491828620730437,-0.17122690040037042,-1.2853283258087402
-0.3881453539414042,0.02914649628555054,-0.17720749157914062,-1.2424101377843817
-0.38651027986851133,0.02969818673234226,-0.20346766577509462,-1.1781268210566882
-0.386045511168181,0.024066788144637183,-0.1666279970127259,-1.2591810903731744
-0.38284882412456733,0.02650046890350984,-0.17905986046981281,-1.2020984711580585
-0.38080225220557495,0.022533854364444692,-0.15520196733665464,-1.2520660343446792
-0.37766176521851,0.03148708974994703,-0.18239674031711772,-1.2585556210894544
-0.3749480974530168,0.029015979330272168,-0.17117124172011278,-1.4317622838307822
-0.3729882301860496,0.020446010940148102,-0.13912235143027143,-1.2624816406843853
-0.368997753667948,0.024592815824885227,-0.14660810922745585,-1.3772984421299324
-0.3666236729930697,0.025275043482809217,-0.16658255560482685,-1.158857247590923
-0.36488190174689683,0.02321944004703464,-0.14925357475205375,-1.1881792444983543
-0.36074019848134026,0.027065010667389592,-0.1499298376120301,-1.2178968004960844
-0.3589226154340385,0.027501931286641114,-0.185730069285244,-1.1527157841786608
-0.35806679596989244,0.023937988262737356,-0.15921896649126624,-1.3523416616296449
-0.3569388039073324,0.02697521599995347,-0.16292985012553252,-1.4313542204269265
-0.3543698508518788,0.039768677379878124,-0.21718531591974083,-1.2971308942534798
-0.35131070695097505,0.0348475109385659,-0.18122081305365098,-1.2397933886774781
-0.3497921597814991,0.031378959324057175,-0.180583203283993,-1.2855394131778668
-0.34781342257872777,0.03262629880569482,-0.17808622257359394,-1.3361622390814858
-0.3404460144855831,0.02953929569716933,-0.183727508749376,-1.3543724681856337
-0.33493718662237937,0.029189493594334853,-0.16737139430003004,-1.293453514981744
-0.3330951780600515,0.029262230966205567,-0.15392239871270513,-1.334947367615743
-0.3308498269340718,0.03316345195679905,-0.18163689272605715,-1.275994395900204
-0.3285926146159286,0.024712143925868846,-0.1471487723464727,-1.3537289297525115
-0.3273137699546757,0.02591830225452617,-0.15293009792339826,-1.1584559519700954
-0.3239206823604015,0.026213858432353975,-0.1644390399552131,-1.2935720431437807
-0.32017823426458575,0.022646326939359893,-0.13879003979854374,-1.1762930866830599
-0.31756030733839247,0.024827801745640733,-0.15264968548913446,-1.2868164488054732
-0.3156382886534739,0.03085983363581964,-0.17835109264661567,-1.2292746177172833
-0.313172543398362,0.02328174794564636,-0.15204369127933434,-1.2616091348089324
-0.31183072192808553,0.018721240192148103,-0.1203937521576051,-1.315633125939714
-0.30944200590954485,0.022456261159247575,-0.14141552074757316,-1.1500154698197353
-0.3073445347202323,0.022469287516011006,-0.13305323131694607,-1.2753309819166183
-0.3060986565676733,0.021341250567413848,-0.1310705697082559,-1.309713359328668
-0.30306459762162935,0.02832282533921354,-0.17333511295286252,-1.1539992018406766
-0.29862980500688646,0.020806064068248534,-0.1458140523194347,-1.268507224854696
-0.2967290102522862,0.01943468303795353,-0.12797753112570096,-1.1772116905008612
-0.2944768223416796,0.025797371665571625,-0.15688757090365757,-1.1709004468480113
-0.2919746414105598,0.017031477756906457,-0.11903170076347348,-1.4376316048500755
-0.28827068819662344,0.025436417757175988,-0.15790980144007116,-1.2174192305736489
-0.285922743962268,0.021132879331262327,-0.1437178807422702,-1.213044793235159
-0.28400783183965156,0.018969624801833243,-0.13012844102499427,-1.3201256282900427
-0.2830379181921527,0.02584186855749023,-0.15221919321949648,-1.2307773717613975
-0.28119242332334315,0.02389041116172549,-0.14713123407019016,-1.2491784984734684
-0.2784300254538948,0.024360856896749997,-0.14305614894555313,-1.261576553871874
-0.27715449026521444,0.027675201528321983,-0.15913357915658569,-1.2329435881310813
-0.27421814777325726,0.030067852988585088,-0.16937357037719972,-1.2064233332916712
-0.2727314338292843,0.0176954207339815,-0.11457197044036484,-1.1804465367657138
-0.2711978405223788,0.02806600412905234,-0.1636725940783288,-1.2177973636173902
-0.2693677539668625,0.02784323860047905,-0.15365562683497722,-1.2085816937248373
-0.26708699706895916,0.019327957940805652,-0.11843726412688504,-1.278137789424779
-0.26453803592942676,0.03047458204029066,-0.15366859506091599,-1.2442755119885547
-0.26311554518912866,0.02776292885946016,-0.14499484029472148,-1.3203728541615614
-0.2607988885318476,0.019304818782028537,-0.1163360951243703,-1.1903293092507772
-0.2601404901825352,0.022190908645129948,-0.1287915738885404,-1.2648424248360135
-0.25920714861982136,0.016970848459057716,-0.10677119181447259,-1.3389260779540908
-0.2555355267302866,0.029253994990449773,-0.17333056798340823,-1.20432350436647
-0.2532232325290702,0.02074140393151329,-0.12362761482974956,-1.196735868797722
-0.25168940231879106,0.029790232369601745,-0.1612387017978915,-1.2545114930994918
-0.25101920122421917,0.020160662339611883,-0.13164814917690273,-1.2717664619419835
-0.2491581531062431,0.02575529610184956,-0.1360988756999146,-1.2638789143094655
-0.24667978404056176,0.01910053975834538,-0.1304398994814703,-1.2743894498624488
-0.24182047948527938,0.020658215927800445,-0.11029613199982902,-1.2838952182743828
-0.24049722026732528,0.023193280867225906,-0.16883726549595554,-1.2118280656067753
-0.23924805436142701,0.02270750438499103,-0.12898706081598516,-1.254459243253924
-0.2347610905025334,0.02663006605455684,-0.14327065770760533,-1.2839270420252544
-0.23311323365403305,0.023581810304101197,-0.1400384168914979,-1.200849654404407
-0.2312714282964872,0.02615428087629414,-0.13967325762231222,-1.2715362868897477
-0.22864828212884275,0.027309641871074004,-0.14612174835881764,-1.2998711727418861
-0.2267444650778864,0.022604699456311977,-0.13215958124360014,-1.256842958503393
-0.22507968180616858,0.028900717222245152,-0.1597031359123033,-1.285144723589606
-0.22434054776064613,0.02598752737552615,-0.13961642212174885,-1.337961698547335
-0.2231060856791182,0.020098684775714797,-0.12464752430890322,-1.2134294146272757
-0.2182502032015873,0.023190670763997903,-0.12529211831547285,-1.3149121776605934
-0.21623801843590784,0.02227210398776092,-0.12162395116007375,-1.3850190098940687
-0.2144964491480558,0.022630875890446076,-0.13085339914950642,-1.2207810738187137
-0.21266803498375556,0.020044433986374642,-0.11742257458306543,-1.1552485769500533
-0.2105974950568666,0.020898237407065454,-0.10893928499756403,-1.3499335017460996
-0.20966013686061066,0.021753836507605182,-0.12341296341954668,-1.2585863314334766
-0.2083836555737728,0.01608780044490272,-0.10446029462049357,-1.2670373611547228
-0.2057236080795075,0.023752406158950242,-0.14173586266469057,-1.1487165063001257
-0.20495379487471752,0.025245476557467488,-0.13854180974579025,-1.3842498375877514
-0.20272518424918723,0.023802277612848387,-0.14797610282201698,-1.2901820469526344
-0.20105026404594942,0.0206999071753564,-0.12328831629575326,-1.1999428534465202
-0.19852965508019646,0.021586833309462514,-0.12361944875585335,-1.2708344743784337
-0.1943548177799717,0.029439639978202606,-0.141562956842525,-1.3059098039085602
-0.19334302538938086,0.0244788694339095,-0.14552350842911402,-1.3135348736911776
-0.18944775446224713,0.02904704380511945,-0.15672225308172577,-1.2086233049271145
-0.18761264116369283,0.01961265397752179,-0.1295278695287242,-1.3433814730012723
-0.18569755595769624,0.023162243277295217,-0.13914043026625417,-1.1792312101480882
-0.1832019135698958,0.021259320864629824,-0.13747797952478227,-1.341621872996987
-0.1812405424282438,0.0234076666457755,-0.13284630618236065,-1.2882487536645124
-0.18023542991880087,0.022853641200852856,-0.1327219065644669,-1.3792140678503708
-0.17676251756445688,0.017960889926692026,-0.1160696504959886,-1.247391811317413
-0.17557144313741352,0.02214862419473349,-0.1245482613044903,-1.3023187407196433
-0.17298666274411073,0.020340903356113042,-0.12592272001606067,-1.266933155988984
-0.1718354795914314,0.03031466812962742,-0.16688337680267618,-1.1976408300800938
-0.16735253666052918,0.017402470671234238,-0.11666054270625503,-1.2246976605574786
-0.167254429417874,0.017409353034530273,-0.12171222638297484,-1.2431005765195307
-0.16404654612591235,0.01967296935534512,-0.11986214205792396,-1.1311872271150898
-0.16353693610130335,0.01971111968389458,-0.12065439001603408,-1.22924957146065
-0.159033914921029,0.023851053857919777,-0.16336743193980865,-1.1921384784084577
-0.15763031028269173,0.026018170326553732,-0.16126551711602916,-1.294876702270335
-0.15449465781487728,0.02444548979718324,-0.1594834341729844,-1.1356947941934283
-0.1505976423278196,0.023118957107089996,-0.14554332529917427,-1.1592018207809833
-0.14931206462164365,0.02135675488032594,-0.13138245626086703,-1.250113579962719
-0.14675577491442468,0.022796444728749376,-0.1431559553582612,-1.185638436851945
-0.1455212803464826,0.02482146928633659,-0.1320318166715754,-1.2227366694906037
-0.14266740292678212,0.0214650886993794,-0.1400073100325287,-1.2345917012245233
-0.14154155755250175,0.02164211038908903,-0.12762694253558882,-1.2030043647810837
-0.13745948013564321,0.01714969885997563,-0.11973733329362775,-1.2234078110565771
-0.13703387826995325,0.016402569502703333,-0.09889442160074809,-1.2775835860372435
-0.13487662826510233,0.0248609814325277,-0.13702663448222313,-1.2396411176511373
-0.13299554625106738,0.02395020355876418,-0.1286401570106364,-1.1720394909491307
-0.12994666259227639,0.018078449623669158,-0.10929267825147602,-1.236297274789818
-0.12903008576882374,0.01766402483259508,-0.11089373186527954,-1.2688866915062127
-0.12801341168709465,0.02204858933048368,-0.10437336753793945,-1.2679831144230045
-0.12593820454635396,0.02738511800346207,-0.1411689767653878,-1.3033746520587433
-0.12472032025896025,0.015956141690828974,-0.10340024830506223,-1.1544641377166713
-0.12070424409464471,0.024226367544278465,-0.14680173506091215,-1.1594474556412109
-0.11880890586304213,0.02419652842489258,-0.12888140270086032,-1.228135188029981
-0.11767104068313408,0.026994979239014158,-0.15525411658099164,-1.2129929786278457
-0.1155647902935806,0.018620882968547258,-0.10970740653255685,-1.2267446330800613
-0.11438646695054255,0.020763635346805812,-0.1223394399267417,-1.2047572129019635
-0.11238525410827903,0.0179434248167244,-0.12164252145802637,-1.1701536049452543
-0.1094130498212471,0.021344199808865982,-0.12053534510526993,-1.2078318248829516
-0.10757916711936841,0.022834948192278867,-0.11999114509078188,-1.2229845050591934
-0.10562664095031613,0.018287483333741843,-0.11317169182318307,-1.2020005338278479
-0.10456415958195048,0.022244322404946434,-0.13277587204581287,-1.2340796087537036
-0.10423714687436478,0.022961036517261803,-0.11814507686887087,-1.2495587673596733
-0.10188694453355492,0.015584420942588028,-0.1020758499722691,-1.2728995668622138
-0.09980147743546322,0.017999210547615954,-0.10624213775083864,-1.1852076520944617
-0.0960408125776457,0.02219943415411781,-0.12387768003848361,-1.2836891745491794
-0.09425740267485797,0.018805097448122983,-0.11731819660081619,-1.1129159523348944
-0.09130614318466665,0.021442511942131367,-0.11587405643863288,-1.1746972343609277
-0.0908189106587274,0.025832300664529375,-0.12680558699302927,-1.2579938206515398
-0.08742224464233507,0.022588449342602207,-0.12232933262838858,-1.2391826849326981
-0.08659509441448578,0.02296424856775309,-0.12504567014266027,-1.1865828386895239
-0.08500781129159482,0.021874680138516667,-0.11561735841593183,-1.2629342268458623
-0.08445239240463853,0.017377328699069345,-0.10181324860488514,-1.1230772722851212
-0.08254426232855093,0.01894135860392867,-0.1082302987818055,-1.2048619561232787
-0.08048156730464065,0.022704257834865474,-0.11976427679959292,-1.153892875742823
-0.07866195880206264,0.019613433443594393,-0.11546122942651027,-1.263347552958023
-0.07653746517503404,0.023498285983606506,-0.120437458860401,-1.2306926583953266
-0.07399600171635909,0.02929879167012504,-0.14484992289546558,-1.136095813296817
-0.0730074983490163,0.017297012898222757,-0.11237625119357475,-1.2114942657220973
-0.07245203105318349,0.025375133544294586,-0.11531442819681521,-1.275229536600583
-0.07020025856902541,0.024019139172404898,-0.12734798078901266,-1.2024137310056693
-0.06800224735770542,0.015405966448704735,-0.0874369466714442,-1.2350183683073577
-0.06589041005379148,0.016794622547581687,-0.10226985591404608,-1.2648677168185503
-0.062337509192455454,0.01915514081358715,-0.10349262461079962,-1.2319273827386115
-0.06035093253779097,0.019770707183699384,-0.10595836592427035,-1.2696536550345316
-0.05999517983578438,0.016288045694104497,-0.09510490314685184,-1.2482230853751572
-0.05864939910751933,0.025186266433003403,-0.13613264534075342,-1.1979213692269144
-0.057006525027545246,0.017815767862601115,-0.10708814859056424,-1.2610731925464211
-0.055790521179683715,0.020625358354961328,-0.10905155831745478,-1.2192429298109144
-0.05321569621501582,0.01575135632357556,-0.08500068393759708,-1.2485090520833524
-0.0515034092537073,0.01743779400883638,-0.09748356182529189,-1.2725258122158947
-0.04978283963058953,0.018264478960710262,-0.10257284925991142,-1.2169061868741144
-0.046625752433050435,0.02269072493166283,-0.12070193635971009,-1.1930743504631582
-0.04482763067314828,0.019919107413752052,-0.10984298064327225,-1.2672923879421218
-0.04247138690419618,0.021292133255846054,-0.11515287761207676,-1.2001238884373917
-0.04140158425599539,0.015836543657369813,-0.0835862347719687,-1.3216591404367726
-0.03982993902250965,0.01858450845764075,-0.10241374896653448,-1.2010226718146484
-0.03793841313689347,0.019891944685132053,-0.10498917771545198,-1.2628685782885452
-0.036081018230763255,0.017282728316593388,-0.08521534881176766,-1.2300878126972445
-0.033858982373508845,0.019553315163750126,-0.11672382150876882,-1.2396697343489425
-0.030609231624513664,0.019781904116773,-0.11432299094644942,-1.2135045636128912
-0.02931296957336058,0.025851616639520493,-0.13637141717447085,-1.28255834891102
-0.028462624375630602,0.03179635210965291,-0.15285211595915432,-1.205978421810955
-0.026165485703981202,0.017068122849490094,-0.10627709539128027,-1.2647725963712746
-0.022681120991702865,0.02295373067370542,-0.1171474559499868,-1.2650035953333987
-0.021936578498801432,0.024006379435291606,-0.12960773345791549,-1.2421482671660662
-0.02051149106134677,0.02416444162074554,-0.1323893235643086,-1.2726117243991724
-0.018011791225183392,0.016437289666548307,-0.09929887633266318,-1.2258755384489441
-0.01652741540631898,0.02732444058843883,-0.13807386891298376,-1.2560270834493996
-0.014117365109642413,0.023592302161983797,-0.12015737493638061,-1.2542145235806985
-0.012603856153029702,0.024672550772016088,-0.13413785056690594,-1.1912425371449262
-0.007880123387199279,0.015129948764644751,-0.10455666085805122,-1.2019312391474
-0.007307198303632763,0.01813404262109577,-0.09868686784647482,-1.2832555545796795
-0.005460555331345329,0.02544180673563327,-0.1418073121914328,-1.2340051988849523
-0.004028373580121997,0.022144206255859698,-0.12055610505483311,-1.3531086687836464
-0.0003473121346699373,0.02479512616072062,-0.1293953412744366,-1.2293334598642083
0.0024032261511317495,0.03022005970824602,-0.1429239970749759,-1.2637776892081318
0.0026533025258325626,0.021476318347401022,-0.1171025000034704,-1.2872692175661358
0.004131957901310423,0.02221287176013949,-0.12146942598921877,-1.209490621560267
0.004880958820484776,0.026623716227861305,-0.1306391559937824,-1.2783906112057821
0.008841954704330777,0.01834605615641216,-0.11531690880676848,-1.1619605032170568
0.011965028676191168,0.026609922765811762,-0.1317242205335719,-1.2848180673073186
0.01539871337681384,0.02723409750857841,-0.14271116350424531,-1.2637123954691276
0.015821233048193963,0.022635906740310924,-0.11385370178441949,-1.2960444141430787
0.0169456502454171,0.025964461435301955,-0.1380272392710195,-1.2746694330475006
0.018979484665626177,0.02070694523702298,-0.11725510842153122,-1.2212036308045078
0.020481660826240387,0.023985781130332288,-0.11220107131367697,-1.2761589869702443
0.02588612114906701,0.021652871022811042,-0.11240969666950318,-1.2602604533535442
0.028098748206998612,0.01574493888864505,-0.08864766166317634,-1.2521442382971348
0.03054375862722682,0.023764085702257434,-0.11658384320816235,-1.2800827255174947
0.03352819589967959,0.026874244928659502,-0.13971689375526022,-1.3107424248443265
0.03465288830225894,0.012863341708334782,-0.09024407818123563,-1.159163756549922
0.037430033252834644,0.027431461788563902,-0.1299519049627892,-1.3086196783137005
0.03784242039684405,0.026998183793359967,-0.14097737449477174,-1.2071623479909417
0.041979984441843754,0.02498025946640317,-0.12210876435638052,-1.2260165180899827
0.04376601979579325,0.018446415531984905,-0.10016470376886752,-1.2177097224478937
0.04926218040980598,0.021921340025835404,-0.12019122905240028,-1.2789901499384067
0.05072203995571457,0.024333845737109037,-0.13080751518344963,-1.2147097839157117
0.05116103177581914,0.01990302200185141,-0.11085347109344847,-1.17299861120945
0.052520803715670146,0.030131673358120354,-0.14862546214095376,-1.3315851319242
0.05402302291237336,0.014563943482600308,-0.10299161984775101,-1.2367664070288835
0.055874598142775206,0.023870084781542712,-0.13170196693497113,-1.199763586429067
0.05924984604394521,0.02528960306041739,-0.11726414574685061,-1.2055604244276572
0.060139765965928564,0.020987820402089935,-0.11935234806059465,-1.2336919443039067
0.06356070837175022,0.024686261268748483,-0.12995874993036657,-1.2444890658841719
0.06629682872408997,0.015636852533416717,-0.09174099251801195,-1.2630316512746216
0.06721483149682543,0.02715284015823599,-0.13567980650744424,-1.2277225399349783
0.06938280300362724,0.02217257125778378,-0.13197655086999036,-1.2175996137408172
0.07031580202346803,0.02423969000559812,-0.1271859553344921,-1.1633484170476778
0.07152844027738996,0.022247053583412283,-0.12689470203875658,-1.2366313641605973
0.07787094540698138,0.016499656029214875,-0.10006819625724386,-1.2925241806290242
0.0798753171862627,0.017008727565427186,-0.1092346981873839,-1.15070356213375
0.08004872062116254,0.015559583039333788,-0.0976904729927458,-1.2817449650647152
0.08209539336726633,0.024106678315317792,-0.1364213362749458,-1.3073242554409947
0.08316377299011851,0.01918599062357473,-0.1099434379497257,-1.3259998724285997
0.08696137029842349,0.01747624713590671,-0.10902295141724203,-1.3049063362696478
0.08752007875780568,0.018745917511933368,-0.10100564258997487,-1.30393282285448
0.09144966068645867,0.0212039511691077,-0.13108696478414292,-1.1827845826536285
0.09200793606829391,0.01843446617795358,-0.11497472588646747,-1.1754526974358437
0.09617443286723985,0.023004240630456894,-0.12399934244637918,-1.2383772844665093
0.097835859963619,0.025190407525466422,-0.14623481301970867,-1.2272059774568
0.09940906464173412,0.021073507745774225,-0.12620017867681696,-1.2105279805335383
0.10221196841386782,0.020036150433020098,-0.11296812989462936,-1.3471499765203008
0.1042986587740427,0.022063067684846685,-0.13685245051293762,-1.2167610524178842
0.10598605495408378,0.021340462009595246,-0.12283293391923333,-1.2265409139303074
0.1073580396323645,0.021318979495411755,-0.12397092507813318,-1.272904736342204
0.10963204030917045,0.02593911201360993,-0.15607363400380464,-1.1496008345990867
0.11264020596539129,0.017203982917144384,-0.11444565679472665,-1.2629309824262436
0.11427585260233307,0.021057400181852558,-0.13215758789400275,-1.1980269858796833
0.11502813121157267,0.019364849163342003,-0.12336680832193206,-1.263020912625847
0.11899445919378131,0.022754826065087705,-0.12168955560576691,-1.2015369275707544
0.12015359632025921,0.024267169491963933,-0.146907578406998,-1.2278432593820765
0.12100185918110597,0.02052752039796015,-0.15337687595010258,-1.1945723566497224
0.12506345632314195,0.018067502071808263,-0.11628035880362922,-1.2400438073241575
0.12752828212936337,0.022770743429407617,-0.12826406067735988,-1.2456766282605793
0.13035932185291021,0.019632320827232156,-0.12792179910316245,-1.2390185810782612
0.13159835434548403,0.02065620999717538,-0.12636276208294694,-1.2210280714909565
0.13247408256404475,0.018601565609335766,-0.12394753872535813,-1.2131057734585935
0.13429796969681213,0.022274736122870908,-0.1257426991141878,-1.2277543645979772
0.13800265982608997,0.01693957278208952,-0.11404755785310441,-1.2434886726284968
0.1422649688220465,0.023950069795018486,-0.1416601626076717,-1.2248914704817733
0.14386206045745037,0.021240324382194562,-0.13985937357720837,-1.3474920567878677
0.14545721069208065,0.023676463002946888,-0.13676480250760065,-1.2080356084128603
0.14706844568111743,0.02278807517345328,-0.14013657413284303,-1.1699438841905663
0.15026510349148983,0.026525840553880936,-0.14043361529772327,-1.2634027879335445
0.15358777206025573,0.020546973895043657,-0.14660724174263062,-1.17443398481915
0.15598094537318996,0.022928520706181878,-0.14548803308659547,-1.1737914292760836
0.1601482096902704,0.018643135794547638,-0.11580734553043753,-1.2006265760366348
0.16183271746678687,0.026808102423896245,-0.16926212108976607,-1.1643352659959503
0.16290080069687712,0.01742223407528665,-0.1219109661290465,-1.195213571580823
0.17038271890067047,0.028283340071717674,-0.15579240702400576,-1.2385546772920708
0.17091003538445687,0.026557850167924252,-0.15163193999932706,-1.2188925295144102
0.17250434946731943,0.0237403723384498,-0.15704024950686815,-1.2545606253512043
0.17372314148816848,0.0268743553695133,-0.16500456204975716,-1.2721347255652729
0.1774702782135616,0.031048528015407986,-0.1737929790517327,-1.2257236074823525
0.18174706712999822,0.025486489810492865,-0.14516012538350972,-1.2064349281940234
0.18439458430669473,0.024477670372362318,-0.14226943066746023,-1.2071318442511245
0.1887315478752931,0.022361856590861245,-0.12835776147632613,-1.246610947631744
0.19042354763076047,0.019520455683102223,-0.10739278555703759,-1.1719826550390877
0.19254480387546863,0.022847623032601516,-0.1376717604641987,-1.215931281957666
0.1970196296006881,0.02315482620900815,-0.11951332129486691,-1.1679316817361587
0.19953392326639852,0.026760863628443498,-0.13996999644382416,-1.2038954163033764
0.20147270075479257,0.019993063127562487,-0.12926940326242728,-1.2548499309286636
0.20398964861341934,0.01999101619063346,-0.12695409033763833,-1.2145971946133727
0.20530429257594132,0.01878557910026767,-0.1245199335950821,-1.1698755918164505
0.20912940607440528,0.016004859523154575,-0.10640097157237358,-1.2139946898688465
0.21018544721912086,0.024113863653017823,-0.13687792011540625,-1.2467974205218237
0.21350203738000126,0.01977254031683676,-0.12977759473337647,-1.1430549445380398
0.21599674709965788,0.02092625201477349,-0.11818228928810949,-1.2272085933003853
0.21654569562636197,0.023664876242158187,-0.127470200062177,-1.269780468907504
0.2183059116349732,0.020724462710719104,-0.12429165463437998,-1.2354516574312266
0.22197698338638291,0.01770285310346151,-0.11730373889887973,-1.1798767098020277
0.22849850885912118,0.0218627325136859,-0.12402231490009129,-1.1843081050086102
0.2318853679523986,0.023605089452985586,-0.14532326161905376,-1.1548721231343093
0.23350437498364163,0.022328297785726873,-0.14614619569513684,-1.1646233986833008
0.23441619080293852,0.024110094847466748,-0.13376454735396784,-1.119190688697112
0.2361210205147775,0.02459540861210768,-0.13156058187137698,-1.167279859646717
0.2413454469842074,0.017680031430949015,-0.10606854597510344,-1.2042876008078456
0.24423091121790277,0.021943338151998403,-0.13277515177071764,-1.1533051487022723
0.24791818752233397,0.02469787577871537,-0.1228250011415348,-1.2034149545331205
0.24975906505264706,0.022572598038255648,-0.13546836398197593,-1.1627230803323847
0.2522907863042062,0.02803172146515518,-0.162451829108083,-1.1510009890018553
0.2554456909032795,0.02683309744366434,-0.1307752553558884,-1.2430443665243784
0.25763398871694027,0.023225171669541647,-0.12816026933175093,-1.1142524850739153
0.2618848347877526,0.018639591965603018,-0.11731408256947466,-1.2079202299151146
0.26475096896086603,0.020133499946551527,-0.13152490964080973,-1.1688439830035846
0.2671506702396047,0.024779600821158765,-0.15063909413834906,-1.1339954160943664
0.26971922763048173,0.01923205918982852,-0.11765374705365698,-1.1516811024830296
0.2723011847035583,0.020128158689485965,-0.1124664055662317,-1.1936359408602777
0.2775466292246575,0.024013560824937368,-0.13976090187296417,-1.2257465448901679
0.27835356462218286,0.021702620087217538,-0.1353165165181597,-1.170177657251089
0.2807840907750808,0.022990003793413854,-0.17314419707861944,-1.1754872817894595
0.2818505116330976,0.022578357633733687,-0.12968895088748408,-1.1157000178903296
0.2822708669248269,0.017921261277979977,-0.14095441939529288,-1.1609179383125554
0.28561520983728256,0.020292930749957767,-0.13368170979107363,-1.1548248460426636
0.28978605616786435,0.027590584993824573,-0.1649334603484449,-1.128872193709971
0.291306161410641,0.02657604307969628,-0.16398548661570406,-1.0726653022757728
0.2965000683451924,0.026547077069207788,-0.14721614188552629,-1.1966034710018723
0.29830881158812583,0.022624645397161462,-0.12764342474872528,-1.2019782176662956
0.29979047596310227,0.021671700737880006,-0.11700627087087086,-1.1974572315715195
0.3024498037776338,0.026034882144095706,-0.14964924136195484,-1.153440587316458
0.30641245782781035,0.021638234921533446,-0.1487082033742679,-1.1203558316071738
0.30829275650307614,0.03088871245893041,-0.18460969249732326,-1.1326850535976192
0.3095094829377319,0.024720861932467298,-0.17516311207205842,-1.079502716390115
0.31420605468201124,0.02602356338542723,-0.15498622701651218,-1.140106009881174
0.31548930277419623,0.026010454511299734,-0.16416992543495568,-1.1575852155856765
0.31867351398935756,0.023460648240692883,-0.13907575405655967,-1.182825931645652
0.3212515397539134,0.02134637136038674,-0.149355166462697,-1.1672426386551975
0.3256576736428309,0.02623006398966422,-0.1693895912713219,-1.1988051261344306
0.3265114253059945,0.026093399544257413,-0.1656107141051584,-1.1250349079868915
0.32867894049878804,0.03101864290560348,-0.18107685193250378,-1.1195774406741472
0.32957672861250886,0.02572267572319924,-0.17701251896274153,-1.1155729568272181
0.3330768008754909,0.031151606567146457,-0.16466716421373834,-1.1916277810536597
0.33637416179920815,0.027396682021052332,-0.15674762750415816,-1.17880016868439
0.3392713002105046,0.029882601096797138,-0.1812320242194358,-1.1834490235664388
0.34250885739384007,0.02728361703937076,-0.1515425162733397,-1.241029303104303
0.3475017096589752,0.03323388578917942,-0.19969457176788222,-1.20619592009762
0.34996677836454476,0.02686880165302623,-0.15494798172616242,-1.1939182954767653
0.35201545824472974,0.0333105252031541,-0.2039694761089568,-1.2111952619366104
0.35544137853594815,0.02810847744445155,-0.15172552856473462,-1.1809308788628055
0.362100596207547,0.02761763910936364,-0.13647612826555433,-1.1517812275295696
0.36583646146208904,0.02995539523252923,-0.15830966855758072,-1.129149211217322
0.36613751440802955,0.03396827490985373,-0.17983664613681974,-1.0712076965945119
0.36837314772658436,0.029958848447478526,-0.16840629065465024,-1.0373098738890139
0.3717782366342921,0.03638515553761906,-0.18097062976908498,-1.0144738885199696
0.3744436067931705,0.029026930139569265,-0.18054792149780463,-1.1450239707671368
0.37729561002062145,0.032592368487222516,-0.1687598816526128,-1.1776183157327724
0.38002603038772337,0.026597919546776563,-0.1589209382287145,-1.133257940575897
0.38597247189782735,0.02314496092579479,-0.14796349814795173,-1.1321789190175364
0.3876456386650129,0.02692964061708013,-0.14481261373358792,-1.1589942949967662
0.39101261323412395,0.02788498572444013,-0.14837094492807573,-1.178559257227203
0.394688438715841,0.028673793779688872,-0.15921557270765196,-1.1412289284704227
0.39698918887701296,0.028498259646392566,-0.15101006467521713,-1.1665285161572247
0.40056343401156175,0.03614115826964314,-0.2140051643731694,-1.0653617215292213
0.40523959189208286,0.024316025187117445,-0.12871475191868018,-1.1650490396401174
0.4075066465584977,0.030444113361694537,-0.18377196804231338,-1.077496842930569
0.41084293180920967,0.024300751679078896,-0.1409671045373928,-1.1403273747017912
0.41252926533805645,0.026857292517638708,-0.17094401960127517,-1.1485247421374774
0.4140985202010592,0.02360563258207905,-0.15152749448412547,-1.053347731757227
0.41730658229640305,0.03204640201589788,-0.1571597167789744,-1.1159455990230958
0.42159413203270485,0.03002646674265738,-0.1724061060486079,-1.0993201107065194
0.42321308922728446,0.027604426678468064,-0.15400873213254598,-1.1307831869565725
0.42622311682862557,0.029780501731903195,-0.16519419552645778,-1.0587521575714833
0.42794136812009104,0.035846221671789975,-0.17454802511270556,-1.114631080335071
0.43095413072742556,0.03167204798233072,-0.1873221323086471,-1.0637476347259296
0.4353964017201338,0.036424075951064214,-0.17793439935198546,-1.0174467061803816
0.43682988923493465,0.031848924095754155,-0.1798874926278922,-1.0614853910836148
0.43916392206889054,0.029055643439845315,-0.15354668046852585,-1.0792227414104505
0.4419792295399312,0.02590506936036349,-0.15193064334344306,-1.1132474881202037
0.4447643251227173,0.028359479209221796,-0.16191129226370807,-1.0691578280246694
0.4490518598392808,0.02511111074695094,-0.1503633266543446,-1.0449434139360103
0.4535596727667977,0.03102672123831459,-0.19888647303280474,-1.1271520254029384
0.45565418687120995,0.03171132627401332,-0.1684282360009074,-1.0840015679595534
0.46063077605590946,0.026055102151820202,-0.13291653414648544,-1.1340197441331499
0.46233825617252144,0.01885294440727659,-0.11885481650659502,-1.1898358029919516
0.46502328297208423,0.022483401628616836,-0.13848331607144382,-1.1011900275209177
0.4702332580667687,0.026648875463246516,-0.15486353484670434,-1.1047302116926403
0.4731832349952797,0.028336157531170754,-0.16543520861915847,-1.1213486146160274
0.47538649338248173,0.029638744360082944,-0.15111677140632335,-1.1119506087427429
0.477284611578866,0.03718566695268028,-0.18639060272330296,-1.068943144909863
0.4793140080669598,0.0296206421101998,-0.1758948512832617,-1.0269832606246023
0.486655781698617,0.023734066269465264,-0.14302760863772215,-1.0819873229532915
0.49257977386156687,0.0271397045613354,-0.13119744502395492,-1.1041060916095136
0.4954179067474162,0.03569607060280201,-0.1598479305243398,-1.1049648558841574
0.5012121937186427,0.026064449032240637,-0.11564725579224208,-1.0888704306582635
0.5065303369445298,0.031765231632482314,-0.13934578595417263,-1.0626454906593576
0.5128210245078215,0.03188161162296573,-0.13177694150062746,-1.0509290602751353
0.5200868110723337,0.02549725237692571,-0.11041870970068707,-1.1144910464636921
0.5242419294598466,0.028045429020727274,-0.12952544422513196,-1.0438058856052796
0.528496280757291,0.029091966602978636,-0.14165373495199343,-1.0531420142842483
0.5315032926043178,0.022625267982222277,-0.13494082522600237,-0.8851292308329516
0.5365541757515603,0.021619869661450138,-0.12483978038798477,-0.9540352265713317
0.5405550645732268,0.027714844501038345,-0.12139187443315953,-1.1133668900175333
0.5430522327723751,0.02554610429360164,-0.12279174678031686,-0.962076532617084
0.5467046054978785,0.027436968545456714,-0.14124733586752347,-1.0145324712209678
0.5501904794159983,0.03493618706490084,-0.15810476990699482,-1.0786545280963888
0.5531099484592064,0.024248553367263868,-0.13133619046595021,-0.9547551719128244
0.5550586702796333,0.031258269777419856,-0.14758030973652686,-1.008489184670026
0.559587521756988,0.028094516088786717,-0.14927953466982744,-0.9480571642411625
0.561793151074241,0.029788884855424302,-0.14718572823101392,-1.0749880217797678
0.564613004790856,0.025962062948213346,-0.12483680359886426,-0.9680655985581439
0.5703588497805135,0.028624363915004142,-0.12980300992238952,-0.9796215189816911
0.5756222938150143,0.02909088614697052,-0.12787202890257138,-0.9498049337458242
0.5793671581688763,0.026739194672919752,-0.10798043487495913,-1.0380715111585272
0.5821642689384049,0.024283525277626575,-0.11572807357694315,-1.0341351763741808
0.5854224683380859,0.03204676972453282,-0.1617986468736573,-1.056643654735427
0.589481334994484,0.02618089912754222,-0.11663539929556747,-1.0447704487810034
0.598052348289422,0.028913227049749923,-0.1262733273347664,-1.0595192793942307
0.6013038041346146,0.030333583434057274,-0.11632788353306969,-1.0741452190601486
0.604511131316352,0.03236523803883351,-0.15351927767326268,-1.0348877434813446
0.6085223336484796,0.03222518172162204,-0.1257280395738407,-1.0124295878688896
0.6123540326625334,0.03349200218484567,-0.13478653042966432,-1.0427037959624537
0.6146443951380857,0.034708632949693806,-0.13822019575717165,-1.041248996436714
0.6180990443297816,0.031183775474454598,-0.14013402967798075,-0.9694592851352739
0.6236695862941287,0.0344944550746369,-0.13214686257569722,-0.9967033204461603
0.6250987509461557,0.037501105275479556,-0.1504952007697024,-1.0577376366728408
0.629879516915137,0.037626272491041265,-0.15559428515010654,-0.9465598466303426
0.633962489701095,0.04050192929989761,-0.1725101088047142,-0.9369066056360935
0.6350853117809709,0.03248143404848845,-0.1518789353849224,-1.0155813713226303
0.6390214021732292,0.03296644130729075,-0.1448972648715885,-0.9657710083331652
0.6424669351167533,0.03591291046044144,-0.14171211451764126,-0.9787122324450761
0.6438191492777378,0.03413631193076285,-0.13891761724888949,-1.0044909561668192
0.6502060704101169,0.033162040536315225,-0.17242763976300526,-0.9453969123894337
0.6515133620777012,0.03282722624942948,-0.1400232439082335,-0.9880354962325207
0.6572566257054727,0.02414642507313291,-0.10125899589519308,-0.9163890025728422
0.6609106570864367,0.03195942076333556,-0.10878168658614776,-0.8756096960613247
0.6628314328231429,0.03418019441248342,-0.14707500738509308,-0.8961252346301176
0.6671594070124075,0.03276870459751581,-0.16591815371886753,-0.9328681301619207
0.6705025777523862,0.029760502150200048,-0.14301350466715743,-1.0066027532244646
0.6757898146457599,0.031725319122615385,-0.14303571576461266,-0.984861995307601
0.6768033500915476,0.0255157063559063,-0.13112501781697675,-0.923317876756115
0.6800383294318784,0.032204530328042984,-0.14422681421196248,-0.9405458101908624
0.6839088759064179,0.029559902382168674,-0.15494540667061546,-0.9857234767356048
0.6855700838501019,0.024864990219175147,-0.12401835502919141,-0.9804995930833826
0.6921174962801955,0.02942456404027634,-0.14527866988605775,-0.9354724330146079
0.6980741592160528,0.025247903603775636,-0.1294294372167368,-0.9045800621311987
0.701631562405119,0.024910364514446677,-0.12884508444486673,-0.9268554862565899
0.7080774942531417,0.026091754883494314,-0.12935036696740299,-0.9378800985739938
0.7106011505789783,0.03229544615215443,-0.1746369518279658,-0.9620110065703363
0.7136568182332838,0.025981871405975663,-0.16104241147468065,-0.8670145291523353
0.7181728118590694,0.030417913660005364,-0.14102764554679495,-0.9568017237534909
0.7245128995361518,0.026908333397136074,-0.14348640120270367,-0.8646744625842401
0.725046031954169,0.022621004285109412,-0.11674905963275516,-0.93700047865167
0.7275298286920655,0.027130876867828398,-0.1395104045539561,-0.9694486814193306
0.7315172742589738,0.027222442078959925,-0.12072149156109276,-1.0347118148299945
0.7343602799587038,0.03249990042163238,-0.15709025090760695,-0.9862297687519814
0.7407476360365065,0.03060302380415585,-0.1514301234445284,-0.8747002667759252
0.7450815729779505,0.037532057568123556,-0.16241058302870565,-0.9542772622906627
0.74708333891358,0.03355353889637082,-0.2008122026813754,-0.9202476793383876
0.7529685112497837,0.03511689624213264,-0.16095039557190313,-0.9674808286546283
0.7554516347072403,0.027092861133037233,-0.12306852879687004,-0.9611344313372707
0.7594940860133603,0.028388475518357516,-0.13132272844000756,-0.9938092466282837
0.7635300283667774,0.027845958763489845,-0.13785567406643814,-1.0033506098482918
0.7686135584479652,0.02607301308062862,-0.134693562052794,-1.0080055846258051
0.7736060456729661,0.028230192787424453,-0.1230042707594382,-1.0170310089405719
0.7784512401564893,0.025995823270818685,-0.12319992486753124,-0.9438438692477337
0.7815154652828074,0.029925714271806635,-0.13092797175496015,-0.9512290052442333
0.7850024017396432,0.030551612991346906,-0.14090227039779876,-0.9631475980670218
0.7863857028454655,0.02868062609182889,-0.11734142915719685,-1.0927347578037712
0.7903766695909816,0.02974257630120959,-0.13842405649421877,-0.9205353175332232
0.7949451635367752,0.03418629247527666,-0.140751751286257,-0.9560247270258002
0.7984062170743711,0.02882523654610107,-0.13679390391425533,-0.9615916736317199
0.8034590985929373,0.0343561672643517,-0.14205149952955146,-0.9878600749481907
0.8084411314368624,0.030659884460003152,-0.13842879527596802,-0.9492092094811837
0.8117928982310021,0.03585545065210048,-0.17670285445918127,-0.9134468836057059
0.8132109183390089,0.03652567591977566,-0.1696551590413975,-0.9175376497627071
0.8174262322556836,0.026361281101452857,-0.10733231718231886,-0.8862596277746069
0.8265071636267518,0.029424280820181028,-0.1256566467204673,-0.8696821210869298
0.8284685301478478,0.031180754231287446,-0.13292816711508398,-0.8062626976052084
0.8309319502385174,0.029762024007442642,-0.11572540540705262,-0.8722884136917638
0.834990531074131,0.02456079929711495,-0.09560896068677903,-0.84785373579452
0.8365949163410941,0.03640118925718402,-0.1922008936240709,-0.9306055201527987
0.8390970356943107,0.02631181950238954,-0.11079095910347095,-0.8901587430765839
0.8484222941865563,0.023309494790952737,-0.1076637703243511,-0.9466920943052588
0.8514792996539913,0.030585844974997833,-0.1335483985977454,-0.8973203227483906
0.8553666292023288,0.03175571629165277,-0.13073777253497887,-0.9664704462899275
0.8610597522246685,0.02776862932605632,-0.1173254987975445,-0.8782574892248501
0.8645095665543947,0.026938911955239998,-0.10160668251342006,-0.9386742702186848
0.8713517738846803,0.038348410738414586,-0.17180769833853243,-0.9279002001421859
0.8746934538833677,0.022234503234967413,-0.09859422092285137,-0.8808513467712432
0.8865005118769446,0.0226465072280039,-0.10288733911521027,-0.8128656499903713
0.8874856728585745,0.02405670767834119,-0.11228546350242524,-0.7443784095215543
0.8959831902333595,0.025302327911802588,-0.11220800109282841,-0.7882868770450197
0.8996845231249252,0.02530918743134868,-0.11615754547660272,-0.7979627097645958
0.9046318151731673,0.023480431586410465,-0.10734592200302742,-0.7950566790447468
0.9063745540977404,0.028196372566383618,-0.13340816024374366,-0.7585643229555008
0.911353271177807,0.030881028384366675,-0.1514132622143786,-0.8099991655143916
0.9133209837701227,0.027520224153020578,-0.11303974178663417,-0.8393179443495971
0.9201006194436141,0.025816644163460835,-0.11635473950221702,-0.7574426707949833
0.9257277042628844,0.01524400366501175,-0.07400443950574848,-0.8604245066830507
0.9260978908610256,0.028430184302183168,-0.13586540671121589,-0.7490625945947974
0.9322900029892199,0.01873129943952662,-0.08115509259025681,-0.7955028361019701
0.9347160300069989,0.02890709301835103,-0.12205259027008483,-0.778124287707042
0.940110649223419,0.029412017867729734,-0.12435708360681325,-0.7640320458756039
0.9421345254504958,0.029246645153911708,-0.12222630158523237,-0.7239867245806381
0.9533948412359373,0.029795464627215065,-0.13933804223995142,-0.732670383294643
0.9546125690586167,0.02419104258682798,-0.12160333919862279,-0.7820979420719558
0.961592591108586,0.027886082289642664,-0.13633484907806045,-0.8609735179995992
0.9653546987010735,0.024924511022179387,-0.10583691168529749,-0.7746586456659913
0.9698051590518726,0.02735805039878901,-0.11793831091171642,-0.6745950148219992
0.9729834408024807,0.03221063418379768,-0.18522010110636325,-0.7339013760150157
0.9749964947436662,0.029362746091688922,-0.15578555242682213,-0.7631800433714343
0.9788547088896711,0.027079125656050616,-0.12321836592192395,-0.6646864757929044
0.9846688596551741,0.018780064486799728,-0.10294891077422405,-0.7374938005949699
0.9854871404574013,0.02436990419795102,-0.1136628077869507,-0.6836714543183057
0.9872566132457613,0.02246212423691765,-0.10085058937163711,-0.6891846277690996
0.9933899377803487,0.018981925227455804,-0.09654884181203804,-0.6831271435575963
0.9971320171897018,0.020032336902545623,-0.09311907870142987,-0.7278042639122612
0.9982447704193705,0.01811792464269972,-0.07963583215986215,-0.6120876559128879
