MO_Energy_eV,Cd-Cl,Cd-S,Cl-S
-8.999434399067862,0.04274194231672981,0.16076204650312848,0.004486089173296086
-8.997621149556933,0.040216113686091924,0.15468667156078786,0.005234965349661016
-8.985847544439128,0.036045143000119115,0.15447251645132673,0.004934097757039461
-8.978478684729112,0.04141136059532584,0.16173128864671035,0.0047266330365336225
-8.97268037897083,0.045905443802258694,0.15050505367011585,0.005447043504711726
-8.966218116264178,0.03900282475750971,0.15303351970206877,0.005574297681527732
-8.962343033531216,0.031901941275707696,0.16657689397216308,0.004834290308965772
-8.960737918045519,0.0516775736755439,0.14677004294711576,0.006089099882024167
-8.953890362322003,0.04027631596541194,0.14979552564494333,0.005790532037377539
-8.948248356732877,0.021831694107045302,0.17394660857375985,0.0036310970081401537
-8.943766797950477,0.044126238546645366,0.15920396231970413,0.005725068358056976
-8.938906431346467,0.03092418383806374,0.16872171906261163,0.004956837893531036
-8.930085080872407,0.031670108573871605,0.17288423843724984,0.004766424769218261
-8.927489816727592,0.060728999348950194,0.12849528344976788,0.006240429733256896
-8.924501839776562,0.04945645549117744,0.15423415206869334,0.005629212491586413
-8.92249730873217,0.02184198512511717,0.18421111519336608,0.003329894577659414
-8.915933757069888,0.030941252216361008,0.1703238970603116,0.0044607885686523616
-8.91400517452782,0.03329430231438921,0.16021731908291403,0.0047639784359585205
-8.907838536649168,0.03179086652424565,0.1699468627118717,0.004929072657465794
-8.899292503029121,0.027731661242541287,0.1729421868806889,0.004767122904107804
-8.897136602860822,0.05013206056891443,0.14174529637986064,0.0057762632360264365
-8.894447918067586,0.02664665602083427,0.1833360341014878,0.0033721487089717356
-8.892981122202679,0.037135790160522486,0.16494979759486045,0.006134118965379795
-8.889409601154792,0.024349274175765274,0.18877782694988396,0.0036669043908516743
-8.884927793871858,0.027765618258372846,0.1802861383830142,0.003865148289415437
-8.879822838047158,0.030577550158541175,0.1859478856444305,0.004427831192092686
-8.877961861521602,0.031002220831018126,0.1761675640051298,0.005581579116020973
-8.874375602856565,0.03395314223944285,0.17422913018791616,0.005535515910804765
-8.871963492928362,0.022207156606225225,0.19679065759006636,0.0030321633922402572
-8.867639401564459,0.023095036988473646,0.1897626745073571,0.0037405718861250035
-8.863549056352646,0.030566603090894276,0.18203510840139375,0.004705302357559013
-8.861996736605544,0.040249313546715466,0.15940610143566733,0.005678890032755208
-8.857201427428922,0.023388318260146194,0.2027363906377587,0.0036273768057256874
-8.855424140078233,0.024388646424392688,0.17991243894912837,0.004722425980206763
-8.855146656755899,0.023146617336648957,0.19309287260368968,0.0031715303881179025
-8.852447523443498,0.022770518362583703,0.1948020639599435,0.00400480283495234
-8.848193096413137,0.027113801526961016,0.1952563573227625,0.00424211374620819
-8.845616539299185,0.024040515111113766,0.1893355164197698,0.0037496460823234004
-8.845126029763437,0.015804582133026192,0.20906985935081493,0.002977809079629013
-8.841173705324842,0.029665443476663052,0.1932115343865932,0.0037254878241247706
-8.837768364166019,0.018224309987648058,0.20277222175998458,0.002963400541843407
-8.833096747423474,0.016688545186491748,0.1992729632648903,0.0026713792501128785
-8.831984062646335,0.022818258214034035,0.1872545688137456,0.003890412587457499
-8.829953575331288,0.015192717637186973,0.20552277147046025,0.002504774485597509
-8.825562577668245,0.014973517013449298,0.21499159077069563,0.002504502811070396
-8.820600158560794,0.01287421547246693,0.2107249552388082,0.0022602077536786882
-8.81638892154747,0.01610152088667942,0.20879544710666698,0.002356451705285682
-8.814845274800271,0.014200961260292291,0.2095888754401109,0.0018424955538208498
-8.81363743501415,0.01625470178320683,0.20097547133628932,0.0023374409139525465
-8.809684135249675,0.020272233223699816,0.1982531102034225,0.0032846408491470857
-8.806927514431557,0.017235371305160046,0.19630621580126795,0.003148698463076928
-8.804037174676564,0.012686209413060102,0.22302748713946305,0.0018823141713686462
-8.800444351231016,0.012339606098934242,0.2270998367168082,0.0016914202099838633
-8.797056411434697,0.009150731932166992,0.22444464806585443,0.0015189389742127565
-8.790098136299758,0.015369877260902377,0.20564973340838305,0.002751531522769674
-8.787448076825571,0.016807246212821984,0.20256274371918115,0.002504249362021926
-8.783277799781253,0.01338881168786458,0.20995622659075314,0.0018022126186954344
-8.782336610566563,0.012858980784893231,0.20949416532886156,0.0021776460565403324
-8.781747284699334,0.014496399741802637,0.2222332564857036,0.002389337530882489
-8.778657838349472,0.020574257852995808,0.19464911575563235,0.003071931694433264
-8.77685045314211,0.013694890757561631,0.2162283309984443,0.001953350318517417
-8.772290386326636,0.01875929246879079,0.20598974310825535,0.002214021022708933
-8.771831222690949,0.015931500626754705,0.21387197526808638,0.00202034854172693
-8.764385606495617,0.01114399120822159,0.21407183958371306,0.0018903927403758562
-8.762813832637915,0.01582637958770071,0.21936366578750588,0.0019344225278103192
-8.759915781095813,0.014167520240486326,0.2169582856851871,0.0021971431196745952
-8.756147305346841,0.015090712077749643,0.20715472006058022,0.0024653503761331184
-8.751638371355966,0.012985469913244757,0.21645853052674385,0.0021535375892817402
-8.750981208553418,0.01077684457249694,0.235855502215148,0.0020727374261757985
-8.747678189874264,0.02140650034655054,0.1962117835486855,0.0028694182070145113
-8.745720315769907,0.016033881796213956,0.20998301755059548,0.0021129029423356096
-8.7435362747549,0.0203408979213209,0.1848149796446243,0.0033640777524444644
-8.742370870973337,0.01162935727615218,0.22171034070195675,0.0016570911881234561
-8.739523463030052,0.011336051690232978,0.22105975877214423,0.0019774999910537297
-8.735521354134196,0.013764737733490531,0.22064567352115325,0.0023519082484783245
-8.732969643233693,0.021176659864422517,0.20167214824943558,0.0035638123215157615
-8.732008278462619,0.012153263535003568,0.22284845019260474,0.0017369879297776105
-8.727709826501316,0.012630111369348893,0.210890471613101,0.001953495083863523
-8.722127765994612,0.0168200689976521,0.19935644613769837,0.002317812516371178
-8.718355085260212,0.01665250712839143,0.2089762166864565,0.0024826000939767805
-8.718228670864775,0.012608066977835161,0.20719625194061198,0.0021640589120461
-8.71613216506835,0.01834316909567415,0.19502775211969814,0.0027533016466996995
-8.712970953309254,0.017302024852707,0.20124907351957425,0.002676617704970108
-8.710158991328372,0.014242383951042058,0.19986437950657823,0.002077307706206428
-8.706561254357734,0.020061810213790394,0.20034096598810694,0.003031274014437982
-8.704887111780792,0.02103256053782812,0.2055859447487617,0.002946578520430983
-8.701866790039668,0.019129258437374983,0.2043309552287315,0.0022995814709173834
-8.698294380129335,0.02140574168815992,0.1926486079666594,0.00313657206149405
-8.698101014208097,0.020935529214725326,0.19054417607351984,0.003152644515042844
-8.693840253847839,0.02604328048639755,0.18392039068311808,0.0035675352323874376
-8.691005339625224,0.013074363319372359,0.2005981321343087,0.0018194441398600599
-8.686794062516801,0.018780896851200327,0.1916374043233045,0.0028188705295330535
-8.683976192553196,0.01313674726027465,0.20373791863564397,0.0020344590906311993
-8.679731742213647,0.016173167355862408,0.1992897637568602,0.0030105084043610467
-8.675519608891094,0.011913222028595124,0.21039605935417152,0.002176089970329256
-8.670957184601336,0.010621317487371862,0.21085369322044345,0.0019473253863141343
-8.669595279898802,0.012747511583789986,0.2062575582761706,0.002078186160762481
-8.668396292942747,0.016599147825678166,0.18199699073019737,0.002641794441135647
-8.663103956459736,0.013960881085873103,0.19313595393245162,0.002363419352970232
-8.661043632290948,0.01732139660487921,0.1929564110098514,0.0027315112160149774
-8.655814852333684,0.019196462779965822,0.1782005674895251,0.0027563868207689628
-8.654714633568465,0.017419049366263817,0.17984611259114566,0.0027585427236243676
-8.651970559641793,0.017388492492591976,0.17725195367407962,0.002601656497438396
-8.64919215202841,0.016159719744949858,0.19374437611725676,0.0023874067249179632
-8.645200708746257,0.018845898373676544,0.17402638426664796,0.0028162232936200884
-8.63712627028448,0.015949597528571467,0.16772688162168392,0.0022204299249484667
-8.635423574990403,0.017237186616580018,0.1865233868951477,0.002669126934514841
-8.63235354583522,0.01639106800039966,0.1973192742641438,0.002132813209536247
-8.629824172013455,0.015873936736500168,0.20262759089857496,0.002309754164989011
-8.627782745358957,0.017108707951601212,0.17538118755398058,0.0026354259919894383
-8.624430652038663,0.019597591776820453,0.1702900717070422,0.002434956402922346
-8.620237013131343,0.01684868114828662,0.1703278629704226,0.0022526047267891892
-8.616383246718305,0.015633628437720398,0.1918374123776413,0.002065369203454393
-8.614626027843807,0.016121098374025745,0.17521436395140705,0.0020037440814045697
-8.605092669031862,0.015984722376567867,0.18869834979455333,0.0021839055744085237
-8.600396970555485,0.020159710743792802,0.14846589997502838,0.0024270785944250973
-8.597762879602243,0.015791459035462772,0.1867446571988347,0.0018849403520154945
-8.595097124745639,0.013535704105623263,0.18257306242137683,0.0019902550331640507
-8.592357995537796,0.016595143581920508,0.1826076853523943,0.00243033322908707
-8.592030122546676,0.01863516199570857,0.16446904836721646,0.002765236580596643
-8.587483773889181,0.01722057609342238,0.1738889259408859,0.002845734750943049
-8.581538903721064,0.020769313348778597,0.16811253476947796,0.00275705388819908
-8.577742647576423,0.01583122379700463,0.182877046009354,0.0018824847297748638
-8.576701839328386,0.020777149144820876,0.15530689993044758,0.0025898135286295063
-8.570345097833394,0.017011366217803674,0.17985916816845063,0.00220339226616435
-8.569291955764951,0.01686242244847264,0.177220189774722,0.00236210885005303
-8.56089895442163,0.020213585902355044,0.17068611569095218,0.002527634284250951
-8.554154664505806,0.017325740956500354,0.1778034167652142,0.002097145968978199
-8.55162232463551,0.02074602439017807,0.14110952262942586,0.00301530980707355
-8.549567930247658,0.024540350979583025,0.16583234051951448,0.003342834715731472
-8.545244206744776,0.029160496860844345,0.1517843304940513,0.0039055507861186795
-8.544380078828976,0.013079210271431871,0.17519077556480322,0.0016526173097696514
-8.541946495663696,0.016182862881326535,0.18241022425609796,0.0021543366725688406
-8.533521170247727,0.026325062911172106,0.13657851980475538,0.0032965400519073523
-8.526256765817621,0.02549758180662921,0.1510459168388397,0.0031456884497143038
-8.522011967657244,0.023460432955957167,0.1550800182082055,0.002746754928405924
-8.520769341818385,0.026746012699529604,0.13698315817799334,0.004338241733752548
-8.516334132488025,0.02628998182034206,0.15142877916687628,0.0030017598223321547
-8.514064198244434,0.02023897208867697,0.15246542725748985,0.003402904917028641
-8.507202233010734,0.02198272644909376,0.16723173058490495,0.0026549634156102387
-8.505336480746333,0.023622845664549315,0.15584001383099597,0.0029213567164055486
-8.502250143081696,0.018760813295490515,0.1671557607458948,0.0022683461753591847
-8.496347070618665,0.024250620517951935,0.16079528127564108,0.003056728228007194
-8.491467613050386,0.021410380168870632,0.15177791848153768,0.0032645475648401586
-8.487803232696233,0.018161209625039178,0.17298767141927512,0.001998991289554045
-8.486130609438593,0.027410012938492767,0.15253317661838575,0.0031156922096741845
-8.479606861328085,0.027925381638242167,0.1463788467373031,0.0032248321886953176
-8.475808333170516,0.02729392435353842,0.14190945885054435,0.0030546998596968637
-8.469134084720373,0.020264413127695776,0.15832847964728758,0.0025001959564663425
-8.465108794569492,0.021914370955005827,0.15338512198258297,0.0031710024428544515
-8.45648208084397,0.028132641601530547,0.14758321227957122,0.0029244664673288437
-8.455524164320224,0.024666114354487692,0.1147667168756378,0.0028930346189889556
-8.450634334338591,0.025713299999962913,0.14678296748521066,0.0033815811548164776
-8.447933405379853,0.025374779801037715,0.15526688098347463,0.0029517918317721725
-8.444084253743464,0.020804507116903938,0.147494322314215,0.002460399115195102
-8.440327093742587,0.022831797080196205,0.1604609700916504,0.00290449688616437
-8.434608813227785,0.019943135200809942,0.16835597706026334,0.0028304002304918177
-8.43170008418422,0.021322480961213044,0.1539236766874084,0.0028354071451527968
-8.424644781063245,0.024129219336907367,0.1433294411437611,0.0028145533703726896
-8.42210063740058,0.01948932366096672,0.14688923500102996,0.0029559451818096986
-8.41235065632606,0.02910582589931954,0.13710372927593767,0.0038147916410959477
-8.404599680993073,0.02306444474267843,0.15293875919218347,0.0027003334094227002
-8.400095239341214,0.01855928954172719,0.1584767050942993,0.0021473991580030997
-8.393691245086252,0.02106352459777098,0.1527955888393069,0.0030500548025284816
-8.389733421019155,0.018914300043559516,0.14659092795398934,0.002485209301636225
-8.380514954267019,0.02115727734999746,0.14195594706572695,0.0028848869365381813
-8.374887354049623,0.017477888118231817,0.15307270317936714,0.0022105219041799965
-8.370916757848706,0.01858518818348683,0.1512740578228246,0.002679635647175092
-8.368524683067047,0.020771222590724656,0.14026857894243755,0.003298896390802253
-8.361238492199673,0.018365409919945563,0.13776743674703024,0.0014541384815770142
-8.356307575554993,0.023524182924846877,0.13608395601385245,0.0019205471417348134
-8.346210395410413,0.026359072755857138,0.13760228090125032,0.0020836607318546765
-8.33970988553746,0.023143944883960647,0.13771505038735804,0.0024342012050860822
-8.335408038364337,0.018061891280124077,0.1453627094740767,0.0013293398722019844
-8.329813042591196,0.014805546059312932,0.1510939800237157,0.0014301401484890805
-8.325909326178984,0.02724604674482973,0.13484864562246682,0.003152835455061767
-8.319425589509574,0.03090607975351339,0.12162900705280177,0.0022544898491141554
-8.312086745027763,0.017490348164797706,0.15092197116999553,0.0020966347553233733
-8.309409353729112,0.024240779604352534,0.13062642307181338,0.00225969545694273
-8.304664037117101,0.025897753118701156,0.12089211055159346,0.0019524497307815596
-8.303099520261812,0.02124738188926834,0.1270514149949267,0.0020199009070097696
-8.295814299426436,0.024765823857617837,0.11495304115169083,0.0018605316531066026
-8.292114231268783,0.026400581545789736,0.12071545281739446,0.0020073902124795612
-8.287141629668499,0.024293501841523235,0.12492304544512475,0.0025226006836217884
-8.273698569292742,0.039468056305128375,0.08578804426858806,0.004768567175312576
-8.271386335533677,0.020695756390205374,0.12338531485052755,0.0019173227400935639
-8.26888920734104,0.022210700330400256,0.11138535075388306,0.0021161083729143914
-8.256998353814383,0.02029449182790734,0.12061949053625924,0.0014657989234471488
-8.252875916063633,0.016393487653769044,0.12477512646450917,0.0003979340847381608
-8.246953401271426,0.014419959195083456,0.11514620668159785,0.0009598602133323934
-8.234255995617433,0.013797772549265052,0.11541778229610668,6.70618196196033e-05
-8.226858319768969,0.016292267750964123,0.1155971355668183,0.0006035901603503025
-8.223510229230785,0.01724022948152166,0.10226553129767818,0.0010102845149010796
-8.216712629867384,0.014434609958189211,0.10071953051518445,0.001036324060891351
-8.214629899549992,0.01875448459006973,0.09722542676477174,0.0015127075454172004
-8.205862913917015,0.020263646711181856,0.11693469694792837,0.001246921991686658
-8.196363823668849,0.013397560716139286,0.10206212890778002,0.0012321137492887718
-8.193450003710918,0.011797967311908962,0.09576422132311166,0.0005087150901928353
-8.193093000057278,0.017314984993468178,0.08497827732944348,0.0012407568782196667
-8.179778096275614,0.020642003729057053,0.10651579697802283,0.0013437306557104508
-8.174065458102486,0.0028939585318011195,0.09772526591573055,-0.0004005296793306755
-8.167176029882631,0.007005502435206844,0.09416993973349579,0.0007784796854556363
-8.16479053996101,0.009072432583646853,0.09846479951682216,0.00030774318194253013
-8.16113838563211,0.010853286971018767,0.11407936049316719,0.00021198997053481885
-8.15676734046358,0.01229911105608845,0.08870086580716965,8.689348388560263e-05
-8.141895709208447,0.017937068744510207,0.09199785245537971,0.001762115976444935
-8.141023022755991,0.0104873049354892,0.07720413910701515,-0.00031670507060168826
-8.133018074329888,0.014784303382506872,0.09624973393882086,0.0002876700622098979
-8.12869029801809,0.018654184853416467,0.09674899440725065,0.0012645845413137582
-8.120804003553166,0.010206322156132198,0.10272108155027497,-0.00024556463512275076
-8.111456410970371,0.02024356567636471,0.09742912102443571,0.0015525123287116888
-8.105821019198466,0.02163060094072097,0.09737649811995576,0.001872835869223174
-8.097871808032256,0.007007495132958151,0.082058535653331,-0.000348013167349199
-8.091269667411316,0.017221217351880327,0.09728872394168969,0.0006323276131668868
-8.08588685035974,0.015275696308223724,0.08236961439399669,-0.00044938902816271876
-8.072919547834847,0.013507527087653109,0.09397768291713794,0.0010805317299794812
-8.069559942608564,0.02141592527145138,0.09046658178822602,0.001795329381118973
-8.06573638725997,0.014017307558806853,0.09535568320640912,0.0008585680438587463
-8.05778075586319,0.015562969060725497,0.08827412723951177,0.0014750329198854226
-8.055918894287728,0.01806541859529602,0.09956112102669604,0.0007984988918393008
-8.052080948757421,0.014261492744313719,0.0800277457573528,0.0006463793599448272
-8.045277287124259,0.020070679246004336,0.08248435281077672,0.001928800752985321
-8.03387288567595,0.023651567653798295,0.09204444551721079,0.001798513852800379
-8.03187635428788,0.017227768863265207,0.07865299700208085,0.0007794835176568575
-8.022767876479865,0.017893049908592855,0.09211946818414637,0.001114945914317048
-8.010354307764606,0.01585328261277387,0.0800255861623829,0.0023175532792480236
-8.004441884478249,0.016879532289184204,0.07813603771893889,0.0008417109133142186
-8.0020068911014,0.014973140793658812,0.07759668875858215,0.001973661685538179
-7.996735384100698,0.017196846369854357,0.0734263478681194,0.0012801297680875416
-7.992561200563362,0.012848840055076962,0.08451142009455302,0.0018861401329406402
-7.987804967359586,0.017002631306192655,0.08406534549256969,0.002100099314208338
-7.983272930766548,0.01490407650338043,0.08024041691104332,0.0011500034934787365
-7.977986099976012,0.020582112249370038,0.08356109275046188,0.001500165307591583
-7.971683355363699,0.012924731720123955,0.06489534840722361,0.000721420189655449
-7.9673600081141975,0.01652059531826764,0.06781313551324558,0.0018191552910872138
-7.9587567261873176,0.01486755856029262,0.07624877410580755,0.0015831759917475895
-7.952491320924185,0.0145454407927909,0.054690066136303395,0.001472772050944045
-7.947803836619446,0.009567336866252683,0.05582923295889213,-8.117079376428181e-05
-7.94170734388815,0.007086915640990606,0.074598718885412,-0.0003338580081491869
-7.9375801207185654,0.009607649368089714,0.052738531614207294,6.29271742997863e-05
-7.934574394343689,0.01993790452196039,0.051530993819057375,0.0021913432648838966
-7.927421630424542,0.015092637951491364,0.059686693083187026,0.001094136242645772
-7.923912761386274,0.012665495523326424,0.05002725402605548,0.0015983779206457977
-7.9227164242906145,0.008871873969653174,0.06065417909129196,0.0014808246375770037
-7.916826928659074,0.010941238235378695,0.04831935906581841,0.0028664959589599108
-7.910865859159797,0.01203999039546112,0.044517238902793306,0.0007288284166230325
-7.908418630739522,0.013763813509743573,0.06357689458595918,0.0007088166538069404
-7.903728723432894,0.00860661776711161,0.05747341045078564,-0.00012811800748500568
-7.897245858418856,0.012929807000642165,0.0483734106281535,0.001096420842922037
-7.891041486142171,0.005673571354890115,0.054503598087902776,0.0002204103963393544
-7.88865855383905,0.013981427741925598,0.05774398706249662,0.00037810341368254007
-7.881778549181564,0.00875075515881021,0.06025203141983346,0.0007894490215060403
-7.879206867892144,0.005356467450964176,0.05039383319956491,0.0004089959648106314
-7.874359608264052,0.010814449998217953,0.0507194770089818,0.0011256281557059902
-7.869972898109489,0.009920699586713471,0.0696924335985429,0.0019212971570514276
-7.869276671753394,0.007391277407601804,0.052601900347164075,0.0007189906479537837
-7.866075167347559,0.007952831414048178,0.05237019003912939,0.0010852663156187528
-7.863156306631146,0.006471586019645848,0.05557561384795407,-0.0002592572284630777
-7.859528445866814,0.016786929007025494,0.044141378215452255,0.0018507918944060844
-7.856653169990436,0.008527226180401505,0.060343684822711116,0.0014096307022521796
-7.849193921464502,0.011941358727063445,0.04628955472287914,0.0011762590331617527
-7.845057236028393,0.016997958648512047,0.032775862611474735,0.0021492112379362703
-7.840928519176982,0.011889750823566367,0.05499682201382852,0.0014086534380056128
-7.839330694574026,0.01377863832320087,0.04149053993175376,0.0006600306365423547
-7.83566023336325,0.00832912194151856,0.05487079245380026,0.0006577230077033369
-7.829343081941449,0.010419276137973723,0.04494924161039821,0.001943219521679285
-7.827646526610715,0.012048232535551923,0.04301949278723868,0.001465972843040467
-7.821825142511007,0.007849566258336054,0.04359080467413884,0.0015198686145940937
-7.8178305624936115,0.00932993580320971,0.04911193976726034,0.0027600018475638114
-7.813900747674949,0.005082641603772562,0.042433157833864865,0.0013196555601825406
-7.809156617617027,0.01016589922095461,0.05221844838645567,0.0010945942592271163
-7.806634862610681,0.012613101115611982,0.03644320169356398,0.0026478435649638643
-7.80317785811411,0.013049219696780965,0.04541485478015229,0.001601363367410338
-7.795799724818819,0.00394257946722229,0.031074772188056755,0.001695069015583042
-7.795202754826192,0.005362475678237186,0.037257762317116555,0.0013898233790412054
-7.790365132799056,0.008840808465067228,0.04045637250082346,0.003176393319104305
-7.786365237429052,0.014402063420512149,0.032146575556377864,0.0035192081880296437
-7.7851208013884445,0.007711259631124458,0.03463190847938777,0.0037328555719837965
-7.779908614142042,0.014457707789876314,0.03580328725075345,0.0016061333230671891
-7.771805213227608,0.010800710090569975,0.03631071128893947,0.00291392360804395
-7.769909853855942,0.01382603336904739,0.03360463417541287,0.0023617594473672437
-7.762352431861939,0.013275162222092542,0.035216338572811104,0.0025118719558429267
-7.760514768419563,0.0059309212332500725,0.03997200133345472,0.0032791708005788347
-7.755791380841895,0.013349733909755456,0.0446960495086997,0.0010492766538492463
-7.753432438581512,0.00846407649734194,0.03488430156396881,0.0019152374720471745
-7.7409130604446785,0.009233817981798665,0.03339802589988176,0.0011268556200970407
-7.7394598246150075,0.012350163061745795,0.03335097095798128,0.0016826441460112674
-7.739201320516902,0.014652945325906972,0.031213204520007306,0.0011384752057470744
-7.736999137421375,0.012035433297661982,0.030568274544421237,0.0032079010541219044
-7.733154513599375,0.015444471752816807,0.03492259594377283,0.0032321749096457498
-7.728196713977283,0.014000559701340232,0.03395318881717294,0.0021474328055865275
-7.726969783666896,0.014209305252740615,0.029747881729496977,0.001783118021110909
-7.721425064007803,0.007915411828834656,0.03613608622556556,0.0008491575350329935
-7.716114584713935,0.01594611892037796,0.03317023337606325,0.0021250999425969914
-7.714890238258219,0.0117835223306506,0.034707780531177436,0.0016368446100998443
-7.714056764775096,0.005221048582508645,0.04425460129337684,0.0008987471885852787
-7.705502209859012,0.01338367807730688,0.03232549764414047,0.0016929705034167569
-7.696287744425767,0.009501082260082663,0.03071651090026222,0.0016054452023383835
-7.693374060934609,0.009017238788674371,0.044415201269595826,0.00015385813011212565
-7.685076519620268,0.014442027178115385,0.02527378019674664,0.0025620361477355492
-7.6818215610905884,0.011533238457645633,0.03094320551246957,0.0032679815631204935
-7.675859369678827,0.007681645300452649,0.032344000690540685,0.0017148015761849818
-7.67262694644903,0.007261119921300821,0.022934122793786017,0.0045677697323654775
-7.666141942832464,0.00656308224793687,0.03702391551480283,0.001786296756099953
-7.658294099093709,0.013898282187203266,0.020549375261852517,0.0024287592648551985
-7.655608986001846,0.011316007054533008,0.03747742723361221,0.0002903487442618734
-7.646201585892216,0.006515539027507695,0.03763441305309918,0.000943352874403033
-7.64239213569604,0.008126895796832942,0.03518388612142297,0.0005510449374167887
-7.636868649227038,0.012991946721520778,0.027740552354932353,0.0016347466643927481
-7.633305417184594,0.011346006625198628,0.024578301134904872,0.003756772283381634
-7.625415399938865,0.008163098709061026,0.044199009795091546,-0.000535924304344548
-7.62425796230192,0.00440093617282968,0.02757620601098031,0.0034816320859215014
-7.621453564641723,0.011949504847856165,0.03206563071599266,-0.0010721245803978596
-7.617422738020598,0.008255031272311123,0.031059283185127556,0.0007099938955685364
-7.6142889519711865,0.009048338791822597,0.029710955653095283,0.0010449032565703733
-7.608706778867762,0.007768396453041715,0.025193455270395456,0.0016183340693924576
-7.605871775600934,0.005656725599917126,0.02164303652612967,0.003816254581799996
-7.60180523138205,0.002739753180262311,0.024286441201549797,0.003960435273147492
-7.598247141083359,0.006014890819154711,0.045343266053808944,-0.0014907819807206304
-7.59586834845411,0.005126549450302851,0.02783546019058801,0.0018689446260874317
-7.590893999381572,0.008068115760484306,0.025193534521560944,0.0015095855158152745
-7.5871533298755915,0.002753836437734217,0.030935343190478984,0.00023081362079355712
-7.582925320307555,0.006795287294182282,0.028608260721949906,0.0018062405610608419
-7.578380444363217,0.007641772994769437,0.027327783602740418,0.0005720352509199926
-7.567710557168185,0.004697451037560261,0.03494134305283925,0.0017987521028176735
-7.566879650953297,0.002685028799110503,0.03262241755737058,0.00010034213701932223
-7.563067894104048,0.00598902267874289,0.03816428987679314,-0.001145154247384367
-7.55781202841406,0.00040132018629816823,0.03718346932331189,0.0007847108237324312
-7.555829525493531,0.0022772162296580273,0.035221490323575876,0.0024729202710414592
-7.5490629847256265,0.005181121467583309,0.025616913435905556,0.002620377179549249
-7.547660683161244,0.0009190376924177591,0.028868268851516245,0.0014627833693510823
-7.5441224822488495,0.00421381622383721,0.03373419829361129,0.0016134941215921006
-7.5436229076277135,0.004818573588181867,0.031956562473248,0.0013204655110224148
-7.538930689880562,0.00297075872381443,0.031200736978194473,0.0030675821871194177
-7.535073230760101,-0.004124125818141814,0.04213634096265575,-0.0015685297909959974
-7.530440922801092,0.0007975699349113649,0.030923647810791096,1.8876207401442795e-05
-7.527282254947283,0.0002809341203081511,0.03182890298326756,0.0013493402274048591
-7.524367192598237,-0.005080916559782426,0.036633038290027634,0.0007706852469588966
-7.521544087172831,0.0038611212990841957,0.03123746575845797,-0.0023147838796727725
-7.51709911120919,-0.004834118351732937,0.03535480178977978,-0.0002652004553084274
-7.510438319667216,-0.002086944428375197,0.0344378823588731,-6.649026410388607e-05
-7.50892844918117,-0.001189265069753554,0.040000792916595335,0.00024908799156521323
-7.505514579815374,0.00113061421383738,0.029901217457299574,0.000988806430525546
-7.498164461341401,0.00441891378491147,0.02220148503427053,0.0012252076862515721
-7.497137941948072,-0.003235980525407714,0.039156877750416826,-0.0013459973928179314
-7.4878591372850325,-0.0013936687552392449,0.030365342607209782,0.00021275539197695127
-7.481751652293901,0.0029406352572829905,0.031946193695906525,-0.00041791645431761326
-7.475567010853268,-0.0009565114594033076,0.03283052359572221,-0.0019329304247836913
-7.473402670181451,-0.002757390969498854,0.0360773500540953,-0.0019426917385638883
-7.4707508345924465,-0.0023619625312576793,0.029675940761612212,0.00017391164695925888
-7.469001979048707,-0.003932714533970505,0.03829369098847874,-0.002290408290919399
-7.463597681981401,-0.0030782575474889214,0.03992817307580902,0.0002487112938842542
-7.462145054394461,-0.0030375887650188707,0.0342865513438695,-0.0014853284932734305
-7.459201759123354,0.0012859713883879422,0.024479383438923568,0.0006173553085182718
-7.455623910445195,0.0008131713471025915,0.027768048252687857,0.0012282943796025566
-7.454780902604745,-0.00012366976586409667,0.03229917207787995,-0.00042299475595714974
-7.451269870821054,-0.003818257461912102,0.036773735117301434,-0.0006982997620970519
-7.443527004633053,-0.002854642835261177,0.03196377430341718,-0.000512134471500705
-7.439781793931861,-0.0003923513862251167,0.03119923969858724,0.0004882932853883906
-7.4332705049272585,-0.0006856926433193743,0.03364107269408201,-0.0005923633562364024
-7.431184910562869,-0.002241892650657817,0.028665497131671453,-0.001330776887952974
-7.420653005890301,-0.002159997513269762,0.03113439037566445,-0.00016865778171952853
-7.419248432739556,0.0013480193717772667,0.032788002885295466,-0.0004338078182845599
-7.416249090556582,-0.0018636663147816948,0.03264885097341317,-0.00044148216730652534
-7.41175342071115,0.0011713357486650283,0.028011387506311627,0.0007205436346525316
-7.411222266647564,-0.0006200793696545803,0.0278403016143011,0.0017515195183626677
-7.405088595995573,-0.0021154090775421667,0.03555629400703128,-0.0013701476160030972
-7.4032555021999515,-0.0016083038111743765,0.029226299622708982,0.0010805888226123777
-7.401064570718204,-0.002371596942480228,0.03106692283204639,-0.0008997196844748452
-7.399008963554205,0.0010149660879031303,0.027453843567925167,0.0006751574237351002
-7.395504925312595,0.0006634668866425009,0.026911804275646385,-0.00017323756045961884
-7.392469401661284,-0.000381869954004727,0.025269055405708167,0.0006360429163872469
-7.390909190231053,-0.0013042078473049228,0.028368876161005245,-5.1178503106325396e-05
-7.38890911418583,-0.00024866405569820424,0.032732881896275844,-0.00019519641601818127
-7.384786126904982,-0.0019716956661389273,0.028795331085037693,-0.002185917096639223
-7.378258181662882,-0.0019162118162185423,0.02982791219696541,-0.0005583817495880748
-7.374595557176851,-0.0018650890602227262,0.029738841791996498,-0.0016981579093044152
-7.371521712439234,-0.003382667525994786,0.032171597552654085,-0.0020772599270094784
-7.3704796285993455,0.0016060614699593106,0.028195866638210377,-0.0012891700227439984
-7.368054739635679,-0.0006886330650372802,0.02605447837627161,-0.0012813452263879756
-7.367125282224857,-0.0028752736549460408,0.03227004526926086,-0.002112383133356573
-7.361199302248368,-0.0012917619174433975,0.030600954186918664,-0.0010819965639608142
-7.3602189792423545,-0.0017463846078786943,0.026471307461202173,-0.001284704788574592
-7.355248982011586,0.0012508841134782182,0.029103838077860003,-0.00098801221120032
-7.355188514708195,-0.002260478840153164,0.03152584575535119,-0.002888157564582738
-7.3501146283129195,3.0190837801319328e-05,0.029699037147349464,-0.0013183182441325425
-7.345308670726879,-0.001504423537804638,0.02994638494201095,-0.0009724275595314286
-7.3418352247613985,0.0013271487886581973,0.030161388084930716,-0.0009270486037724078
-7.339436168623887,-0.001321638358502259,0.03043705081281614,-0.001024079143255137
-7.335331798326785,-0.0009019658456722534,0.03289624534342643,-0.0026192171041753342
-7.333237765382911,-0.0012036117263224632,0.030752257525582527,-0.0016621041342440458
-7.331976403084436,-0.001338740090175858,0.029905058591774027,0.0005602518364748569
-7.329144174898259,-0.00046540099172683567,0.026060235896960188,-0.0008707507722868317
-7.326662926289432,0.0002437301343741251,0.03304807196377166,-0.001963642375162453
-7.323001273638956,-0.0012042501853243184,0.028223051748054204,0.00043852976655532844
-7.319789808431567,-0.0009873485424210491,0.03196644793425735,-0.0019134316700627535
-7.3178137324266626,-0.00047702746605343183,0.028994023832855553,-0.002027260460076912
-7.315545654075362,-0.0017066052157290136,0.03235060021811686,-0.0023153896028676657
-7.313690501143075,-0.0008659941497483,0.024846551466667553,-0.0027768586037363336
-7.311776632058344,-0.0016662938642570497,0.026612775170129808,-0.0015114529266475338
-7.306784893700419,-0.0018690455060517755,0.027106855818212983,-0.0003079898847029726
-7.305309620395709,-0.00075512113600917,0.031051271467886502,-0.0022229393393755122
-7.304564384515423,-0.0012584448409891365,0.03249192898939772,-0.002327801411463865
-7.300423856160245,-0.0004920266236125968,0.0277045951595598,-0.0017545514511768674
-7.298833883003714,-0.0015485154631308686,0.0275452633139995,-0.0021961518719292535
-7.296304899720458,-0.00040530718066235605,0.026773255175514255,-0.0029178476521048487
-7.292635444508971,-0.0036040651698894376,0.031859953806923545,-0.0015632547985388722
-7.289056602682045,-0.0035353915634556386,0.027564891576174925,-0.0010882860099799586
-7.284360454306753,-0.0013454207105862946,0.0274070307765988,-0.0017857809168943326
-7.282101514590382,-0.0017944009540434085,0.02995820931497152,-0.0018463626660989289
-7.279557106138422,-0.0006037440669204731,0.02659463313631843,-0.0016291661369623647
-7.2751646204034675,-0.0031342190118929967,0.029218268774539608,-0.0017767897612768983
-7.274569655747026,-0.0003545372224771262,0.026138774175563317,-0.0008969611982689528
-7.270047219406007,-0.00218942653646113,0.029432609536748863,-0.003521101256324674
-7.267892151831296,-0.0028917201140063295,0.030689911447040752,-0.00165756402123515
-7.2640536017415975,-0.002748848422279195,0.027962447118903277,-0.0016899194531964485
-7.263004608003948,-0.0022499141271917107,0.03153684368601468,-0.002829433118189228
-7.262122111032936,-0.003105151068290921,0.030234686640560865,-0.0009290352640451201
-7.257127556561004,-0.002908638947247539,0.03034387044538964,-0.0026488799705836836
-7.253304696929582,-0.004452228806364207,0.03137581007463874,-0.002754342234349242
-7.2524330238520855,-0.002752153036259647,0.02922431816227214,-0.0023114153556808375
-7.250934024956448,-0.0018500234521998272,0.029152464405485922,-0.0033625507274621697
-7.246254008038832,-0.0016520741849365835,0.032508828048154276,-0.002775520247312984
-7.243886549446149,-0.0032229839273126915,0.032021117322624984,-0.003150287040192669
-7.241288531656961,-0.0007106252436043047,0.02870515187317476,-0.0021831555443572394
-7.238411004248496,-0.00375021396520891,0.030016558112368114,-0.002907086428243641
-7.236226087207516,-0.004017828847706137,0.03196882954052157,-0.0024836708527289607
-7.2329293076397585,-0.0014939844216161364,0.03066528908923326,-0.001638819108011498
-7.231286337851162,-0.0005245935565334008,0.030306415303220115,-0.0016849399239253946
-7.227671931929244,-0.004023110394075119,0.03221399285956061,-0.002896932566093858
-7.222547824239219,-0.0018383911294477335,0.0283176606151264,-0.002040417300154776
-7.221137189986786,-0.0031450225170182896,0.030183591105967703,-0.0024622378798366917
-7.216596135887312,-0.0023592955225801297,0.030730425987446873,-0.001299879250334854
-7.214239838798298,-0.003024204623973085,0.030942358760077684,-0.002870794924019897
-7.212171337874029,-0.001972690858923843,0.026582823838909152,-0.0011598548870574502
-7.210847641036091,-0.002175055590225906,0.029492346435461076,-0.0013318630846029197
-7.206747411990108,-0.00381201044902445,0.030462218287108368,-0.0014315398342418875
-7.202653239798522,-0.003279982715647637,0.0284705076639642,-0.001863732169053709
-7.199925878630258,-0.0032439152630375787,0.02830843583886006,-0.0029250474518271222
-7.197972624188062,-0.0028092086626186692,0.030579007529943268,-0.0018101731413457597
-7.193599307859333,-0.0021698025720749575,0.025412297569783884,-0.0010177818076963958
-7.19107818677142,-0.001464122650096322,0.028220101100139956,-0.002986226579003809
-7.187466297366266,-0.003141547735556389,0.03198996293752283,-0.0020879771465975323
-7.185330051648714,-0.005093562717398981,0.032258043110536636,-0.003255973732742852
-7.181950981471886,-0.002309096234393815,0.025659603990799917,-0.0026204153597605643
-7.179260488411918,-0.005447123211125577,0.03450770329125408,-0.0030042970119759497
-7.176517283609653,-0.005257857719972147,0.03396410295192972,-0.003614214876609504
-7.1744202395479535,-0.00274661884072748,0.02709429069199966,-0.004032527818665761
-7.17274349814371,-0.005726534013849264,0.03026481475374464,-0.0028990644567458705
-7.169066451217092,-0.0020098004855092703,0.02884405433669775,-0.003818345224955751
-7.164561613146625,-0.0026046900792742514,0.03019093634272416,-0.0022915929480453604
-7.162763283572346,-0.0008751270613850759,0.030586039837422946,-0.0029068653185159088
-7.1586812068241725,-0.0035095732027811077,0.0299512612862872,-0.0027132999065534185
-7.1582329785809335,-0.0039058416059605566,0.028281189625210746,-0.0021629339671281355
-7.156263898545388,-0.004607061927401451,0.03354597464085561,-0.003144188596251621
-7.153594412628629,-0.0027743501031571908,0.029003585716603362,-0.003036316269038041
-7.150648284340213,-0.0014906445595679453,0.02826191760309781,-0.0020329600144250275
-7.148282149237541,-0.005492490949828356,0.030116878467773705,-0.0046910439674313084
-7.145280198457906,-0.0034022685606304817,0.03106596934455067,-0.003229327271794789
-7.142439715675479,-0.0029460523186926628,0.027291504129900335,-0.002693963775774599
-7.139178606138473,-0.0029157659117457326,0.0309167148170653,-0.0026226576262929164
-7.137021698112117,-0.0038113882521522533,0.029585029569943057,-0.0026367986330007075
-7.131761618610349,-0.0036810280746310976,0.02981737460220002,-0.00430114738620782
-7.12985102991811,-0.006345337653629631,0.031019684666696124,-0.005066437192357271
-7.128751243201816,-0.0060238284111891124,0.03040093070069399,-0.00392273420134113
-7.125624517231657,-0.004866525655880926,0.03284227440389324,-0.003943722676976359
-7.1236158417530815,-0.0027618406327781387,0.02635895455245452,-0.0032323056976318607
-7.119442321400637,-0.0037067868299426898,0.02676735452222622,-0.0034346621053063004
-7.116809312168911,-0.0009572523093600841,0.029393756049933235,-0.0018530799195917449
-7.11570414332932,-0.003284532200995738,0.02767457976214054,-0.004160897554150783
-7.114915261624838,-0.005210607370373287,0.03600553565600775,-0.003477526809943809
-7.109566377303244,-0.003169284422132303,0.025763429142064167,-0.0030064486319920417
-7.105974455140569,-0.005101250884617175,0.03076660084358566,-0.0033553022417611247
-7.104785657252839,-0.003482614041408501,0.02722348374172818,-0.0017147001757554497
-7.101368143273496,-0.004751184938407386,0.03006795135494228,-0.0034531518731047
-7.096362542843402,-0.004670074591692797,0.029912913408613646,-0.00351357692596406
-7.09346407815907,-0.0042463193524271015,0.029917053356689843,-0.0043579823152231885
-7.089639563289743,-0.006073202126615489,0.031975733839163245,-0.003514618384014019
-7.0875498445120835,-0.004771934007864523,0.03011600158558608,-0.002771489270222257
-7.084478662642137,-0.0023938127778524655,0.02926882924479299,-0.003313205448621825
-7.081988181044129,-0.0043935865339353045,0.0308805850975412,-0.0033832382093487343
-7.079679232343535,-0.0038151136060986415,0.027159547400950043,-0.0037214911840298564
-7.073695363497794,-0.0019281026083957436,0.027743641358173525,-0.0036982460120859495
-7.072222884408384,-0.0027996367665651363,0.027230906583318924,-0.0022342073950098805
-7.071810392484065,-0.005514559688822351,0.03299551061151325,-0.003816329230525464
-7.068583542077478,-0.003939261924632934,0.033857271957372724,-0.003816830173945576
-7.065565366197666,-0.004113842378787078,0.03243685476439307,-0.00439390670504721
-7.064340520623589,-0.003679112713005602,0.028201678908104044,-0.0044094780210073925
-7.062739402328695,-0.004002274319208928,0.029687892898462586,-0.003592429724731682
-7.060887513076777,-0.00652978330633508,0.03262597680096907,-0.0051616114141834184
-7.05867990155255,-0.0022885844322076206,0.031077170694284673,-0.002770423708696419
-7.055273249262063,-0.0040325005823283605,0.03253221200107553,-0.0034732586302520852
-7.0491340295673295,-0.0044166049172424775,0.029842445179212373,-0.004485236295689846
-7.046977344537141,-0.0027672147942620702,0.025855618582719692,-0.0034949221487048147
-7.045796202766106,-0.0024972667162396654,0.02659050272222326,-0.0028654982557056842
-7.045136646222133,-0.004626984106997985,0.029231199283865278,-0.0033891087859190577
-7.042335829118759,-0.0029372996612916443,0.026165824018224842,-0.0027664659388702217
-7.038767682957001,-0.0050915439325131765,0.03055767324828065,-0.0027326132852075248
-7.037335024752897,-0.00462939862119264,0.032104374503514346,-0.0030390617987436836
-7.033688562867391,-0.005919984156341295,0.03474346981951712,-0.0035736682746766325
-7.02994650278743,-0.005168897408186719,0.028602892047294777,-0.0034581104419136427
-7.028333705287564,-0.003826413912557441,0.029570896788094197,-0.003087466933815969
-7.0263372434094356,-0.003899156444913891,0.029277113132909257,-0.004787205119001036
-7.0225860309779975,-0.0036141560776899125,0.028587277020182166,-0.0032417190677353803
-7.019785331036504,-0.0029441837010386242,0.02863052454637588,-0.0027116335711590374
-7.01795058321026,-0.005599615355235442,0.03352553068069748,-0.003833534700148735
-7.016752815029914,-0.0040745930445310954,0.025896581714505637,-0.0021432186115020913
-7.011937674096202,-0.004022428468089558,0.027713761689647013,-0.00408950725859065
-7.01018839450929,-0.0073115774475372,0.03338819104134782,-0.004622335804617162
-7.0062189477879295,-0.004400702423057863,0.02666765113964887,-0.0046951996578159525
-7.002687765028423,-0.004401424351164883,0.029787497012326355,-0.004246102508406683
-7.000508807121848,-0.0023041686237588728,0.027058363334820385,-0.003286052140749458
-6.998372449026035,-0.0038798603776493555,0.028751514546564955,-0.003294687417942468
-6.99654883526973,-0.004864472120393986,0.03102600989430129,-0.0031077863914837594
-6.9925594664686725,-0.004803069158254553,0.029064525434040835,-0.003915301274008633
-6.992253265266187,-0.004403331947991982,0.025345717929081923,-0.003865986550919868
-6.991687427335892,-0.0028067768076258967,0.02613158853919398,-0.004496693361274111
-6.989557084930574,-0.004451916288201934,0.029751558008918193,-0.003991734875346178
-6.983532203307539,-0.006742928989527743,0.03318250827658483,-0.004984840827955637
-6.979345148402833,-0.0039436539941935045,0.028574232249243076,-0.004550987573342254
-6.978117805743798,-0.005732293608258149,0.03390243781661698,-0.0046396718298430655
-6.976181781464209,-0.003708869989010999,0.02816304472055972,-0.0037126938210619606
-6.97370183376107,-0.003618833708721642,0.02725147072255012,-0.004472453310445372
-6.971657954106168,-0.006147211094554496,0.03194932851544732,-0.004536931921691437
-6.967512297020021,-0.0054620388178402025,0.02948577428835171,-0.004470637433339845
-6.966688084358672,-0.003846077835610274,0.029649641765049986,-0.003796908193648395
-6.964537077794341,-0.005176218473949455,0.03074833072762968,-0.0036280676031393497
-6.962559916301153,-0.004852756039517164,0.02652318825977445,-0.004018244686822571
-6.957579371372453,-0.004479708495402079,0.02878348076287722,-0.005468656778637238
-6.954400841022554,-0.004508012533977131,0.027854312521821894,-0.004800852202608378
-6.953029110998481,-0.0036396029094919228,0.031634383361556585,-0.004929933924752989
-6.947320075691246,-0.007030035037925906,0.031097883982002382,-0.005282651666440275
-6.9469684993312235,-0.004459770265527023,0.028638223759564194,-0.004951749918420807
-6.939244634462776,-0.0056120393071925154,0.03170322510587237,-0.003466530544630416
-6.93782547516595,-0.004481599912908341,0.026474996884671777,-0.00449464961309061
-6.936896397958469,-0.005361082995699971,0.030298024757690216,-0.004479826726468135
-6.936061236043903,-0.003422025016846078,0.028377618510391736,-0.0033082024173241745
-6.933718068328131,-0.0041182342801558336,0.02863855431013566,-0.004596466794019029
-6.927757605056909,-0.0035086450075874865,0.029109867123442934,-0.0035351663884535477
-6.927315099160798,-0.0025447443307504243,0.028094782404710746,-0.003773968925410522
-6.925255348171893,-0.0038350362847299293,0.03007333293424956,-0.003399636542898958
-6.922134431868085,-0.004790596034487653,0.028575034875141386,-0.00511928003076504
-6.92134181700508,-0.003987052973814224,0.030018328707182833,-0.003693991885967614
-6.916494373174957,-0.004537916082248976,0.03158574179798586,-0.0026732303275738764
-6.9105931848596365,-0.005766665757620634,0.03164085561774289,-0.004334221831722528
-6.909155293384101,-0.0039820927439666726,0.028164594615607372,-0.00409521633855424
-6.9063222634430765,-0.00613009882517506,0.031802115790167514,-0.004628481116712143
-6.9052018213835575,-0.0030145316301846276,0.026122738328362174,-0.0040241694456322865
-6.903537751646562,-0.0038741800708379896,0.0304600625145169,-0.003901127030475433
-6.900718882004549,-0.005599168342261313,0.029438735114489276,-0.0056495889517311415
-6.899608463298077,-0.003941160430917619,0.03168138782828273,-0.00417768163511387
-6.895850490405833,-0.0039006508895190746,0.030842363388046603,-0.004963392421942151
-6.89483751607299,-0.003554427977530468,0.02872982260850374,-0.0036846212122567277
-6.890835652756059,-0.006003545852700091,0.028955778443592727,-0.004973574245722843
-6.888632944465502,-0.005583488331231498,0.029899007191875365,-0.00399150315461585
-6.8868445778343395,-0.007784904746860815,0.03126352868345079,-0.005884156296828352
-6.884577809416961,-0.004143279872787709,0.026218249326024692,-0.004749816492826827
-6.88173961351539,-0.0031843144026651553,0.026931543871493168,-0.0040429776322459515
-6.880033091378229,-0.003944704612095816,0.02764597334796445,-0.004011901149605475
-6.877514436772609,-0.005191644526466849,0.03177901893988587,-0.004582741249349189
-6.8717167319577035,-0.006389843052518849,0.03019820483114122,-0.005267282622219456
-6.870310074232462,-0.004180482097877918,0.03092848421292906,-0.004719782795294613
-6.867604207166605,-0.004163615668375039,0.026670719346798308,-0.004513281113675179
-6.864431128755113,-0.00401301646485006,0.026431883840586787,-0.003731075462239418
-6.861405325034908,-0.005523399657125753,0.02749204869336334,-0.004934826230445798
-6.857817043554513,-0.004768375710792118,0.02891937758635878,-0.004754728990687283
-6.857617388524923,-0.0075025612933862515,0.028598995405005084,-0.0056783291387047
-6.854093987644019,-0.006390694137985852,0.03194058929139214,-0.004840288192259299
-6.852351872978888,-0.005439214702663672,0.031587774782991046,-0.004264966444935461
-6.850451971099813,-0.005915244938073614,0.02776524155359964,-0.005267427547296864
-6.847668126693918,-0.007552612282342804,0.03529786891743555,-0.0046226829762683
-6.844928457782977,-0.0029924365047942878,0.024693769023649066,-0.004437789620373767
-6.840501773843478,-0.0044860640718371566,0.027374842664943656,-0.005166828130496732
-6.838374672676458,-0.006257096388352923,0.03034870682206366,-0.005613466810729418
-6.836022045514609,-0.004453527684048113,0.02788472928123937,-0.004389727184131724
-6.833506442086337,-0.005273804291916424,0.03017758907269477,-0.003765043167268493
-6.831715662695777,-0.007730967786278921,0.03453785730367726,-0.005598013889970089
-6.82846252518456,-0.005690218119566035,0.030719399892410758,-0.004274825574160947
-6.828271294847341,-0.006183973008135014,0.032056806553500954,-0.0036480043691266614
-6.826488795976197,-0.00538148432714854,0.030214430336906444,-0.0035907453480970375
-6.818982079100005,-0.004606999232253492,0.029579228987983097,-0.0032924404968884655
-6.817395465519744,-0.006696713299929314,0.03229760591035798,-0.0035424338328642986
-6.815113805373303,-0.00551732898691415,0.032562398140122725,-0.005211143707160359
-6.8116961230198605,-0.004478319318226028,0.026540325720718363,-0.004332735865471237
-6.808262314347994,-0.0035445048613199745,0.027913055351023904,-0.004198760923507024
-6.803069983081014,-0.006014211668497159,0.02987125702572456,-0.005468049914928603
-6.801292787286347,-0.004705134189981375,0.03141303365759833,-0.00474234488494051
-6.800757824108576,-0.005475373952214758,0.02754450519030851,-0.004353640631077679
-6.8003960127163054,-0.006869076224806846,0.03249226110799297,-0.005814991910914715
-6.796281304751681,-0.007124184032634412,0.03327113798975855,-0.005083509370246579
-6.794218745161349,-0.006722271579407226,0.03043697245644756,-0.005938821385837666
-6.7910971213530225,-0.005981827462137372,0.031683230520298734,-0.004464370294419557
-6.788021375131486,-0.006079339210650639,0.029068888935420895,-0.0059732758163333535
-6.7858864567347545,-0.005709516874565708,0.030840100262674836,-0.005531404948835253
-6.78331612692255,-0.005919816709312317,0.032834425547228305,-0.004564584321193282
-6.781472279070059,-0.004523980383777453,0.027177595814404196,-0.004922727954285482
-6.776869428621101,-0.005368821081297165,0.028647218119667053,-0.005236078363921568
-6.772691670887008,-0.005669632752725586,0.029493364862477424,-0.0050294636484166134
-6.77152937645344,-0.006034972656424162,0.03388064693026492,-0.004671061604361916
-6.769485696406005,-0.005482659172322078,0.031179945346503188,-0.0044155265438034575
-6.766069520847443,-0.006907106286703165,0.035303806535366584,-0.0050525732146128426
-6.763757071951482,-0.004462173385871744,0.029302030689274335,-0.004593863745748026
-6.762781448926121,-0.00507204424895972,0.02754999109989209,-0.004789225085803946
-6.759226874400019,-0.005564050348257598,0.031051379970900635,-0.005054638987223036
-6.756240207790113,-0.006072644068643402,0.030568948552381216,-0.005596341960179936
-6.752475740301793,-0.007933833503937199,0.03363539799939038,-0.0055089201139074655
-6.751134506041462,-0.008002171302137708,0.030825559814623583,-0.004418800825437758
-6.749346475687963,-0.00747806052086459,0.033081222996884506,-0.006356409883276579
-6.748694373598736,-0.004244085828054597,0.028622041828293147,-0.005125335835928365
-6.746277208176737,-0.005355842285115284,0.029342705187708998,-0.006393717826859287
-6.7435939180541995,-0.005312765281734815,0.031198618347283307,-0.005079528958256264
-6.741496606826054,-0.004319742870718961,0.02751368224352057,-0.004015896481657285
-6.7385301619983125,-0.006220435953423314,0.03519889506510106,-0.004882811606011795
-6.736579063674205,-0.0063450683548962085,0.03236934125910493,-0.004611059234351008
-6.73567953536808,-0.008622358576945521,0.03217757127338175,-0.0065480964013532724
-6.733559294268738,-0.006009118619662205,0.03239759154219859,-0.0053759475610024665
-6.731112021822778,-0.005135975461951506,0.02922421876784475,-0.004808850668301453
-6.727155355784776,-0.006018607329813922,0.030301521243809727,-0.005477253968942713
-6.7223875762792025,-0.004216214985254562,0.02986793038599192,-0.004802255197913258
-6.7186627134311205,-0.007482324347095596,0.03145820763647428,-0.005771227146181094
-6.716386636291229,-0.006569168962919362,0.032094776796662415,-0.004249076407936178
-6.71340993622437,-0.007335797416780231,0.032434406679887194,-0.005403374543204423
-6.710571977267394,-0.006272487562682878,0.0316739273660066,-0.005251840166925088
-6.70970034327222,-0.00555184495667346,0.03039948881747596,-0.004691199775228171
-6.705867875028642,-0.005170647413211475,0.029181000774854478,-0.0038657060109104
-6.703439951420677,-0.006847370419542896,0.030618116532653974,-0.004875485300125933
-6.702115280535048,-0.004651349335265556,0.029657994480394453,-0.003797236348275399
-6.699098695848296,-0.0072776463734812395,0.032046034716538954,-0.005771008852198686
-6.696800726689943,-0.006096717881738282,0.029205000043705555,-0.006276196779996186
-6.693384534410999,-0.0066572110287273075,0.02831619252981584,-0.006091692851406567
-6.692408542696432,-0.005417869902866232,0.028949689279596433,-0.00542212426184137
-6.691316570063724,-0.00811437994698541,0.035252084455954784,-0.005359122122099773
-6.688398157619282,-0.006983623657695659,0.0327004377916875,-0.006153771047844278
-6.687256613402392,-0.0072360265144381375,0.0356301458862359,-0.004501050487459627
-6.683095987923906,-0.007480768021605573,0.03069582601589673,-0.006114536192881014
-6.680037130258298,-0.005984150340695728,0.029341780984634747,-0.0050181158086451075
-6.678606004217986,-0.007410613644995061,0.028515504332758155,-0.005829466159161151
-6.675384411877776,-0.005886021857175485,0.028356083715672314,-0.006085399633959343
-6.672305205578078,-0.010524244174869196,0.03600963996194737,-0.005895053989990522
-6.670624590196326,-0.005545356191105396,0.03205705547792484,-0.0050016903934900795
-6.6680629581035715,-0.006766529716578805,0.03207555879045917,-0.005500070563066431
-6.665881964307332,-0.005105115412790953,0.03208995938429079,-0.006503203861983199
-6.661510405114934,-0.005683375645486753,0.03281887841491337,-0.004830889073568116
-6.657230974783065,-0.006736927357152112,0.029820842595622517,-0.005561928367027148
-6.656325143156689,-0.006518373004104814,0.029756538384215155,-0.00511127398585829
-6.654766835376679,-0.00641698529576487,0.03142886982044414,-0.004156005618006037
-6.649718101415158,-0.006815720657749585,0.030774562752354403,-0.0059415757375924985
-6.649367521443742,-0.005913207154356404,0.03169130726926941,-0.0053054588340784945
-6.646714766286795,-0.0076179847028462365,0.03857027407106409,-0.005154399721596477
-6.643929789319726,-0.005766055354325856,0.029219042026690543,-0.004936386157727887
-6.642454833720223,-0.006444292370314412,0.028922382944322624,-0.005461452472032164
-6.637651693938018,-0.00773703408180893,0.031063420775683335,-0.00632014379139591
-6.635465705042913,-0.006394449428687587,0.034540464442888226,-0.005334159410401387
-6.634640100314586,-0.007747783890969602,0.029885745005163132,-0.006298287508614415
-6.6311145409057675,-0.008601841349225745,0.032555794322728586,-0.007299545452856561
-6.629076958239097,-0.009572722949311392,0.032748650355501674,-0.006940894431382456
-6.624975331426632,-0.007741002985203111,0.031716541885344486,-0.005879895157486031
-6.623602508562595,-0.00723383163115597,0.031145692717681285,-0.005503252148076204
-6.622339084377567,-0.009591179838508417,0.033342167042505394,-0.006319677324445119
-6.617000975531223,-0.007708829810001929,0.03352644438051751,-0.006077663001949645
-6.6140201819726645,-0.008550940224732503,0.030376750658541906,-0.007526629601476779
-6.612287896477084,-0.006292155907848558,0.030862404160175255,-0.005804538730061217
-6.611214819666402,-0.00716740516245433,0.03494346714003181,-0.00595016956053911
-6.607251329284257,-0.008125307989841467,0.03253118051678684,-0.0057383396836189135
-6.60271821431785,-0.005703929080918013,0.02837109659208146,-0.005530138596336409
-6.601905708765463,-0.011487435881843415,0.03575490422133484,-0.0064764448504055425
-6.597288601868324,-0.006418823547329363,0.030916984503251494,-0.005928757528020541
-6.595031859191507,-0.007982437701155495,0.035095260229900366,-0.00731070439072771
-6.593559460958125,-0.0074365577073459916,0.032523783092198624,-0.004989501243543775
-6.592252160996029,-0.00781011254497023,0.032313019817068724,-0.005751141088966076
-6.589905115466228,-0.007405316610103334,0.03226130642185412,-0.005762724555463254
-6.589483639643154,-0.0074820526136537705,0.029556912343865004,-0.005851034976595997
-6.586552869490403,-0.009297831611464075,0.03260017565861846,-0.00646441550127623
-6.582882557271193,-0.007303905087364483,0.031767968433073106,-0.0061795179318962865
-6.579174676066006,-0.006456273560061642,0.03245727956457193,-0.005561933877254787
-6.574419009710067,-0.005946604774248831,0.02861433225514255,-0.006342194972213732
-6.5735094005938715,-0.006910797491796402,0.032033242613630046,-0.00466441810348197
-6.57062305605223,-0.008180565047542655,0.034061176396637735,-0.005946144936771619
-6.568512780958363,-0.0077140299953289545,0.029036002025000986,-0.006603543529918258
-6.566371820163014,-0.009395657004508758,0.032650451655253925,-0.007540381170694953
-6.564697284859646,-0.006383348225071283,0.032495741472789115,-0.0052038592119235975
-6.56259892840449,-0.008631450585640129,0.03544833655365105,-0.007940232286875031
-6.560351642463749,-0.006442397310538458,0.031037138350885077,-0.006008019780265745
-6.556503789570131,-0.008190092339491759,0.0321539625142652,-0.0067215516663353
-6.554413198346171,-0.006896635258695898,0.032614631681967786,-0.005643898293795848
-6.551166384819685,-0.008903630473505333,0.031623197689410354,-0.006839971831145432
-6.550201544026832,-0.007891566724680808,0.03217860432760652,-0.006858138081304587
-6.548079269744628,-0.006630190608235044,0.028045681263376674,-0.007587460177947711
-6.544984611604344,-0.00991954723446077,0.03280784938163243,-0.006897613583260106
-6.540324510525284,-0.007046324453702264,0.03150722020871473,-0.007387944082232364
-6.539487197748525,-0.01009522800830963,0.03307438032403022,-0.007699457323712011
-6.534492494763199,-0.007938297170156705,0.03346862772844026,-0.005548736540945516
-6.5329274848369145,-0.005419590722093552,0.031067091362397808,-0.006114477482683824
-6.530505382872469,-0.007978900530408011,0.02833110912957302,-0.004956690297722128
-6.528151416460777,-0.008250394808538597,0.0341250582000015,-0.005904428095014231
-6.525796582827728,-0.00825750321030637,0.03283589338181836,-0.006538000666195948
-6.525050325087827,-0.005060785780782349,0.027235658181123154,-0.005759686611431852
-6.522943895371205,-0.008518816137380987,0.03838658101928333,-0.006531293521457303
-6.521557764799213,-0.007995966409244269,0.03107967498686066,-0.006107747107175205
-6.517714686505032,-0.008942184879415638,0.03219029263604563,-0.006094761007419707
-6.515951010710961,-0.009714302828710655,0.0343418443004631,-0.007483897787937774
-6.513407759953858,-0.007338268593894618,0.03233416847680445,-0.005506759925337572
-6.51174152235561,-0.009778059894700698,0.03327818146034607,-0.005934641831346244
-6.507891663433489,-0.007933264639156503,0.029171532165815767,-0.006490817977382316
-6.503862377859616,-0.0075869054840560935,0.03589827671603584,-0.004953148206380017
-6.501171485941718,-0.007991546327279237,0.03411905281147288,-0.005443770045903016
-6.498471755015872,-0.007933317544544058,0.03260839184794554,-0.005773489824401988
-6.49749996175207,-0.007290784364702758,0.03664500661757704,-0.0056799526633490235
-6.494571584845562,-0.009927784959371586,0.03542681981722494,-0.006470867736874267
-6.492900876913611,-0.009099866855696815,0.035043539923049496,-0.0060549459326969335
-6.490011062941562,-0.009080420299606057,0.03650736120934819,-0.007422716127578996
-6.486608590784029,-0.007813426896893119,0.0344865954464727,-0.00666134597507573
-6.483272664984709,-0.006698982364512528,0.03221475836671253,-0.005810184829138793
-6.481641813206773,-0.007460628083514956,0.03212141458559475,-0.006601154892444741
-6.47905988010468,-0.010802310814157442,0.03601685643225692,-0.007663429591521993
-6.474115036826878,-0.008960587018819043,0.03357679162666715,-0.006424653062047288
-6.470500985944783,-0.007916463645550653,0.03223093219219475,-0.00732618808480113
-6.468775053164833,-0.009486743751989728,0.03356975471338548,-0.007895526155736616
-6.466532949229469,-0.007363592360276629,0.03143141183735122,-0.007151749811698343
-6.465646786243726,-0.010236975328398163,0.03216710688816485,-0.007819840337282039
-6.463048608056714,-0.007531754172940369,0.03308784774973062,-0.005424909631712845
-6.460662195966795,-0.008183942445505384,0.03012873932012469,-0.006685785333845354
-6.45848276997643,-0.010525575309323541,0.02908819050817222,-0.007476783854850668
-6.455255782982464,-0.007580399354715817,0.030903659574201763,-0.006215003007064528
-6.454543050946041,-0.0063284649641946284,0.03241946280044797,-0.005870284936126416
-6.451853705879401,-0.007085427688270748,0.028618701592612254,-0.006957632921685161
-6.450861574388275,-0.009692655425134178,0.033784932825222644,-0.006251925785179771
-6.4470548868228,-0.007657439645164932,0.034261847017325306,-0.007258756662907085
-6.445671702797355,-0.006892329272183946,0.032310383404042284,-0.0059997299881544425
-6.444428634516597,-0.00974563313786111,0.033168387530376986,-0.00730386804053931
-6.441387388705252,-0.009674718943398572,0.035360451984029706,-0.0067097588668706895
-6.438051384307276,-0.009206726810502396,0.03724885496198923,-0.006214846456714866
-6.435709828941782,-0.008784903926532929,0.03410334754626505,-0.006145634120656044
-6.432366591767851,-0.00797033558964052,0.03401587159156472,-0.005793234609943693
-6.431185287473941,-0.009796161666345024,0.03755691294282926,-0.005634098340387958
-6.4279924976387495,-0.009129291207211678,0.03316947646503803,-0.0066739342747131405
-6.425667015911668,-0.007436134841547405,0.033170615458726294,-0.006448084625332054
-6.422696048995668,-0.008927310098781439,0.034947784023953474,-0.007483989123602226
-6.422549086898662,-0.009819011994447365,0.03900844429132164,-0.005256301443247082
-6.41710627674905,-0.010046750905571703,0.036431805452976744,-0.006996492298072382
-6.4157376590749395,-0.00776756161862104,0.03216882633862928,-0.00619773944934665
-6.412288594101013,-0.007621453465951201,0.03480062807350976,-0.0060543133056136875
-6.410446770396619,-0.008431140931117432,0.03559565325175766,-0.005919233629200006
-6.409386423237146,-0.010903807462144258,0.035879526208745544,-0.007271717790403108
-6.40561259494054,-0.01093878704041268,0.03468514765762756,-0.006567955382567509
-6.404114727808363,-0.008650430398010887,0.036394155992028394,-0.005648018056735215
-6.4035537577580754,-0.009675365121018381,0.038092060876234714,-0.005957131130286161
-6.4019812950314545,-0.009285283334541398,0.03838259789696119,-0.004865239192763466
-6.400564239942177,-0.006848170275365937,0.029739672747865892,-0.006923561379466931
-6.395619768606843,-0.009468141772096662,0.03961049209497938,-0.005301547258646963
-6.394561360541135,-0.009410738402422571,0.03628879254743663,-0.00604583208368634
-6.390254784322547,-0.009396543108030127,0.03880024513153436,-0.0077255812813721075
-6.38770347382924,-0.008204336793409463,0.03537478728272898,-0.005549682154574014
-6.386183895030001,-0.009399561510267244,0.03341931456604903,-0.006584588187527513
-6.385686453314317,-0.008834374863687437,0.036266856883416666,-0.006454749652885279
-6.384392225685931,-0.009623322628669856,0.032892058804700655,-0.006813850764890215
-6.381107766063531,-0.008412446891753474,0.03578571583928665,-0.006283944527471263
-6.380411009603961,-0.00927498417478713,0.0343389154008138,-0.006033536932401348
-6.37699895433772,-0.009528134766663102,0.03506956405936396,-0.00798269246581728
-6.375243334641923,-0.010860766306128845,0.0382998130284295,-0.006229041055031492
-6.371390795192701,-0.008554510444914534,0.0344855939505195,-0.006398868422310878
-6.369586973158269,-0.007028562036236575,0.0348768343602368,-0.00635606823009859
-6.367521985125845,-0.01052977015387764,0.03414593949448822,-0.006495113504547906
-6.366042620679324,-0.009518979731164728,0.03279668378749329,-0.006252583984672159
-6.365062697407922,-0.009955233307488678,0.03295488910799983,-0.006209092662733621
-6.362625083915914,-0.009790739383243591,0.03466226600920569,-0.006789977211047128
-6.359114695314582,-0.008263734874800827,0.036065286119190645,-0.006502345281604376
-6.356467439646535,-0.010744346495151996,0.03581057257392295,-0.005686605978459729
-6.355492576672906,-0.009012058222995684,0.03263580665596078,-0.006360567638033232
-6.351740529795452,-0.005818589786217336,0.02993479608348861,-0.004524312050306964
-6.349319385474316,-0.010699769578241777,0.03696059393506628,-0.006669725624748125
-6.346983001592733,-0.00815306532220902,0.03577166410637276,-0.006468250842868751
-6.3457257087092955,-0.00944295843503923,0.03230150986992769,-0.006819723015765958
-6.34223528693198,-0.007914903291950338,0.03655740854530685,-0.005186591494637371
-6.341326010498543,-0.00842095421311542,0.03479080829756408,-0.005414482428127581
-6.339941960833268,-0.008158206127861233,0.032726392447339755,-0.005691949905288516
-6.335046483448494,-0.00733315695343356,0.029206278233469968,-0.006099385412993272
-6.333397687062849,-0.008314808599754758,0.03350303452057188,-0.007359361657794874
-6.331291372984899,-0.008943868135546876,0.03328635715550057,-0.0060904870782912965
-6.330304429794937,-0.009445191440487504,0.03291179474352161,-0.00662382168188242
-6.3291192386305495,-0.008374306560484046,0.03117042204306691,-0.005555344242537943
-6.323707999457724,-0.00890848481743202,0.03458521742167008,-0.005844571412823562
-6.322704668120127,-0.009709326638427988,0.03823402505848457,-0.006183832723294448
-6.320183875404056,-0.0072697352538013725,0.03612082859134733,-0.005522717271416
-6.318190585527096,-0.0056891962183948305,0.02905988126552333,-0.005271874246047035
-6.314777371284266,-0.00847146784237878,0.0336582962257835,-0.007489799691030295
-6.31272881663088,-0.00680587437656615,0.03222563711016539,-0.00564413004159155
-6.309251001160627,-0.005253948056346075,0.031061823604571392,-0.005313479786318276
-6.307628174381768,-0.005484701549043655,0.030303835236305764,-0.005389871404005893
-6.303530446772398,-0.006409970265675173,0.030366113846065232,-0.005360667672430029
-6.301541073005054,-0.010734998911513815,0.04023367474264682,-0.006297351595283196
-6.29996834734563,-0.009466125247085523,0.03371553505294445,-0.008304467025451675
-6.297097872773643,-0.008393165184807051,0.03956133325926715,-0.0055339505186400165
-6.295356004391153,-0.008439202129755043,0.033829614100824607,-0.006508288742454039
-6.2898659188033825,-0.011391045110320765,0.036398979593383826,-0.007620483129055565
-6.287806896746439,-0.01061980570885385,0.03260966635651641,-0.0062369973579634716
-6.28712525246578,-0.006995578716745896,0.03225867244370326,-0.005199621115879006
-6.283966642879563,-0.01251176157884181,0.035455093644412114,-0.006167309666847505
-6.2802671010577695,-0.008529362711694773,0.03584922119243095,-0.007090757796053636
-6.2778737351666445,-0.010459943625726826,0.03548898474377182,-0.006647983625689262
-6.27554122851751,-0.011599419994123856,0.03557189682430889,-0.00749874892225795
-6.273845885569683,-0.007654892072037481,0.03475752976702832,-0.00519666991309435
-6.272199243591503,-0.007557582615910217,0.030781607922701574,-0.005767235283312168
-6.270303470636381,-0.010261562873907464,0.034641255147270816,-0.006716650777595734
-6.269728079529657,-0.007860851127522845,0.02980250837833425,-0.004915642033830078
-6.2653624659844285,-0.01441332452707328,0.03141793879360266,-0.008773099952160612
-6.26358220494173,-0.00964499262644889,0.035241272864569885,-0.005140483725950853
-6.258243774518524,-0.010686480901698178,0.031135375457323356,-0.0057962047915129395
-6.256940153975761,-0.008842497683635608,0.03200488392929465,-0.0063069862061861754
-6.255300041185644,-0.008286091389446403,0.034013978774683484,-0.0052207931667480395
-6.249642548856942,-0.010651579026672351,0.031285095937048354,-0.008045364396244004
-6.248642453109637,-0.011416471459016968,0.034315020540830965,-0.007491462715185186
-6.24611913915164,-0.011296932768605848,0.03154597584476793,-0.006514094228633918
-6.244707970397543,-0.009772423661691272,0.033485917463386625,-0.005962444247033563
-6.240607004714255,-0.011180450467927502,0.03194586302048168,-0.008153720323838319
-6.236435406411601,-0.01080620252233319,0.0321346752185442,-0.00749002611937115
-6.235628087192515,-0.009855421961690859,0.03206804924044232,-0.006050372646451958
-6.234016757825175,-0.012062276537531768,0.03430817686340943,-0.006450318541348342
-6.231042152527939,-0.006421589460132413,0.02764008771169704,-0.005046938814953918
-6.229140868380351,-0.009578098418983246,0.03182337866525537,-0.006504207929402379
-6.228737256711499,-0.01630390657107715,0.03290229037150663,-0.009989529234063793
-6.224722952394761,-0.01297865512220281,0.03218756003851816,-0.007612478014920171
-6.2224589496490825,-0.011390515427946026,0.03034210503559422,-0.007131072346375887
-6.220958900134019,-0.010103473956443414,0.03225670749956685,-0.00521013420940023
-6.21986138612982,-0.008265986522372407,0.030464862252988376,-0.0055967222173318515
-6.215830400215249,-0.010366159972809973,0.03200288846190973,-0.006344900519240471
-6.211530641470862,-0.012030018038660238,0.031641664586514504,-0.00802816362643884
-6.210373212672496,-0.013045717870794955,0.030701176040362405,-0.006644462723898585
-6.207417669033967,-0.007908577429092057,0.0285173330400677,-0.004483783682449576
-6.206133728199212,-0.012603238431395061,0.035103280391341474,-0.006432963776990223
-6.203332729273398,-0.0065701526550724755,0.03347660268738947,-0.004765267273573139
-6.2012495730712525,-0.0075011083461633005,0.030492828907257526,-0.005980633251146904
-6.198334404183265,-0.00826556724726719,0.02831422498699448,-0.005075057204160339
-6.195419508168826,-0.00704513483987016,0.02990068860972301,-0.005425031564744277
-6.1943402731747925,-0.010453972514961772,0.03258978206141195,-0.006395474416250873
-6.19336136600776,-0.007920560100937168,0.027503470560423376,-0.0044770685134360114
-6.187489024725375,-0.007725595058136041,0.028096931997974056,-0.004587762978900635
-6.183505663122192,-0.006909456493235995,0.029517695091631848,-0.004682251090828719
-6.181344370994418,-0.004964876114295382,0.028042247253604297,-0.004820339425681995
-6.179187399437845,-0.00876293185062191,0.03336925902669389,-0.006809490969673496
-6.178574039982303,-0.0106589867757762,0.036050670698111555,-0.007481508088559666
-6.176466499796154,-0.007421308270511392,0.027540770386494173,-0.004945124133605066
-6.1740118993531965,-0.008146825024314712,0.03174451393739686,-0.005740661238952432
-6.167909762684375,-0.009219170921750007,0.03055534190232386,-0.005365841613988624
-6.163231019082728,-0.006230834245528696,0.029221153562998682,-0.004350639108009646
-6.162319730137517,-0.00981012929382161,0.0298738715222583,-0.0056360059890244495
-6.160668257676364,-0.007975015383864227,0.02740508987753929,-0.005650563603300562
-6.1574250013886775,-0.008286108532489882,0.03066658003078037,-0.005755468874361075
-6.152873219911187,-0.007365060442284728,0.028593170696975406,-0.005116322648342709
-6.149695080557064,-0.010636190056339952,0.027651919644236397,-0.007012322951163269
-6.148465036369191,-0.008795368863122679,0.02798087579766354,-0.005452046457159721
-6.146281011836266,-0.008462070489512686,0.026893124797620745,-0.0054784481122558265
-6.143142923607632,-0.008781400864787242,0.031905254613119105,-0.005291114008271655
-6.139541025478385,-0.00994587560979208,0.027439018909499333,-0.006049012527477329
-6.13674653837577,-0.010810136873379313,0.028707033119043344,-0.006729115263428082
-6.1363706589789295,-0.006605840015935,0.028873016706812173,-0.0051616716820058976
-6.13317533604281,-0.008662103167641138,0.030210041832525663,-0.0060215673235831275
-6.131096104766933,-0.00772541730311396,0.02671762856563915,-0.005570528833513117
-6.128325617492987,-0.007436730611254091,0.028954127921460876,-0.005784433375491368
-6.126204801054146,-0.008949943327532258,0.024089880805783573,-0.005731428712036743
-6.123754787808327,-0.0077253601134910765,0.027356470607131523,-0.005628374482808751
-6.122604651837735,-0.00919459544977802,0.03231132528582414,-0.0064658150863942665
-6.119083283880039,-0.007092243540334089,0.02845999670027135,-0.006157461428657024
-6.114624296065079,-0.011375263493344775,0.029938438110490802,-0.005922407674220168
-6.11311762579958,-0.007680275563270996,0.026990561007035296,-0.004767961167271811
-6.109192147513609,-0.006161551854831606,0.027772565796893797,-0.004401672525518618
-6.107077079192126,-0.010444094621097301,0.027589070686470468,-0.0062318235728031236
-6.103200424349649,-0.00701711866324759,0.027841836719950802,-0.005097873443822531
-6.1016940392532,-0.007577850177845609,0.02828270740577166,-0.005476914627060817
-6.095791203272323,-0.007257995601504567,0.026343901995634512,-0.005130107108914035
-6.093825101433665,-0.009576926512873155,0.025059288176163833,-0.005073718339614355
-6.088126045246753,-0.007088667609061476,0.028955048476126524,-0.005255640100106136
-6.08561217810554,-0.00825968996018,0.03058820233110981,-0.005916766391499978
-6.084138798205189,-0.009549214714947034,0.028219026709646277,-0.006377402489652796
-6.082035348169031,-0.006570132656080023,0.02338291059745676,-0.005035092100043281
-6.079623082283819,-0.011894692822231432,0.02606807712837297,-0.00627206761369123
-6.07616423852774,-0.007163858475493721,0.026905497842221918,-0.005952771109184743
-6.0706699437221925,-0.007290122891360287,0.025127180127792657,-0.005004531175908585
-6.069711441406476,-0.008744479888188448,0.027699940440617313,-0.0061744658840706835
-6.067375448890105,-0.010947028954166915,0.026827082252453564,-0.0066397909009695685
-6.0657542726731855,-0.007333236285652111,0.025648793039412088,-0.004132615584539809
-6.063582976625769,-0.006345934654577424,0.026145109774556974,-0.004560140869619263
-6.061143579234087,-0.008474524130902997,0.02539122117707199,-0.005841666995937766
-6.056257505822783,-0.007085998149664198,0.026372609411955895,-0.004607462728489929
-6.055646509285827,-0.008466748902338228,0.02646042502722688,-0.005367763959678271
-6.053327026988928,-0.008160861183821248,0.026216567503879212,-0.005713929169236776
-6.050825811367791,-0.009118971974814273,0.025402123001229866,-0.0048259238680410385
-6.047577351770358,-0.007967997167942895,0.02683176927841733,-0.005717732022843093
-6.044405626916749,-0.006218197702112776,0.02578611594288239,-0.004476951003907123
-6.039493825932037,-0.008811743359262016,0.024896025856814337,-0.005087797763538213
-6.03745364201068,-0.009373566757311002,0.026551193519504798,-0.0059259351374387785
-6.03475240378058,-0.007277710836972216,0.024906535195244564,-0.005426418353078878
-6.032922345191808,-0.004482016959851819,0.024710083217646967,-0.0037377728569099214
-6.027567597436785,-0.005717978248460956,0.02714770904707224,-0.004370570376835678
-6.021064080569841,-0.011589975469127866,0.030421355502817597,-0.007878463890181328
-6.020348513061926,-0.005264614980167113,0.025038042414301628,-0.004117908413885364
-6.018275008710314,-0.011989282975855036,0.026115414981985177,-0.00648606909799354
-6.01725747076668,-0.006722846112086744,0.026748169900433563,-0.004665655142761148
-6.014047019551319,-0.00719197687190884,0.024519232616519802,-0.005203359372091668
-6.011163213873366,-0.0076287347429361595,0.023062219482957783,-0.004887925247818811
-6.007107095536079,-0.006284194942674956,0.022016495729404766,-0.004989351172322589
-6.000011635928785,-0.006550121312748074,0.025885439346373367,-0.005760296034659154
-5.9954455515976335,-0.0070365306940156245,0.023095368934563598,-0.0052999513325059965
-5.9912879390796885,-0.007166590671302383,0.024263530950454,-0.005336776800389986
-5.988488552532966,-0.007847035535279698,0.021588381552000404,-0.005644655523059727
-5.988238322515029,-0.008879202404717266,0.03041100527724708,-0.0061035538949176975
-5.985180834373328,-0.006653527254401328,0.023550214362638683,-0.005150164993854739
-5.982663502082836,-0.009610433533320863,0.024333764094068285,-0.005273970090048357
-5.975707671688741,-0.011416570025263013,0.026159629630781365,-0.0067831925973205354
-5.9741750585728335,-0.006974725868007203,0.021177706840040816,-0.004605607035121736
-5.971270326912825,-0.010159562321362328,0.023649228827596975,-0.005770514752705896
-5.96679034153721,-0.0074349430563521255,0.028433441058179968,-0.005542014083549987
-5.964634727479741,-0.006650917031024552,0.024117857550931994,-0.005177783702789071
-5.963284537598892,-0.01026307129332066,0.025763999359559857,-0.006833643714833904
-5.952738588181576,-0.009132793426403276,0.02077372608404915,-0.005464046682424176
-5.950596759397296,-0.007846361384676316,0.02214578811624523,-0.0049408008384490285
-5.945575233845926,-0.008186940487594474,0.023961658440646565,-0.005174416288588008
-5.943198670666642,-0.009007033480383762,0.02172466457198964,-0.006690905795265179
-5.939912294251484,-0.010508622613537145,0.02362677793376478,-0.0055515317489559105
-5.936567282170736,-0.008135003594043594,0.023304115915474616,-0.005475030271228449
-5.929800309282565,-0.011372311335642085,0.023166854187414432,-0.0073683792765098476
-5.928349336961677,-0.011795687600457806,0.022522436909015262,-0.00733977186160603
-5.924104748004214,-0.010828587223938091,0.02394097611296037,-0.0069744104401805816
-5.9232174952849626,-0.007889733526940222,0.022038258067333793,-0.005756641879429062
-5.9155117005603595,-0.006114899282674649,0.022723167743326264,-0.003983032317484538
-5.912396037003756,-0.007821508833235742,0.021178323953554023,-0.006525852187877958
-5.9052953673397806,-0.008624606058771748,0.017748890441762435,-0.005708922641785463
-5.902941925068743,-0.006934786895564137,0.017777803916623737,-0.005085716910823074
-5.90105150601222,-0.007102473678030168,0.020170649540177343,-0.005055575501918511
-5.896800206917475,-0.009980882415170983,0.01930082313628551,-0.006116194976802427
-5.893468493112639,-0.005830432624474882,0.01869130353833509,-0.004276177234345744
-5.891878144424188,-0.007395031714908444,0.020447654168811263,-0.0041985008564657525
-5.8834827389549655,-0.006226475221575966,0.018063057107005905,-0.0046922781539587375
-5.88171698457668,-0.007771748929043989,0.017726656195395533,-0.004933500912200987
-5.875862539700226,-0.010350951841377541,0.021618017215340728,-0.0066299470975274945
-5.873497776244024,-0.008246888418032707,0.019260700352635687,-0.004566393692089921
-5.866727440497257,-0.007551848330588904,0.018166594784258746,-0.006092244804136702
-5.862051855291408,-0.004649652563823547,0.016967612469243956,-0.005004179713598129
-5.860267619985773,-0.006076973980166011,0.015491390064792571,-0.004438462899373369
-5.857225154779864,-0.008709188971946976,0.017110315380053073,-0.0042522562599683076
-5.853017876404843,-0.005923646776094845,0.01630738470653442,-0.003220630008242212
-5.846509282771305,-0.005220428400849068,0.017726468086246804,-0.004939318721478761
-5.843369508762351,-0.004913059326629716,0.0177726346449468,-0.005176623438722159
-5.840301447338824,-0.00809042613365403,0.019758947909093827,-0.0054648277456884825
-5.837205106883893,-0.006461022523056932,0.017893300506100454,-0.005036038373146008
-5.834592061574725,-0.0060124551360569165,0.015351958877371502,-0.0033551942271529815
-5.829517422571504,-0.008057820532212597,0.015434133823498664,-0.004649408759786382
-5.828062430562084,-0.006151213070969151,0.014549325829616063,-0.003251930666739769
-5.8232702667520835,-0.00493529892819642,0.014768705423003911,-0.0028494421516074364
-5.8217084683039575,-0.005641263750143294,0.016708031699043262,-0.0035662612398209047
-5.813732043335914,-0.009484938460283235,0.018364302793102763,-0.005279855521641186
-5.808989222580021,-0.01008130517153343,0.018644106257075733,-0.005126076485544915
-5.8040214244392905,-0.004406324880451762,0.011924028569784762,-0.0027679122853948215
-5.7974547789714395,-0.007802359489588033,0.019557289414946034,-0.005216684120690156
-5.794505933802406,-0.006197778658372694,0.018789784859016653,-0.004119083036587461
-5.792120357247825,-0.007702218003795659,0.01374808423271923,-0.004341469854572667
-5.785377357761215,-0.008077402265675727,0.016334466263389223,-0.0038999360379222765
-5.7837575755987585,-0.007152325365341025,0.017501457863487693,-0.004201229062043396
-5.781647498447962,-0.006053426443825133,0.01950293205814972,-0.00394904306601945
-5.777865531566296,-0.005599986795367628,0.015885608580739556,-0.003553260059800843
-5.772688862047425,-0.004962490166234916,0.01408879615147321,-0.003307819786768777
-5.76969989042611,-0.0041251180406865345,0.018000527553188622,-0.002722631565929753
-5.762874655032678,-0.004542466753131393,0.012296538285103983,-0.0021151000739893376
-5.7611046970040345,-0.0036665741503459,0.02095528566086585,-0.0024439013884445617
-5.749115336342142,-0.0038115834873769685,0.011447742899948763,-0.0020023674883387025
-5.744417249053586,-0.003939299504369803,0.012135224590594268,-0.005608940778247211
-5.739232995163858,-0.0037201332470387003,0.014630874472451436,-0.0021366456831318948
-5.733260903451373,-0.0038886726296324513,0.014171671512257851,-0.002770185395536816
-5.731602627942314,-0.006690628214196227,0.015780798770911292,-0.004217851866620368
-5.729028749451438,-0.0037114475280410936,0.013804224602718065,-0.002889709942249532
-5.72513319894691,-0.00495996761992159,0.010177840657090787,-0.0031311751595360687
-5.719432212447845,-0.004846424025859214,0.011137733504079667,-0.0046173427931775115
-5.712878771914231,-0.005455853574982088,0.01138683052789704,-0.004638082198739716
-5.7077656479016206,-0.0041896974996810995,0.014755139309886707,-0.0023308456110009462
-5.702918788367896,-0.004256641653046607,0.012855006451857099,-0.0030857138367499323
-5.696335934438566,-0.004056522615483902,0.011673116264722993,-0.005276154622841736
-5.692793563609005,-0.002886308214602192,0.011441560647611733,-0.0013705694648604796
-5.689773654545478,-0.0034087008782978973,0.010590419038066552,-0.002463033436236958
-5.685824634688309,-0.003051883271745903,0.010663606664987784,-0.0017420327763045678
-5.679102899620528,-0.003506597634562696,0.007195200028396822,-0.0021763314031706393
-5.676607122581138,-0.006797283442107564,0.014308067995921252,-0.0038265124009992987
-5.67534687348402,-0.00326903277298844,0.006188410978218485,-0.0017419177447919514
-5.6722923683221484,-0.004541810081527555,0.009656647234364199,-0.0027999664161572377
-5.6632774094860485,-0.0030909531543335225,0.009031359521330105,-0.002963701901074196
-5.660396034052021,-0.0030328301272633433,0.008846492588944212,-0.001537411816504943
-5.658838389825134,-0.005428965453989711,0.010871559588875448,-0.003863285422459375
-5.6504253904814945,-0.006803534820140575,0.01215285318106284,-0.005394105626022072
-5.6451557726043164,-0.004045996591458419,0.007855755673353374,-0.003144983153140437
-5.642570144927054,-0.008612411095698436,0.015544225647225487,-0.004686509645196108
-5.639378713037758,-0.0031500939464698995,0.008087938711578911,-0.0017534927160410786
-5.638388780248258,-0.003498497627277769,0.005323142593405521,-0.0013469228163652946
-5.624563756364414,-0.005000195819947595,0.008762519479994043,-0.004066680502066137
-5.622643858443463,-0.002076151870665997,0.006510239663550775,-0.0016547541084364922
-5.614767342106673,-0.0035847735919518043,0.009655407821913957,-0.0019868296349089187
-5.609496286391797,-0.002771096315791295,0.0050954813200176675,-0.0014605611407488383
-5.606136962423765,-0.003032787326372956,0.0071586451627700205,-0.0018415907322177922
-5.600709335894935,-0.002167418218857664,0.0029580828549107406,-0.001032259058388583
-5.5936623321010215,-0.004493028100815871,0.004783086935482017,-0.0038654371791757352
-5.586075036044359,-0.0045561708655213655,0.007830471369360435,-0.0020493880683273955
-5.584593417298662,-0.0041180565213534545,0.007505399674783886,-0.0026165834941151564
-5.582322977822375,-0.004421359589595861,0.008862976252241037,-0.0036844763353166107
-5.5767577053202855,-0.002006922262519406,0.00711859843287692,-0.0011187924244612892
-5.572222051492757,-0.0034727358013920927,0.007776742489465559,-0.001760741638880211
-5.565323157744543,-0.005498219958951496,0.007591553747469117,-0.0039953230757580225
-5.557714172960097,-0.0029235432406275177,0.005843590620700235,-0.0017145918032030346
-5.553524921760323,-0.013888270525600635,0.013245715013064938,-0.008046894947895676
-5.546771102007492,-0.004592249833211331,0.0027529520604663237,-0.0034593667761428273
-5.541139048912401,-0.005216961112697607,0.00597300415666825,-0.0033046045962747844
-5.537998042573308,-0.0012761570999984028,0.0005776780306103104,-0.000909037954952019
-5.530544138874704,-0.0039348555344858645,0.005385305594693674,-0.002046003649140583
-5.522529340060414,-0.0024170740214070146,0.0012269900741671783,-0.0012969469839596492
-5.5169817855938295,-0.0023622292985368445,0.0011513523369188687,-0.0016123689990219837
-5.5102925357262755,-0.0024292673902408545,0.00511682359233361,-0.001983246761318113
-5.503730346011407,-0.001820952031670378,0.0019874304897047656,-0.0007503985150400543
-5.496339747981209,-0.0014915525741764424,-0.0013156559507677102,-0.0009129864265863207
-5.485525842286478,-0.0024405540331903894,0.00010975728835619328,-0.0016699972182708752
-5.473903471601183,-0.0031367027751709156,0.0012746365180692472,-0.002328418947578973
-5.472227647317749,-0.0021572182335652017,0.0022195523650339753,-0.0014820232260281173
-5.464389149154166,-0.006084606575815171,0.0054218746625686355,-0.003945075998066299
-5.4580118197187,-0.0033986596387537587,0.0031379819575574246,-0.0019750634606731494
-5.448894596072791,-0.0010576658930161675,-0.003369979005635717,-0.0006948779128230562
-5.436667957924335,-0.0031248252958136426,-0.000918959171708038,-0.0020028592308148417
-5.429311340089503,-0.005043671782662735,-0.00023417679539373013,-0.003636655297171556
-5.4247364125241075,-0.003428958975825507,0.001392308429724191,-0.0019666380011954684
-5.397987539465181,-0.0036083699706048133,0.0056618152558322804,-0.0017673669165858667
-5.392114519256521,-0.001992848479508627,0.0008722858297851839,-0.0009501158593604933
-5.374256204277123,-0.0016236489344055784,-0.00770183138364545,-0.0006273170161585465
-5.363711751745165,-0.0005346608701012165,-0.012876288196555324,-0.00036070678970790635
-5.349287867355,-0.005241071307610036,0.006471012111747683,-0.0028084778421764347
-5.325242084912673,-0.002500601717558171,-7.067047059919436e-05,-0.0018127701661252017
-5.316529874089013,-0.003452822948920292,0.010639468559416903,-0.0030981549988503745
-5.293825277225897,-0.00582536527412747,-0.0020143865538174337,-0.0034823573413506146
-5.144544380111116,-0.004401352391345104,0.012702297476848574,-0.00224491922480986
-2.986001012995394,-0.14036098195127508,-1.6192035098426756,0.010540273320023635
-2.844682902114976,-0.1716282761819464,-1.4338336621118921,0.016048862634620086
-2.7747867731256552,-0.1436436819492721,-1.4486752506501142,0.011930809463322768
-2.699856420154686,-0.15215715032513005,-1.4492574519843664,0.011933729531222634
-2.6377987920998045,-0.11431523618360882,-1.3299700827206642,0.01037333361740076
-2.568940396685947,-0.1747767542860862,-1.308311528164489,0.01667599931647933
-2.547468920309658,-0.17168061763869957,-1.338052075771973,0.01631941020148038
-2.503183179245113,-0.19491468688726343,-1.333989105719872,0.017892083197267008
-2.456317277978002,-0.18698957265383956,-1.3450823495254896,0.016490943475334408
-2.425276549389495,-0.14655045274710485,-1.2966372132878652,0.01395463922217586
-2.388060614008292,-0.18717462517932815,-1.2361866209300878,0.01727420266048699
-2.3659331613221632,-0.174224847566727,-1.317562767014346,0.017019609876482017
-2.3459532253463617,-0.13714016689577346,-1.3630287700290238,0.01208819841579472
-2.3103929533119234,-0.18256898698406415,-1.338309415217422,0.015496414243955994
-2.2839272799845713,-0.14855694947181305,-1.2377100729144008,0.014064548338021902
-2.1859480902448407,-0.1763692617797618,-1.369089501693503,0.014866445248027651
-2.1661499085012874,-0.22530341466506873,-1.3215612197662756,0.018964033219734052
-2.145470865240331,-0.17384755575745137,-1.3225704468298658,0.014924667081668036
-2.114722126741138,-0.18355369031389518,-1.2733415419141187,0.01674547852779784
-2.0884379608715,-0.16644860137009782,-1.324413029737862,0.014066115245620873
-2.0609870831858594,-0.23507249672689884,-1.3597854812928027,0.019286937828992157
-2.0452597805647303,-0.26491455155116306,-1.2967642034290703,0.021035396672995255
-2.014602095727951,-0.20674430741479616,-1.2956271362101066,0.01624855807266608
-1.9953480247372282,-0.18697488802392181,-1.2511235984003681,0.015782683796799857
-1.9676642281113175,-0.1667281850182106,-1.3260633906347743,0.014618167264234766
-1.9605907962448896,-0.21338739584198707,-1.3164076895915224,0.01781203551784178
-1.918202982503211,-0.19928803992907096,-1.2322564809178276,0.016662568352698547
-1.9029542307102125,-0.2415552487974329,-1.2863640625893182,0.020922225118697072
-1.8802481752888753,-0.23651063349828724,-1.2824643480166762,0.0195463298543817
-1.8340434022782628,-0.21388731537975042,-1.2241388551748038,0.017274987160282654
-1.8296156726047104,-0.17973256209125793,-1.2359155947936757,0.01592901657101232
-1.8054815369349768,-0.21997038970504637,-1.15597471999866,0.01966891844384501
-1.792702850536905,-0.23535946185458234,-1.321720389682203,0.01797580941416719
-1.7882518056315664,-0.23744356346727688,-1.2261721620884627,0.020944222754080307
-1.7738919572638274,-0.20809270251035097,-1.27114737810275,0.016825801123683017
-1.7404472198338559,-0.2552620551521227,-1.2625078547443018,0.022747861509872284
-1.7360280107599622,-0.2504862710310516,-1.2553999927892778,0.0220410326060389
-1.7170341756454413,-0.2640336743483237,-1.2337782386235416,0.021015609638358544
-1.7021727359252086,-0.2511662576956755,-1.1027606052782064,0.020685804464088315
-1.6904523053615306,-0.25791290533240574,-1.1691897208421413,0.018840310789963746
-1.66532247755207,-0.2474338710777449,-1.1922539655609534,0.017761590083828774
-1.6528201046302242,-0.21553683530264864,-1.2012279880365258,0.01667462705661022
-1.6313616759949034,-0.20188147148739707,-1.2640885753044129,0.0164485420025897
-1.6206558953583363,-0.25338752572516177,-1.1162112887898894,0.020323394356905073
-1.6110004224643937,-0.2295724988764611,-1.1561579092806837,0.016662662701357914
-1.599751567112551,-0.24563829764708936,-0.9421333734135049,0.016254242436561334
-1.5940875750320636,-0.3282827513732519,-1.0874566178579805,0.02336265631633341
-1.578537446665403,-0.3242819966332347,-0.987351365155006,0.022791743747803423
-1.5650600642379848,-0.2843613833357997,-1.162955611607987,0.021157954231107244
-1.5632307257201568,-0.2979303573613455,-0.7104799526457518,0.014924967572714675
-1.5557571774181926,-0.25471403208962395,-0.9830066252860762,0.018133485546541636
-1.5446207039154265,-0.2453853913425967,-1.1475754512855085,0.01846415889566438
-1.537863317358838,-0.3002078596155159,-1.0708832496126461,0.020964505191998845
-1.5182273151384316,-0.23432413510590597,-1.1431501715863346,0.017338900701414015
-1.4929933714078416,-0.2504869991527965,-1.0418294792940392,0.018699785004681384
-1.482430580270985,-0.2744082377749434,-0.8326233992570883,0.0165727237838574
-1.4768101567274283,-0.26904602357395424,-0.9297698860236553,0.0173820127464736
-1.469850645038507,-0.22030844423771512,-0.9853240648394442,0.014604506584893656
-1.4538646744542882,-0.21154861845628906,-1.159088870612856,0.014751016948785545
-1.452672943450011,-0.2606233252763233,-1.04072692555164,0.020095006264892506
-1.4422138073731277,-0.26158162197421225,-1.0786173269709227,0.020472677233417638
-1.4391664911708528,-0.1947455665939504,-1.1129275310678561,0.013312811170077599
-1.4151711712349067,-0.22754867208525872,-1.0022243628603766,0.016942218616631942
-1.4073389063112511,-0.2010386817371347,-1.0039168052396734,0.012672116890171396
-1.3994052183879933,-0.19606106225996192,-1.1007217911734366,0.014252320991370065
-1.3896820359883242,-0.22575140389470433,-1.055233099965595,0.016495212268288918
-1.3690295391003549,-0.22451554829966253,-0.9775977625891725,0.014888595382967709
-1.3626258550899106,-0.26138990175936444,-0.9327389220949699,0.016894114313304405
-1.3552393845448207,-0.2662703552974537,-0.7946509559144891,0.014207694714569744
-1.345072899826569,-0.20871789786246844,-1.0879969054729086,0.017045910870184547
-1.3382859814731463,-0.24742720541663174,-1.1149616415290926,0.015279390503222655
-1.325998744435247,-0.21959101149206922,-1.0142770816850948,0.014438392186542255
-1.322238984205576,-0.23455085438313217,-1.1491020717215106,0.019032758865144887
-1.3139601150286595,-0.2748800524917746,-0.9455702017148951,0.018388942091785904
-1.3043322475789085,-0.2782913137961942,-1.0881145903404896,0.020774975869142277
-1.300007096408496,-0.22571216003418385,-1.1043271307973654,0.01667523393681286
-1.2852115343534822,-0.24135903550490262,-1.122220748153161,0.017691253451931187
-1.2822622619785158,-0.18575751488519052,-1.0765862210281847,0.015220154812372162
-1.2759686950789793,-0.22335354606981303,-1.1071642200745635,0.0169167851109194
-1.2682345311692491,-0.20976083916185104,-1.1041602678044902,0.016727915876280672
-1.2566278544060308,-0.2647718301061381,-0.9825811758284632,0.016390780755535378
-1.251762939128621,-0.23594334211972848,-1.1669105421625119,0.0173705488232925
-1.243040765851933,-0.20734011332981048,-1.0186561321284446,0.014361312344976822
-1.2369930590435463,-0.17695198029461656,-1.07573187440419,0.014628251592432289
-1.231493849336101,-0.1855617893844161,-1.0661818315007792,0.012631026690121817
-1.2260895050133187,-0.20286755431309347,-1.0455994026039386,0.014742399908057037
-1.2207058429364281,-0.2392470302679327,-1.0112274214564827,0.017720704652952946
-1.2115810656141721,-0.2514479456359338,-1.125493254430318,0.018364299959902644
-1.2029185032458465,-0.2444851326425355,-0.8969150969255583,0.015670845583186693
-1.1994244353363719,-0.17723055235844942,-1.1689153821758957,0.014679621730063465
-1.1921862427008623,-0.16672948752401906,-1.0828733431640742,0.012381791755807215
-1.1857922976897959,-0.1688622764790684,-1.1448356448366885,0.013490812932177812
-1.1778249045890636,-0.17138890277109012,-1.1082217218128168,0.0146149431067895
-1.1757321758611403,-0.19073848221528977,-1.1046825950729628,0.014919136764098435
-1.1680642790929823,-0.13280652387179304,-1.0597785152632115,0.009325974069499341
-1.1546031524882143,-0.25385377906735734,-0.9899103225804604,0.017093567940061245
-1.1487102819070922,-0.18812639881883347,-1.1470933895518314,0.01282576786450885
-1.144039706538298,-0.1161417914854936,-1.089447610562878,0.007796201462541518
-1.134540655416197,-0.13440364336337796,-0.9856421909388793,0.009913986292180477
-1.128862469245636,-0.1497107042341254,-1.221741518062501,0.011718537751890317
-1.1191107742753568,-0.20727097236538425,-1.1985660134069482,0.01677563124842954
-1.1132169279941082,-0.18382517161964299,-1.0488339183531115,0.013750615132546405
-1.1059671791284107,-0.16881735295791253,-1.0800058295722634,0.012193430907003248
-1.10221277531462,-0.20737116367978456,-1.103420986898693,0.015914447137758515
-1.0950347180447462,-0.2000839315345242,-1.0900237095524978,0.015090890319970986
-1.085756389789887,-0.16334834585127384,-1.186355053698963,0.012551583831405411
-1.080884746606234,-0.1930759988435141,-1.1996614459068138,0.014998158464092283
-1.0785406532811177,-0.21405366304727078,-1.072457694784612,0.015311772316260122
-1.065845063108122,-0.2091431942668913,-1.0330960087665728,0.014097871439153968
-1.062164341780826,-0.2350960807524372,-1.0867647000811544,0.01631044942120395
-1.0599197546924704,-0.21212323605970448,-1.0450477385738042,0.01590106703979524
-1.0516856163995045,-0.2017307464117315,-1.094883948682778,0.01535698682349002
-1.0417480214312869,-0.19502518287842713,-1.1205707949007966,0.013530840850427332
-1.031936409331495,-0.19746361377391033,-1.115946230327453,0.013078737985996751
-1.0304850393061173,-0.23148497750137303,-1.1301717952727586,0.016689312942874884
-1.0124848472017303,-0.2374083880253498,-1.1554006399375245,0.01715007778687226
-1.0094166708955044,-0.22592555949647222,-1.076146656406141,0.016641424564927464
-1.0028457871319458,-0.222647976201378,-1.0862688589288247,0.017142982006896824
-0.9958801786162933,-0.24854460013592516,-1.0732799822767742,0.018371290927197522
-0.9898283628845562,-0.233580502459313,-1.0992171647529396,0.016373509594000846
-0.9817862577034113,-0.2106162318975718,-1.0716194952373128,0.01568972898605388
-0.9772020263849599,-0.1927756572835259,-1.1181024831202566,0.012627334349177637
-0.9726488892162818,-0.18613426644407186,-1.110824472241603,0.014809658093496781
-0.961614764384972,-0.22171008531220293,-1.1504967392864278,0.016941216918247896
-0.9602735349995835,-0.2613458353732366,-1.063131649662654,0.01838894197457467
-0.9515749196710653,-0.2060756824798347,-1.1123025598648826,0.014964874530975
-0.9452562999164178,-0.18641167746432896,-1.0723327372899352,0.014452952445389541
-0.9360091773668155,-0.2690836542977105,-1.0619236344799337,0.018376812315029648
-0.9314669892221705,-0.2590791637040276,-1.0874841109484767,0.019300179248235814
-0.92415295940271,-0.2910017396803766,-1.048602239721686,0.02087584868045746
-0.9195729948526973,-0.27788320725213345,-1.0055595729145261,0.018968627929660253
-0.9171555414532778,-0.22256842408034858,-1.0745152553975894,0.016848032893452526
-0.9124325809145639,-0.17414355450296085,-1.1252672291350994,0.012797003894258542
-0.897041836839883,-0.17163612005233686,-1.0064275917652532,0.011363965755277844
-0.893903130560421,-0.22114387656678194,-0.9729453612381206,0.016431140574733622
-0.8891918051683788,-0.1617859823634172,-1.0801037138859086,0.012178453651249569
-0.8816745516578365,-0.18470138634330596,-1.0924608351947456,0.016429699534189386
-0.8760962259077494,-0.19977662377163743,-0.9794646893494869,0.013237215425734791
-0.8713817990857855,-0.23027815273926483,-1.1828899939249184,0.016895542073733952
-0.8668172037112611,-0.23538985971382334,-1.0362853524714115,0.016249247208632737
-0.8575123344047566,-0.19152608505742552,-1.0281796295246257,0.014331039375825964
-0.8567490606850093,-0.1749743677272472,-1.087874456405878,0.011984786835775219
-0.8469066194372328,-0.1635580895410906,-1.1292471726804267,0.011234779240126794
-0.8438465290224659,-0.21623080216848628,-1.095712382202777,0.014657359680482294
-0.8368285830305245,-0.1773997624397147,-1.1050180165651453,0.012569224194061049
-0.8317891081214094,-0.20647401824330996,-1.022207407519774,0.014881028723238234
-0.8290894547567734,-0.17535307472876574,-1.1549691226345218,0.014329581442275951
-0.8224595647331882,-0.17885128975120262,-1.0502204086213371,0.012272165061037926
-0.8109194629232275,-0.18300298989569094,-1.0501044780001771,0.013242857856538257
-0.8074282469623875,-0.26136118641648654,-0.9762060117574393,0.017535476484116196
-0.7938489752408893,-0.1857848032622873,-1.0166288263803895,0.01400420495490616
-0.7920112954306984,-0.2006337283399825,-1.0183264254585724,0.014634519264000589
-0.7891005191949488,-0.17933716387623214,-1.1305290553159977,0.013549229497940157
-0.7808863581305232,-0.17101628680013217,-0.9542426163603415,0.011751139506258095
-0.7775382025464179,-0.17157384485300886,-1.0148374910114737,0.012100857554052932
-0.7690278447048934,-0.17209412435992855,-0.9810323671071145,0.01074241877149902
-0.7610537232491885,-0.12891104094541364,-1.0224599197445465,0.010816265930138224
-0.7519893603611983,-0.19484229743511242,-1.0185083707903937,0.01376582410871911
-0.7405912057054919,-0.2026519656022086,-1.0356069084688408,0.01424006944066537
-0.7356970147926388,-0.17705531415138206,-0.9922952594962107,0.012563428781069306
-0.7339958582162512,-0.17600006866347145,-0.9555835031783192,0.012689332856342671
-0.7220019453120783,-0.17728533093384966,-0.9526237755641427,0.012912614658295416
-0.7190166309984234,-0.19880290451881175,-1.0264070919758168,0.014602703848231617
-0.7151537095265698,-0.16754084013827414,-1.051217926728833,0.013230091935885625
-0.7106666261542284,-0.16257583094796832,-1.0265515106340142,0.011848487194112035
-0.6988414853774583,-0.1600433421982025,-1.0678951856430994,0.011663844511693942
-0.691851211734431,-0.15208745921633543,-1.051447200460967,0.012714278369246703
-0.6835064281622388,-0.14261675051147824,-1.017415022485078,0.010906405178640192
-0.683091610559739,-0.18642405540333848,-0.9420870725276271,0.013257575869504159
-0.6735429172601177,-0.20159253405615998,-1.0159534610605616,0.014443518209861821
-0.6696932925196697,-0.19348554297656764,-1.0623879117831958,0.015448232113933709
-0.6611259568432344,-0.24066709798724104,-1.035315283569392,0.0174711822463239
-0.6594790632783242,-0.18878794029068663,-0.9647699817853302,0.013934507584225224
-0.6527049829652697,-0.1635532472953603,-1.0692034396975438,0.010201627781593293
-0.6496661503921405,-0.18346024450450538,-1.016192371470707,0.01310003951743292
-0.6466105987375228,-0.20510405427758574,-1.0692163417246556,0.014825972199398064
-0.6442185374022057,-0.19686560909216716,-0.9516047964537255,0.013455063741864124
-0.6345788904601193,-0.1751941889590187,-0.9947993198597538,0.012317558488761102
-0.6293449156539983,-0.17298373520243007,-1.0420320348018655,0.011714631166742331
-0.6222855237478787,-0.14355162475281832,-1.0837335788641298,0.011156679918042702
-0.616395626318851,-0.15952036303792522,-1.0809235794474432,0.011585590100811456
-0.6102304245830543,-0.17082844325357027,-1.078496043093549,0.013251729410929365
-0.6044257122576576,-0.15967384381501978,-0.9997881246514125,0.012121359522362412
-0.5990817819054075,-0.15951595987891362,-0.9396573822489551,0.010667287081883723
-0.5941056387694086,-0.17347956367500658,-0.9989915552454177,0.012421099684316721
-0.5928413786767809,-0.14930634548436572,-1.0460681264446294,0.009365138152492541
-0.5837199931567192,-0.15836802670942307,-0.9336623243818043,0.013658246031199897
-0.5764775764092338,-0.1892002106257149,-0.9570690164130431,0.013476390139812628
-0.5748098110595317,-0.18342624893386877,-1.0242846148976765,0.014249320001408015
-0.5702477781027941,-0.1771222364742513,-0.9499114235584417,0.012759561917917663
-0.5624042186752287,-0.20385333459156552,-0.947227922968509,0.014304576745577127
-0.559215482111409,-0.20661019905487585,-1.03804211089471,0.014685544397343776
-0.5471512101197448,-0.1429544977462375,-0.8512173605993645,0.009072629886113062
-0.541929627413797,-0.1363802321351792,-0.9361868191703695,0.009819842083412014
-0.5389591657659869,-0.15267118763053147,-0.7786434745578492,0.010464304207037102
-0.5329833872383879,-0.12972124472249713,-1.028494779957298,0.009654728672629044
-0.5276505062106086,-0.17645841868320358,-0.8592572963790683,0.012737810266312533
-0.524559126622123,-0.14780536042480655,-0.941384684932364,0.011039241321558193
-0.514614310583045,-0.19603162565080928,-0.9943799261647648,0.015673982084248233
-0.5114352049644386,-0.14192045217502294,-1.013044363528019,0.010047421074996944
-0.5038174220143695,-0.16055143192860902,-1.0270427980502812,0.011669203023901014
-0.49852813328656903,-0.15877188294276393,-0.973501811038088,0.010322455289770419
-0.49362437552984284,-0.16493464313887413,-0.8710664157877503,0.01122674334783722
-0.48302084485732494,-0.16041001915238665,-0.8444132574216636,0.012225079953887188
-0.47767426488694215,-0.17976588123868403,-1.0479464810189978,0.013185864595202617
-0.47270036024114465,-0.13076352612770195,-1.0061979729371424,0.009059352808161074
-0.4657216843088986,-0.20144707254854616,-0.9486585076658012,0.015976542666328773
-0.4599634485966006,-0.1824565914316883,-0.9049091838871958,0.011912644429549958
-0.4560646544454036,-0.176597361730931,-0.9321274889345011,0.012004266562629116
-0.4501619350190844,-0.15127868500883046,-0.9255480196323086,0.01002192735636537
-0.4477306799757522,-0.14538135119012863,-0.9606685433230624,0.010993087124346877
-0.4446786118723192,-0.23505233463464065,-0.9120730051664524,0.016744003443176836
-0.4416630860881535,-0.13810480713693404,-0.9869169166246771,0.010134926022004853
-0.43099821633057095,-0.22205073795266142,-0.9512901817059284,0.01510101647385371
-0.42123957659585026,-0.18920668541408772,-1.0321988079240518,0.01361118275807169
-0.4181164382113597,-0.1343715506192952,-0.9406362202302065,0.010230290570284434
-0.411882497896856,-0.1577397439687686,-0.9101397124675198,0.011751185032799013
-0.41056250277967976,-0.14259891902127228,-1.0249628559939963,0.009262057702049827
-0.40233347138022346,-0.15252161492731908,-0.9728880116069681,0.010478237772409733
-0.3978629486579014,-0.1452339358908401,-0.9240360107225815,0.011235771673298197
-0.39396292211730183,-0.16572888241224767,-0.9588701925649804,0.012325121067590684
-0.3875509125155628,-0.1630020661202824,-1.0367522329551093,0.012099709185845919
-0.38338845897385815,-0.13923270682371552,-1.0385349517782698,0.011156104957478074
-0.38119450862739945,-0.12430040474175263,-0.8988100643295507,0.011141176470366304
-0.37386208886485467,-0.16312208574637826,-0.9171796888056615,0.011105465409677483
-0.3711172722649495,-0.14911051267128675,-0.8725245955033357,0.011380073109633737
-0.3645098428979323,-0.18197443686076126,-1.0205975894522379,0.015436756710039941
-0.3604021637031905,-0.14043546361222103,-1.0885745683202208,0.010248224441486965
-0.3554701519550781,-0.15485732824687362,-0.9206437432920525,0.011402306059792906
-0.3507111392510626,-0.12932747957043186,-0.9633658254510633,0.008671920882705745
-0.34325432453831295,-0.10630338684245584,-1.0748186382328377,0.007633949669541306
-0.3383100636215424,-0.15608863349956667,-1.0345772568795892,0.012396587530889352
-0.3307481166227922,-0.11617179203261403,-0.8704740202477237,0.00796557016601332
-0.32323686016807146,-0.15421933475330946,-0.9931623319505959,0.011580584261098566
-0.3193866449802106,-0.1452678722712048,-0.9208720896248543,0.010049619296646224
-0.31182346010372525,-0.12975526230302448,-0.9545159435252227,0.010460767860667066
-0.3100328862149396,-0.1302441915586027,-0.9818516667463794,0.008370212591961685
-0.30409089557984,-0.11206881769116034,-0.8294289006084654,0.007034931052191218
-0.3011749454570187,-0.18116837235707803,-0.9911759616252162,0.013605933484359085
-0.29274172206457455,-0.13358269538892578,-0.9244485388401091,0.009212099455560499
-0.2838915963090455,-0.11474548725140868,-0.8941680112842659,0.007527509638919735
-0.2797591153064189,-0.12454501805356251,-1.0378505350261453,0.00965881372140636
-0.2761999333038744,-0.16129288311498993,-0.8871162543391297,0.011093196360576013
-0.2723068071328894,-0.12068288609903566,-0.8542090265540316,0.006904997964959547
-0.2660994589835617,-0.15074790815119,-1.0926006740117606,0.011111187620765678
-0.26467942798470506,-0.1733678818503622,-0.8710837581623353,0.013284854260588097
-0.2562517283786543,-0.09656677405830495,-0.9412739878091764,0.006432390144173971
-0.25392332497778874,-0.11751577010556069,-0.9236700903360808,0.008737541127408757
-0.24186927790295437,-0.11368231515081692,-1.0144509587138548,0.009250235493674788
-0.23680894567671826,-0.12235997585567031,-1.0089045526811353,0.008823780373692401
-0.23286502476710444,-0.14984938558482094,-0.9861804385468625,0.010404860689327979
-0.22931353126269197,-0.1426911600962763,-0.8607133230539993,0.010438120510716076
-0.22532151251960383,-0.13460684417257626,-0.9968721292734021,0.010410109686644946
-0.22243105930755064,-0.12092926719656007,-0.9041697892237021,0.007786640481928801
-0.21804500630229876,-0.1257829773687505,-0.9227870328732488,0.008814973523657753
-0.21000682300033055,-0.12678760405295897,-0.8593977653850557,0.008516938541150305
-0.20695163597547764,-0.12995381013694368,-0.8951136850375199,0.009216121985691182
-0.1963474401684497,-0.09377407137417347,-0.9069176699497409,0.0066063926811140514
-0.19555553917604773,-0.11259507916312368,-0.9838480447571339,0.007568006240475895
-0.1883153910785881,-0.11261465610056377,-0.9223925289902147,0.008733885373967729
-0.18649401908948673,-0.12549535293471925,-0.8791343975735003,0.008229355988904646
-0.17623257416103266,-0.1411773211400821,-0.9824981580842863,0.010216733695826251
-0.16682186890401152,-0.12303839550014832,-0.9856100501428355,0.008622825797620668
-0.16568891966909796,-0.12776098989390916,-0.8892809036329554,0.008185685662337561
-0.15530400192356683,-0.14922450689822828,-0.9844995094617054,0.011495787141596514
-0.1486942022752344,-0.09878753036936472,-0.95404355196614,0.007301897760385435
-0.1444945796098444,-0.09332240054609661,-1.1076580638908862,0.006587018674686219
-0.13996827683058136,-0.10233385194371142,-1.0098338140346652,0.005767672620098741
-0.13875720147847367,-0.10530222323410124,-0.9556286170018127,0.007374978125949077
-0.12760077424450136,-0.15184101561614985,-0.97358673763371,0.011984351110276731
-0.1253300096529933,-0.11883519442297015,-1.0642485339565046,0.00888429865757324
-0.11844497579828953,-0.10439239459608508,-0.9714888076190704,0.006783276375094829
-0.11638767328522208,-0.10641778996185093,-0.9880161586328624,0.008128989146975631
-0.11251093755856209,-0.11740804628330559,-0.9959806622803911,0.009536952174440281
-0.1082223766919863,-0.1121305339748188,-0.9156281497111254,0.007720752147088479
-0.09813604256957487,-0.10506988196707899,-1.0504170884430968,0.005781464040449803
-0.09597423836007495,-0.08835430569071889,-0.8893109134546217,0.004666755386744958
-0.08985550948104651,-0.11207101682004163,-1.0514462247567176,0.008102946492552674
-0.08604417656829726,-0.12515990300625865,-0.9240170134168154,0.00905397548395116
-0.08366687881220217,-0.11907624087096172,-0.9856628050834887,0.006816053920789904
-0.07994599408733818,-0.0992017188814811,-0.9351794165845506,0.0073026330043728105
-0.07500197370014959,-0.11575509810286982,-0.8915429576767264,0.008795196519051798
-0.06924016508169645,-0.09386245299312443,-0.9766391972767458,0.006399378571381165
-0.06592196365440096,-0.08744310715124015,-1.0383780378079517,0.0059239367137718674
-0.05512785060559805,-0.11916011629384231,-0.8767847338569723,0.007948207060116985
-0.045544011957642835,-0.08520688596183826,-0.993813829025459,0.004449726049849681
-0.040050733284450496,-0.11302520940428966,-0.9050614408718508,0.007768086356855687
-0.039679657605208876,-0.12581230580953479,-0.9482669001508841,0.008872809876420862
-0.03523983779745233,-0.08374610492804144,-0.910743019388129,0.005567771663378366
-0.02862222080621961,-0.11286926019451557,-0.982713193297239,0.0077030086165665295
-0.025252947393630657,-0.15559103637016852,-0.8653532359473194,0.011458661332967652
-0.019163992892087887,-0.09416901152237667,-1.001737372800766,0.006425854460151256
-0.01612817628857494,-0.1099661135316911,-1.052828278937461,0.007522626480241131
-0.014169156589983262,-0.11657699581423972,-0.9837281000696096,0.008762355264145557
-0.005674785707268166,-0.12857782851407065,-0.9906713594182271,0.008119945593258649
-0.0021296720263686082,-0.12543524216449103,-1.027009469898446,0.00798059903977206
-0.0012812283583475592,-0.10367829358398976,-0.9729198158008766,0.006583098294921166
0.005691915936592968,-0.0841508347793534,-0.9784305838804982,0.005907454411359969
0.01485841363643785,-0.10075043461843877,-0.8419547023571181,0.007701232764580686
0.016350250930093263,-0.12897794153739203,-0.9016578501482432,0.010082007990890636
0.020494407303592022,-0.08159601535481102,-1.0427415372197315,0.005395886255699477
0.027377374411188527,-0.1328090091852581,-0.9136866094823546,0.00910127973953768
0.02991516378449791,-0.14271158369774117,-1.0235922726823852,0.010946315103460225
0.039139486771131556,-0.12674172163833342,-0.8994326245936893,0.008476894224519395
0.04215307979207075,-0.09072725008009383,-0.9036980349694617,0.004924184509513579
0.04321392557284345,-0.1467465997013026,-0.8854554027181862,0.010597346492878032
0.053555051736273875,-0.11202297492735913,-0.9676081844420991,0.008645299430632454
0.06096078531534361,-0.08992367017543212,-0.9466392810397568,0.005468172776552953
0.0625495661762782,-0.1166740214725852,-0.8936912857438614,0.007281435131973308
0.06649299305424122,-0.12889911296088058,-0.9620705325543735,0.00946970110432863
0.07389375021910592,-0.09044111675102191,-0.9530863498699679,0.0054522986467997175
0.0778542257421951,-0.13875016205147636,-0.9454481214299517,0.011274002532954791
0.08349540887575871,-0.12375315993244006,-0.963707808635095,0.00749077139916784
0.08528215584959264,-0.11809268443718558,-0.8980806694885642,0.00936051701988553
0.08838798299557225,-0.11690310458846978,-0.9781947522668888,0.008153002965412435
0.09190466263519874,-0.09168787273883139,-0.8640577074750256,0.004559747386799829
0.10106978678146464,-0.13476047342557265,-0.8423891484011468,0.007956310886003093
0.10387536701689282,-0.07935590389712424,-1.0394457897652651,0.0041011334235587695
0.11027423175506153,-0.08533749459638193,-0.9880019519092968,0.005862919768835763
0.11493761508865209,-0.10015120691400711,-0.9581203528922507,0.007687187532235697
0.1205040007104994,-0.09560214034577197,-0.9176341512120071,0.006575238559069636
0.1274328454020372,-0.09316397246200851,-0.9123088122701999,0.004270076953147885
0.12972664099315814,-0.17074224715597322,-0.8022767089758791,0.012179100758448889
0.13930935011922171,-0.10638041028708327,-0.9271147466103138,0.006588135673620833
0.1472336732281012,-0.07607605517338134,-0.9986140565270932,0.003658907336273449
0.1483591393015598,-0.11092056825385642,-0.9782297930717413,0.0070119237384427815
0.1514534461651169,-0.09061309810859519,-0.9862010099663334,0.005838997282021172
0.16113058441755765,-0.0917768931733599,-0.9776693922944574,0.0058720067096781695
0.16219882061774005,-0.13074623329351048,-0.9488840991872416,0.009193583955242113
0.17005303316712445,-0.10857025179336241,-0.9782673936060433,0.007340274815400219
0.1739519295485771,-0.09147585560049018,-0.9183028380081063,0.0042587322721944374
0.18275887555241946,-0.07979981800155483,-0.9356617659786023,0.004838336879347865
0.18545755207408332,-0.11689895502550256,-0.895284205320415,0.007607972089150488
0.18964958131533705,-0.08447154453622015,-0.9381418499440608,0.005269212158713507
0.19390573763921112,-0.15014344624476467,-0.8957233285122925,0.010968203006635199
0.19807714976862592,-0.11225445923667937,-0.8851126659400362,0.006944572313000749
0.20529272116486963,-0.12287815425862632,-0.9334195423812908,0.007836792563906323
0.20851393777880545,-0.10750024440251384,-0.9906378322897346,0.007139098113209779
0.21181750841327623,-0.1340883355812629,-0.928357107724214,0.009362565126329742
0.22223250411101603,-0.09982176346209905,-0.8744202441756965,0.004169128356642028
0.22637266778392842,-0.0665201176032817,-0.9246608789040387,0.003724733327487539
0.23337736044236412,-0.0911655438578591,-1.0472278517894578,0.004774089119655848
0.2396724252245699,-0.08946783970512975,-0.8939080478855523,0.006058766867425257
0.24919454494497165,-0.1155332156290701,-0.9477008732401865,0.004637621922409952
0.25520460416160434,-0.06544752427312836,-0.9443260289503461,0.003383474093714253
0.2605497081567449,-0.06629166093362703,-0.9788410334086788,0.00297256944190941
0.27032625484595457,-0.1296060145934267,-0.9387844055496617,0.00855100670541828
0.2710713490948422,-0.0603098326616289,-1.0244224814330813,0.0039020914688827906
0.277595386090396,-0.07960546378181574,-0.9481664456371491,0.004665573149092828
0.2828297163091185,-0.10370230189331202,-0.8802296610294406,0.004733138288051072
0.2867375247239016,-0.08659281651913814,-0.9416600853899366,0.0034894289668983285
0.29097264718482435,-0.06261130080852033,-1.0513831949510966,0.0034937542127866776
0.3029556110415244,-0.06176959877610432,-1.078769881904589,0.003527338904837288
0.3080083257265182,-0.060783079640532846,-1.0365239445850376,0.0028165320124323057
0.315310749148316,-0.08051982626735647,-0.988925300426387,0.006105688141182211
0.3256328681461977,-0.08935807520448898,-0.8772588943621741,0.002171612676006376
0.3289791110580374,-0.06262295884379775,-0.915124466571201,0.002803740892187545
0.3299821452418058,-0.08288296148484249,-0.9141360186017345,0.0027827888623949914
0.3356850263707055,-0.07813671545948765,-0.8571762342502733,0.003513537889984338
0.3411836075241877,-0.07460866513095803,-0.9563608989757892,0.003913604551337697
0.3439320285384863,-0.11753008171813653,-0.8728690553004228,0.00395869153828852
0.3490274292865101,-0.11479951261432071,-0.9145104489406941,0.004850553997682364
0.3502717837807406,-0.11086837690431736,-0.7305181815581562,0.002204257243689506
0.36329254887634527,-0.07840539820838828,-0.878852640985986,0.0012073059634554407
0.3647492499731417,-0.07056283269988672,-0.951192593724188,0.0034212947780028805
0.37346873462219937,-0.08652890057730508,-0.8818673617982207,0.0037113533131237298
0.3770994485043343,-0.10700301378119002,-0.9125956482607465,0.004260371098647192
0.38088885938112466,-0.08615894175435745,-0.8789402767328544,0.0012822094333367624
0.386522455253999,-0.07178544831090553,-0.8376847757992135,0.0020717476389507596
0.3962305103442788,-0.06321757530382735,-0.8408219581698594,0.0016111333394359612
0.40362102750658235,-0.06535471755643543,-0.9245517108218743,0.003259408374404248
0.40796748118382364,-0.10631840777077044,-0.7293661156513167,0.001735510796993485
0.4197929703835181,-0.08720118742973838,-0.8118795221402592,0.002402967942304962
0.42483478026807,-0.07509924282059685,-0.9216217156050103,0.002342266068268755
0.4384133661942907,-0.08614536792202737,-0.7135544306006775,0.001214867057502813
0.4510102479510561,-0.0792407504863616,-0.8949044860653523,0.0026056131865544877
0.45984406305778086,-0.10680956913217789,-0.7539986011363892,0.0038526581525020497
0.4625197058666254,-0.09241691637089114,-0.7131113988294138,0.0020029376033833925
0.47526569239007754,-0.08559344974807731,-0.7141212191027905,0.0009767711539778036
0.47718160150706107,-0.06395247450197572,-0.7721231043214354,0.0018946922226657163
0.48535220348736396,-0.06728347179396019,-0.743280167694733,0.0026980119389103984
0.49321489376012817,-0.07060280214215359,-0.7090768088231186,0.0019010219761690286
0.4968627270300655,-0.06874708429691115,-0.8279951241879081,0.0018743895547830003
0.5011704334584107,-0.08147041698324028,-0.8220955684823247,0.0013553608996119538
0.5061036505637972,-0.08571162381350143,-0.7148047512043244,0.001817379261788389
0.5214490290314411,-0.07662009833937064,-0.7906732289182995,0.001545025375039506
0.5311274466734247,-0.11050435367336268,-0.6447392073388232,0.001814707568395708
0.5391478731287582,-0.08785224945487015,-0.7516444033012941,0.002877345720190934
0.5445776765287891,-0.09221070438201585,-0.6196453877552355,0.001919492535966456
0.5488950913700975,-0.05998992072990122,-0.9267218464631191,0.0015683078550406398
0.5550234614751739,-0.11372262167848557,-0.673889337276442,0.0009597065374616073
0.5641308447410349,-0.0719388608983276,-0.7536420114820319,-0.0008377610504338448
0.5714691790848301,-0.09282567283626565,-0.7524824772373925,0.0016031641912836428
0.5811638395691482,-0.08120306099394599,-0.6055143053999517,0.0009033907086611264
0.5945847105020177,-0.07876952155911554,-0.7069526598127417,0.0004320237081386762
0.6026789437800522,-0.07602222087139907,-0.7151856609585278,0.0011441869023210232
0.6109104089566996,-0.08565590916845481,-0.6199967265744815,0.0023809202981932335
0.614983595115302,-0.0592365869765957,-0.7072814488692124,0.00263665733051519
0.6332491455200188,-0.07479463284715668,-0.6002429123772007,0.0024829585361124972
0.6392513041279543,-0.06357386674672437,-0.7282148521383978,0.002986743776625033
0.6438765131374254,-0.07039173171345874,-0.6852105636770591,0.002708758954199974
0.6561989001708436,-0.08062822344014775,-0.5863432257414553,0.00027249996044020154
0.6609253369439814,-0.07614700303767692,-0.5785478722680693,0.0018316827825796342
0.6694139053773212,-0.0538418174453826,-0.6623280992116454,0.0003999722082202697
0.6746993788182293,-0.06315175549452577,-0.6980213987589404,0.0005542796471371458
0.6818305155812416,-0.08092677270817125,-0.6070915249692841,0.0006560840254175678
0.6900914771723214,-0.07943574240443776,-0.654587369733118,0.0010647214476610452
0.6985487817223109,-0.06944361860337366,-0.6762792766680357,0.0012719670639812974
0.6996329073665818,-0.08041386188406142,-0.6367295854346751,0.0013931234826278615
0.7032874421209716,-0.07118891523314819,-0.6875491409217415,0.001531705930134875
0.7242054995137867,-0.045431830266973394,-0.7175527494294629,0.0017442650245993595
0.7348297208853756,-0.0903908408916447,-0.5375677850451244,-0.0004562498342423855
0.7382684800653073,-0.0827125950603612,-0.5877916498578121,0.0013985555110376635
0.746845162337586,-0.0755409700843645,-0.5974318756620672,0.00043122724330199103
0.7617137144225922,-0.06833565002280535,-0.643641821958071,0.001562766961799805
0.7848620887938519,-0.10083197409384287,-0.5264012417103591,-0.0006305365796153633
0.7927740188465786,-0.09433737495573397,-0.5428793121878449,0.00047167549766085606
0.8016822487459038,-0.08375540651537458,-0.6190922545686964,0.0013498304385800616
0.8090106524749149,-0.07160324755465197,-0.6006571672174452,0.002382458086004295
0.8172533313573506,-0.10275397926039578,-0.50977343215797,0.002286564114237651
0.8354764898361549,-0.1068395232292609,-0.5524596727783305,0.003946925089576891
0.8531606969859162,-0.11540813738748236,-0.45485899394599105,-0.0008577836642627114
0.8592583690784221,-0.07949893645132597,-0.5814496339891996,0.001928806108767642
0.869436054903759,-0.09993647137890314,-0.5151215194802818,0.0009860886964899
0.8834649692224082,-0.11626813301075134,-0.4999153124319848,-0.0002807233498460608
0.8887086599429613,-0.1186841260206063,-0.5173082463142972,0.0001961116061907446
0.899669755755625,-0.0958741207355089,-0.4841322291823838,-0.0016238508623943504
0.9080368408550284,-0.08347027624376145,-0.5192257063723338,0.0007611370328092183
0.9118564680235424,-0.0841522028396351,-0.5422443601599598,6.201939357565476e-06
0.9204350576474224,-0.11154136048220645,-0.5027332398270457,0.0018201230796729354
0.92331214152521,-0.08960971062214121,-0.4930778066347668,0.0004802698942837877
0.935283340956424,-0.0922613348375838,-0.547995451251235,0.0006916369260702794
0.9432477137679744,-0.11784896786162717,-0.5504016115422392,0.0016852590297510262
0.9518977752288792,-0.10089682807259158,-0.5178906079987907,-0.0005517839342120041
0.9586960888868249,-0.1281665216864733,-0.49157948987964334,-0.001248732017299607
0.9683516190332465,-0.0873402179709166,-0.5496186621553651,-0.0004084551932652618
0.9768310809988588,-0.11830606207564566,-0.5121355852432757,-0.0011068223521855994
0.984118524003106,-0.09863597658161896,-0.5029097569088578,0.00017418736166184285
0.988646697938568,-0.08104456224318898,-0.5932721231406494,0.0025643478170169344
