MO_Energy_eV,Cl-Hg,Cl-Se,Hg-Se
-8.993433772990478,0.020707558720879597,-0.001249974759262892,-0.07456229445587648
-8.988958982287235,0.029683428057092,-0.0019684123099988067,-0.06516468516788554
-8.979905607279079,0.027889085399712188,-0.0017336892617867358,-0.05871967934254903
-8.977086611741614,0.028982177945912835,-0.001655970986064842,-0.059620959443777606
-8.973691766230782,0.039022076102509524,-0.002061860495107586,-0.06088633362526307
-8.970031443762805,0.031584727565703664,-0.0017334856689345064,-0.06289204528763764
-8.962669109965137,0.03196103138752909,-0.00203805077433064,-0.06087404728896779
-8.957706544623814,0.02682907759653098,-0.001666920872694058,-0.06861010542395549
-8.952146212644209,0.031569978321543325,-0.0019868419515781176,-0.06260140287563147
-8.946835370531664,0.028424778884783716,-0.0019160538458432453,-0.06768529960542044
-8.940947369204892,0.030188805759848905,-0.0018187929259019654,-0.06717515024926866
-8.935955880441547,0.026915946692617248,-0.001819434690068816,-0.07313807456578131
-8.932067157905104,0.027138071452093907,-0.0016142005871060108,-0.06853293826905583
-8.92833901405754,0.02861951269967253,-0.0018080509073436831,-0.06849301976516152
-8.9227908701312,0.0305827892963823,-0.0014860845659795724,-0.06118230141730741
-8.914431344140954,0.02845581981568249,-0.0015387181264370853,-0.0633863174228909
-8.910464213376429,0.033799481632286216,-0.0021919293586602395,-0.07394778508170081
-8.909100437954592,0.02337870934068297,-0.0012286657237854995,-0.06976647697241037
-8.90108676607683,0.04073746790531572,-0.001934418493273514,-0.05191609128429018
-8.898217097523439,0.029007864293360858,-0.0017338647454618102,-0.07296774982385457
-8.893172388491159,0.03314266543711002,-0.0019903577904341126,-0.06683199331587783
-8.886765964063644,0.023762613265222714,-0.0013195761550857913,-0.06467796465879143
-8.882441785925423,0.03547797650044418,-0.0020241083511001747,-0.06266438659255347
-8.877761868024098,0.02828925948547134,-0.0019095217188478076,-0.06394692738398196
-8.868795626633355,0.032907201567271574,-0.0018696971076254286,-0.07419906324984757
-8.867416146557991,0.03711741869686198,-0.001974500727556463,-0.07023356792654682
-8.862020815051554,0.03282061553887845,-0.002041557412245276,-0.06833529774867211
-8.853927522507902,0.023861607501741086,-0.0014904948807414856,-0.08033264369253823
-8.852590852177823,0.026645525124220457,-0.0018145175857808807,-0.07874279525790111
-8.841669843297897,0.02274192210834271,-0.0015345761195653433,-0.08563956275227981
-8.832597279421234,0.033545283239198885,-0.002080364563699379,-0.08293397617940086
-8.827379801783652,0.03933556117048211,-0.002625769421770994,-0.08479854174775077
-8.820848906282448,0.04792926084868652,-0.002515829415076345,-0.06677607925304976
-8.816813810274406,0.04544130440012204,-0.002472962506712573,-0.06716576832015721
-8.812075131237325,0.038629440354087205,-0.002255410923094085,-0.08825399230417506
-8.808948128322637,0.03544888051797703,-0.002162694123612217,-0.07402038550309008
-8.805348022119134,0.029778163355646193,-0.0021813932058796595,-0.09575767237033826
-8.80304671894178,0.04029464248143547,-0.0021660727191669116,-0.08591517816522165
-8.799621812094484,0.04304056096610877,-0.0024298838450419686,-0.07542936827811152
-8.79598652063778,0.04658853088938102,-0.0024718428366859004,-0.06725964379691447
-8.787191492692454,0.038750045581632316,-0.0020838542951497354,-0.08370765632307234
-8.784517697327004,0.03488715892655949,-0.0022148115386113275,-0.08821063094161194
-8.776050962961337,0.034135249491518894,-0.001949146124682223,-0.09033223159487691
-8.768239686100577,0.04495661039859439,-0.0027320847519841755,-0.08627435797516733
-8.764027509627596,0.03986033212055772,-0.0022417957255780924,-0.08401207545461216
-8.758749173456543,0.046826681453240655,-0.0027285750719906747,-0.0672773902545529
-8.74997632483814,0.035366805707994206,-0.0019192339691575244,-0.07860302682180828
-8.746962026926825,0.03943758182061449,-0.0019810642221951024,-0.07989846701672915
-8.737740461932768,0.04476535523145322,-0.0023949452890323743,-0.09305478436921237
-8.732293152787067,0.043199775542691624,-0.002322455567333151,-0.09035429732108036
-8.726196125241353,0.047403059375003914,-0.0026474730447155234,-0.07555157930396018
-8.721529660910285,0.04873668556985987,-0.0024612624207973593,-0.0750647970318775
-8.704371231317912,0.04431584875840106,-0.0024718266440684443,-0.07482990023581859
-8.699457739181485,0.0299241133522509,-0.0016392296654911887,-0.09836547832367547
-8.694803545806812,0.03726706573855298,-0.002270104747392631,-0.08891162785972624
-8.690455235126162,0.03895367674171784,-0.0022585893089938614,-0.08143047255291709
-8.678009578581857,0.04061484122226784,-0.0024347641391915305,-0.08214329551559778
-8.668984022963707,0.033836120382031785,-0.0018515112129608808,-0.06700595746258171
-8.66534022080457,0.03292812695648305,-0.0016823572947319457,-0.09106206769524058
-8.663556821804008,0.03105943465913104,-0.0019521532775613705,-0.09985128493624937
-8.652619131410347,0.035625811640796715,-0.0020844174942769747,-0.09515309737644473
-8.647306903882459,0.03408086928995183,-0.00216110611011604,-0.08707175806737952
-8.635451501247438,0.03822775399276218,-0.0023145221816450643,-0.08569494870920535
-8.623991855400178,0.03798014523075174,-0.002347509331401494,-0.08586787761921509
-8.620976235311321,0.03592161758505508,-0.0025804272142676255,-0.0984437289659863
-8.606307506492378,0.0346758834553911,-0.002129657266740144,-0.08921466259914111
-8.599615609072229,0.0390444880915688,-0.002415698505804829,-0.0876365206808353
-8.59857818663536,0.039390331391971754,-0.0023962171681513856,-0.09200857034851895
-8.591903801407991,0.0341181826939137,-0.0021708286737016406,-0.09569695791465956
-8.583225520546623,0.04161068807751152,-0.0029106564766502936,-0.09615333807227254
-8.5761590651671,0.0322820132895169,-0.0018821330430109228,-0.09385424744635673
-8.567608056765586,0.033523044603158456,-0.002329200198353344,-0.10969940221095655
-8.564584798480555,0.025690892173892168,-0.0018286029865768694,-0.11240778026153242
-8.55851658157071,0.03258347468573609,-0.0019381781685630405,-0.10415390724760494
-8.541939703040196,0.030439146536224745,-0.0018251641123345891,-0.10057799865523216
-8.537769569866532,0.03123482840473509,-0.00250479301907691,-0.10364933683670335
-8.521451425659436,0.025092377889195588,-0.001870261720468925,-0.12493661270992133
-8.515597880259598,0.037024513736666084,-0.0026780466887923187,-0.1007609840476472
-8.499495460767076,0.025982509063808078,-0.001744924048228721,-0.1262425932552467
-8.485405019075898,0.02633250566164974,-0.002089657978498738,-0.12487872388712382
-8.483399087816855,0.035134996421723796,-0.002574119490884247,-0.10322040428186016
-8.477482820100407,0.03529611869184253,-0.002571112661656507,-0.10397666099042928
-8.443347784158476,0.039094114441226825,-0.0025711778982149794,-0.12467462590617034
-8.435804202455955,0.02893083496610849,-0.0021919596120819063,-0.13238685065712827
-8.427193292758126,0.01799429086920823,-0.001326185514854069,-0.13884489292306867
-8.423151262643787,0.014996495292222129,-0.0012716047376859468,-0.15650293083748792
-8.41432883350704,0.02889415571099352,-0.0021055644631445738,-0.12710057211185036
-8.410036760531057,0.025237791895736307,-0.0021381561308787974,-0.13797343308756907
-8.402004049535325,0.02889676448654128,-0.002176897054086417,-0.14346731072136604
-8.389973009855026,0.02986697696519424,-0.002573916435872209,-0.1328327569411422
-8.383086237938041,0.02987070194194199,-0.0020802244271819993,-0.12471449787649075
-8.379333111855647,0.03909133640067079,-0.002547099342085567,-0.11999171860549168
-8.368695552572571,0.04117876607998014,-0.0027873094889050995,-0.115717743161207
-8.349098778604347,0.037717295496486856,-0.0027465444679656515,-0.1362481617894735
-8.318982788592876,0.037588757466560055,-0.0029880067224858993,-0.13129462688706775
-8.308304471678396,0.034271926779064155,-0.0028053037614346734,-0.14139536598308422
-8.287679851407296,0.04150352079707612,-0.0031500809677988233,-0.1162686414045886
-8.258527177715305,0.024446827147640904,-0.0019825470515154593,-0.16235635619096236
-8.247900422417416,0.027333883375059185,-0.0022394625691881755,-0.14928384858693106
-8.22914628396916,0.020370247537019364,-0.0019691874849344206,-0.1740630640609299
-8.214186017830425,0.03190718516371324,-0.0024946281086313366,-0.13407780170295586
-8.206595861741148,0.03562838141336769,-0.002769440431248494,-0.1387309793039399
-8.147543493197146,0.019795391054314916,-0.0018183585771502735,-0.18817756772156366
-8.142830149714355,0.015757918303199083,-0.001350027697492279,-0.19193171504591186
-8.121867375660445,0.01803485488213865,-0.0016748391337146182,-0.18293428053912386
-8.085671923769366,0.019163753378590196,-0.0017261376144437342,-0.18979840909003098
-8.071207346716752,0.017081707017256614,-0.001520751126896059,-0.1885541288771387
-8.043523297255607,0.017809444166322776,-0.0018021145349227576,-0.13593993053825718
-8.035076515251868,0.01766227289437216,-0.002000116999533902,-0.11435161517922583
-8.01464008966052,0.011185647020212174,-0.002002797750727432,-0.07322115900993509
-8.00825865231823,0.018867895966250565,-0.001931834356636059,-0.1564660112745214
-7.999880687188151,0.013115507895797638,-0.0013972642209252218,-0.17828981858472912
-7.988674237686472,0.016091598626452427,-0.0017854501763101118,-0.1709698558317585
-7.981269958528913,0.010387250257624667,-0.0008462206530736406,-0.20637197604433993
-7.973086566034235,0.00942224840896591,-0.000981904108260822,-0.19684258512378072
-7.956190879640833,0.014958346916695694,-0.0016535949538083465,-0.1627581475498282
-7.925840666687909,0.00786589280961007,-0.0017866362213119432,-0.061487224600117366
-7.906725936805226,0.01420831972507363,-0.0016910257070230626,-0.003562474405455777
-7.897918030286531,0.011791775962572899,-0.0017999761282785835,-0.007530793576931501
-7.8953113076891075,0.007577197437149929,-0.0005562733014265522,-0.06601841699030707
-7.893624864893173,0.008407170220661793,-0.0016716058959090597,-0.05364740358449989
-7.883730747482628,0.003578701112068692,-7.972884457343807e-05,-0.018501080628932843
-7.876004262964678,0.002978464185553492,-0.00011405526673855737,-0.07785456329093686
-7.822516387858939,0.019771426290621404,-0.0013570775949862612,-0.051382439295324746
-7.77777029724124,0.020983841451127628,-0.0010803056130780804,-0.11851213105479803
-7.7690716379299705,0.02442102537253865,-0.0004966715629347072,-0.03385084011335302
-7.74744868740406,0.02325492135570001,-0.0005430450903553656,-0.04877649441239674
-7.740263227209355,0.023044723037490635,-0.0014689701228965397,-0.1320229200143873
-7.734841964493889,0.016042970298141824,-0.0011119358760594848,-0.17609464848038356
-7.733251921303632,0.018522113780974247,-0.0018023072860022407,-0.17900783954472155
-7.721554411930196,0.023029821009348167,-0.0013922136972696556,-0.13693291163175964
-7.712846320105788,0.024621511850628455,-0.0005456181982584356,-0.030954453594950564
-7.702006212877853,0.03776318733311723,-0.0017047128992020502,-0.015601995045867196
-7.700921164530871,0.02795196155290792,-0.0013813967491323712,-0.0898160330679836
-7.699260291546978,0.036090131488837725,-0.0024068776697930764,-0.04873091532556992
-7.6984337148175,0.026064740503978237,-0.000857623414643319,-0.016549439115633915
-7.69311287286476,0.0327678146031017,-0.0015738659093713456,-0.0275836478941948
-7.686053815697709,0.027110092928140764,-0.0009201059536051565,-0.035261879372245085
-7.683644994592671,0.022775322639771226,-0.0011223038726531744,-0.07937106057347326
-7.683494605528514,0.024723786345664703,-0.0009818849578441787,-0.08417141043146466
-7.676349877255676,0.03905468063949842,-0.0010825916485363866,-0.026006803048390106
-7.66859963941337,0.030219817153648475,-0.0006638869258155652,-0.013229272414697986
-7.662418869684203,0.03023305549090824,-0.0009562526744737377,-0.038537546924456094
-7.654425979119202,0.03660006616614805,-0.0010132255149584957,-0.007662848398834224
-7.633769900136726,0.02857644577193737,-0.0016337794960127798,-0.0045004605423758556
-7.63109455476921,0.04157975098240607,-0.0015371203303704301,-0.008398010598231812
-7.617593919124331,0.04642744722364024,-0.0010481276102525558,-0.003975506096001009
-7.600295881883684,0.03293418916736654,-0.0007216856108825066,-3.119492169639491e-05
-7.596336315570627,0.033125422106180746,-0.0008283791689804105,0.0008501735942368584
-7.585049135666418,0.029806074218730192,-0.00021952937109851804,-0.029470287647077643
-7.582841097282511,0.022688025672107634,-0.00010125418055907438,-0.006528724440819319
-7.5775261420020374,0.023509612089560494,5.093682498001926e-05,-0.000310444853081579
-7.574009475063455,0.022623058829168107,-3.384480342252798e-05,-0.008609235155138317
-7.561613196150211,0.028625619549172074,0.00038314705667457613,-0.016883280557942963
-7.552685376021923,0.02731429207900306,0.00033746306522109624,-0.02125651898286018
-7.545518207939829,0.01785953552570135,-0.0002149717948235764,-0.07989801497996421
-7.535221746553318,0.019003120917664554,-9.479653342194386e-05,-0.07398627381493153
-7.523921863121999,0.034198380450715916,-0.0001885920039804638,-0.0006329013242452095
-7.5218860265028304,0.034088223513710436,-0.00021267574173317827,-0.006775448627746066
-7.515228327350905,0.03145734341700904,-0.0003477873549977946,-0.0009123492371458759
-7.512798650102343,0.028715847755808196,-0.0003592956320878036,0.0007724224835151439
-7.505753109052695,0.03299805891625406,-0.00031218880580361765,-0.0020509563016510965
-7.503722896954137,0.03060790786493685,-0.0007401702961197248,-0.0097975376108515
-7.502228303980173,0.028946790211776336,-0.0006434906346094634,0.0005701735118942993
-7.490549936849438,0.030224723039981263,-0.00010121847926350535,-0.02445740848111417
-7.485456502374615,0.026835803332464988,-0.00019007357009060647,-0.012089169860164374
-7.483245749055583,0.026987195055691388,-1.540597625002586e-05,-0.005904020821801619
-7.482480001450683,0.03193547518639227,-0.0003932256342504665,-0.00421293406744773
-7.472897137369582,0.03234673016485629,-0.00012002905892338463,-0.005727235135107099
-7.468395463876462,0.03517465873621276,-2.7450448307167455e-06,-0.00890677373778883
-7.466137973911246,0.0361103726454155,0.0006803556722996024,-0.006411176167774108
-7.464314287252753,0.03299296482409681,-0.00017438820455372228,-0.001142386422354454
-7.455274591823971,0.03325109230296999,0.00033708807532450936,-0.023534171141601976
-7.4473353666215525,0.027416362693134542,-0.0004351529937757078,-0.04480231421146729
-7.4387859981394895,0.030533002533289593,-0.0010207892825553609,-0.05691835486306549
-7.434625222345534,0.021203146374310384,-5.345365663040914e-05,-0.08304911060315544
-7.429363640270792,0.027052462047870558,-0.0008645997892728875,-0.06809998579845865
-7.425762737138591,0.03214463373711847,-0.0005394461391014414,-0.01116393409034815
-7.424047481176561,0.03002742983966603,-0.00032949936634437077,-0.04646481183189681
-7.411033019101103,0.015611414762490627,-0.0005089147867553659,-0.17417433857362766
-7.4082486865196975,0.021680894812707133,-0.00011581539964755152,-0.10523230603663417
-7.401191265602166,0.029725792309744283,-0.00010150069984023854,-0.021207661059053657
-7.39818698048107,0.023864298092221712,-0.0001124876885161916,-0.07957595840689977
-7.395312456229543,0.03014049764415421,6.045322241037144e-05,-0.04488228965479266
-7.38544221496731,0.0310831817443284,0.0002125983531961131,-0.03186231669980972
-7.384265174228544,0.03367050590784036,-1.5496013551490515e-05,-0.0070700143566029185
-7.374945035855631,0.014018948893167337,0.00044590553417865614,-0.0026386476093194057
-7.368528397048961,0.027559680240281534,-0.0005008644600831997,-0.0005480693401672912
-7.360423331132465,0.014421594843714768,0.00016377378144649256,-0.0037340108050592288
-7.355449529215213,-0.021922170080191362,0.002361401738111328,-0.025162842260882688
-7.335032416304871,0.01248808019317817,-0.0006960029222993452,-0.029076700663005325
-7.33330141366694,0.01824893181448766,-0.0016134821117631437,-0.03143339273500327
-7.33129002813867,0.01818652826193446,-0.0012184538183520768,-0.07697354586859939
-7.326857031692984,0.03238191325019558,-5.2987191306123496e-05,-0.008506229787347238
-7.319672104847318,0.03521807003911581,-0.0009233715604363802,-0.00250090681405823
-7.317282132953859,0.03162428503300885,-0.0016469760299278964,-0.02635995285797126
-7.312566292688331,0.023168365423629794,-0.0006615893834122992,-0.006001839743434538
-7.306488015921573,0.020964369324150432,-0.00177780871503342,-0.07397724017100295
-7.305240676009084,0.027438075619334267,-0.0027960368812441115,-0.014367678231038234
-7.296743771419193,0.02068816120061544,-0.0017593208263584552,-0.03397141608029351
-7.292665964161952,0.031151039542223227,-0.003245609143131158,-0.018210147699423772
-7.291851877452194,0.029792509226148046,-0.0030445070056894395,-0.0013069909760225554
-7.287735804211657,0.029755535657971274,-0.0017852150576624715,-0.002931912365228806
-7.2827016087714265,0.016473575399819078,-0.0004243194619544282,0.0010039200999400508
-7.281240769035121,0.019584894467769377,-0.0010006148399301497,-0.00615535691587771
-7.2809935439526265,0.025038217429566866,-0.0022525722380203955,-0.0016062465081500782
-7.275066350964077,0.032747351453448,-0.0038404027805883957,-0.005881404400778736
-7.27254059814161,0.011673924638441283,-0.000663682808666885,0.002126389286108633
-7.269743965528594,0.018364415634007182,-0.0015478047704055374,-0.0027008637451528196
-7.266487169148704,0.018259284789798134,-0.0014352945050879022,-0.001674337926504365
-7.2606206583255695,0.019333152838360058,-0.0010814698233127462,0.0029412673620534207
-7.2580143928089,0.013046126650204666,-0.0005845775359828795,0.008025761026305318
-7.255719757735044,0.017851029714990297,-0.0008856014427207114,0.0011978321512370331
-7.252809471503478,0.02056502692488512,-0.0011090669217261352,-0.0015029855559340153
-7.248896077108196,0.020916906102528526,-0.00139088703935322,0.00283289505605787
-7.246706016145395,0.0191887970397924,-0.0015665380631309984,0.003227994425549776
-7.2437009707698055,0.017697597025194797,-0.0014299565540861843,0.00412407557063459
-7.241163399001265,0.018055765193295877,-0.0015362777462950468,0.008038178587130523
-7.2368637686041675,0.01610446117119193,-0.001005710410559245,0.004580799335926534
-7.233152573708317,0.014135627415348438,-0.0003275639024881608,-0.001626630942104988
-7.229954721017157,0.016724129010141597,-0.0010102902598401683,0.008258533365256357
-7.228173024258909,0.01821723155274928,-0.0016267619135932056,-0.0010576860844353313
-7.224410108099164,0.013674925205189313,-0.001448676468991637,0.009012262153364252
-7.223785478044959,0.01689583393025862,-0.00182561986310838,0.008450752174793725
-7.217973667876148,0.012021875453447078,-0.0010109336815592807,0.006751631480793729
-7.2165333724696925,0.0203995686030683,-0.002103574766446743,0.005480684239379704
-7.215680080918506,0.014513127976994092,-0.0016292641003575342,0.008984360453944518
-7.210708518495159,0.011711304382289713,-0.0009192629404564003,0.010704901424228298
-7.208450357842705,0.009360132922538253,-0.0006791090371418997,0.00993497865267141
-7.203038963582396,0.011421581434514917,-0.0003078756432466901,0.006540745430420169
-7.202333733680876,0.015496520702684511,-0.0010663987203070777,0.008237078663129921
-7.199357880028577,0.015458318707382382,-0.0014106693866292469,0.009199743796984452
-7.196275953305707,0.014847862282866579,-0.0011443141354510937,0.007607100183598382
-7.193558083946992,0.01021158992027003,-0.0005376633810389925,0.009756421776797844
-7.190357126810556,0.027071082247214585,-0.002882547538226095,0.00538358403063947
-7.186229306042567,0.007567981341813479,-0.0006468654343452834,0.014668146832063515
-7.184177348005294,0.010389953088393897,-0.000802822175608854,0.008106900120908886
-7.179945472516378,0.014417341327266783,-0.0015944620479026615,0.007914820276139982
-7.178628355548456,0.01235919094994118,-0.0013292655308546114,0.010925758394224685
-7.177112929475724,0.008585484253995822,-0.0006374965064842993,0.007708718145001288
-7.174665264657036,0.010649811049315219,-0.0008773040137634123,0.008781589412524977
-7.170530952879782,0.009441351897476212,-0.0008931046247643078,0.012167616722282483
-7.1671266133096365,0.012501464572841623,-0.0013313061726026828,0.009953231434528104
-7.164499023510548,0.012908341251627039,-0.0010180388213515436,0.010577898031259076
-7.164214630578048,0.012284837608229078,-0.0012663882853885065,0.009017129317405422
-7.158537770804806,0.00980082658332116,-0.0006350178313138357,0.01427562184958266
-7.15655799002809,0.014258948121669354,-0.0015186810453916928,0.007841589528330774
-7.154008310119271,0.011327855067807743,-0.0012200201721816858,0.011910918910843792
-7.151594495614729,0.006751209675733162,-0.0004116723095725597,0.011348646326326045
-7.150176321478463,0.005676532968942191,-0.0004096141072002013,0.018025020761439817
-7.14479622588866,0.007201785698114893,-0.0007109024648038162,0.015554792656806682
-7.141797987594657,0.008490978805058556,-0.0008470235764977475,0.010231313842844545
-7.141184639590605,0.004963897800652398,-0.00027144711449995625,0.009154801829419794
-7.13668726033635,0.005427697681220951,-0.0004895751697786734,0.011847704464630461
-7.134440456559778,0.009076663339088827,-0.0009379916419394723,0.013406785768716708
-7.13130466238248,0.010514310064868602,-0.0010910243518072137,0.013498669670327096
-7.128455009470409,0.010331146373049304,-0.0009802131710843957,0.011058622929769559
-7.1237078295825205,0.006702068807054384,-0.0005616648046024354,0.008790112023397276
-7.120281797226848,0.005811512083043233,-0.0003990661017266576,0.017156837736366587
-7.118728656093703,0.00641699321445633,-0.00041131494565078015,0.010283330712640638
-7.113834302551661,0.006012434960852607,-0.0004397709844789818,0.01253180485777972
-7.112644090948781,0.009851964989321074,-0.0012476540791113184,0.01284854147913592
-7.110565184068738,0.00847653272489164,-0.0011074149658556393,0.01364884897343421
-7.110132111642517,0.007094899873811935,-0.0006492553482145998,0.0109227667246349
-7.10497754551919,0.0075654726818170336,-0.0008320102272985384,0.013097143013109231
-7.102384487750054,0.009331170984033238,-0.0006569804143528145,0.007050938207162271
-7.097185879597682,0.007323881243620351,-0.0008008235811529846,0.009589505637544432
-7.096601183896798,0.005098031724916819,-0.0006596220974115808,0.008348722017083806
-7.092196055581922,0.006447316723878174,-0.0007102511213660712,0.010587831019356555
-7.0904116119590945,0.006371346708829195,-0.0005473800636866188,0.012073168741174622
-7.08792203718325,0.012616894458885915,-0.0014479743959910241,0.007218403892189492
-7.08761395827196,0.009218199447067617,-0.001025155298930266,0.008994351227818847
-7.082980865434474,0.0029122144186348497,-1.4558276073182646e-05,0.012166724928445649
-7.0816265486345396,0.005682323390545057,-0.0004575132210895194,0.012719509968382297
-7.078746732671435,0.0060323158402329794,-0.0007076164781455076,0.0092346148181139
-7.0765423136384324,0.008083974540050911,-0.0008988187542654379,0.005150576273125706
-7.075316277329473,0.0067821203150618655,-0.0009391630113607733,0.012949779420991287
-7.074054249424204,0.009112885447032662,-0.0010932817859682262,0.007197363941765663
-7.06796130524608,0.0071871669171334595,-0.0009159805594936718,0.012688371962458903
-7.066628146960096,0.0032438829162280765,-0.0001449708491654277,0.011323881582949755
-7.064200398774221,0.003191515574146607,-0.00030794308147917207,0.013748270525896328
-7.060999881712398,0.00569302238510077,-0.0007318654106194745,0.010770166373126286
-7.058461798378388,0.007503830595982685,-0.0006066654181911187,0.005332176711384936
-7.055429599165092,0.007287064335198754,-0.0005543878267706806,0.011725594869858047
-7.055345898999829,0.001236380098752764,0.0001602423074569918,0.014981704848597104
-7.052889072123192,0.008729580097036926,-0.0007927997980674921,0.014601840316675812
-7.05172754500629,0.0038071158043659083,-0.0001566478090247097,0.010677838483745695
-7.050399087311004,0.009211626606048576,-0.0009206326494996779,0.009291183607225828
-7.0477994569907025,0.007961113684604079,-0.0010340350816434479,0.00927347105122653
-7.043807165421634,0.004887162980726836,-0.0002559778773087333,0.01285990282707207
-7.039648070039531,0.010670406629962565,-0.0014557329284178595,0.006030152405733156
-7.037118825144662,0.006974970299973391,-0.000613357890226752,0.011122589452751814
-7.034387724571761,0.004382020549233231,-0.00019122403540624492,0.0076539985181367015
-7.030413830498606,0.005803476725291374,-0.0004975548200260094,0.0020206863497142856
-7.0286329755451025,0.006716480230258825,-0.0004499656062149451,0.006761938925519781
-7.026460871060511,0.009840978175648126,-0.0010089428613729511,0.0022245628056919552
-7.024486269962317,0.007763450430717025,-0.0007749705848932524,0.006325415715249806
-7.019465097985931,0.006563630998807877,-0.0007594798784811974,0.010679911988799369
-7.01700846967438,0.005010789412378635,-4.052452802627528e-05,0.011534144802135651
-7.014895081055601,0.008507637161046468,-0.0012223265071883815,0.007878837240777543
-7.013217727503608,0.004990925978277075,-0.00013132961193838648,0.010347989297301012
-7.0099441296924745,0.005420703408453684,-0.0005087827031449918,0.005536703781730246
-7.00807536281721,0.0057018404172379305,-0.0005623558611866381,0.006832176074541719
-7.004533779877329,0.006833489396457588,-0.0006499667065016665,0.010650214825277008
-7.00128666967907,0.005708743550641138,-0.00044656243657798444,0.009042124768713553
-6.9997897120122765,0.0032652925830258897,-0.00044961307234422926,-0.009431363910382497
-6.995313404806162,0.003618033869373179,8.745844414592763e-05,0.01349229096867105
-6.994005762574427,0.001092447209193996,0.0002809440318483874,-0.017681998873254858
-6.992626106436187,0.0027730276964321324,-5.3144232158030686e-05,0.003973525426817282
-6.989927539492749,0.00499877513992263,-0.00031029359314697447,-0.004090416406635324
-6.988400484888441,0.0027079479013288324,0.0003053796036204614,-0.005203372684291962
-6.984224984637947,0.0055888357890701585,-0.00033440452490112214,-0.019157484871889473
-6.982780129929914,0.002654268743312156,-5.614988442825883e-05,0.001517611046300281
-6.981577207419547,0.0040716356764057705,3.994588019444922e-05,-0.0180973644575565
-6.979886515284339,0.0037217592819312095,0.0001591504628683842,0.0053032357155108276
-6.978877915538542,0.002020740659361736,-0.0001658998388413596,-0.018586837235467422
-6.973071720268735,0.001079040994705518,0.00036982666860429104,-0.004677248434329439
-6.969954285025343,0.003569609929141678,-3.800439438469525e-05,-0.012490344672146192
-6.966918483068583,0.0024643469694878195,-0.00013408289424536682,-0.01333267035741432
-6.96453806679528,0.0028475036246463194,0.00012913406071254075,0.0026216144794110065
-6.9627787637580925,-0.00037942922324398187,0.00035512961739257124,-0.0017620504844924622
-6.960196685167179,0.002154599417063931,0.00018188549359665084,-0.001650340084343993
-6.957992632298248,0.0057503230871216405,-0.00036723215646423013,-0.02508024016105257
-6.956757590864574,0.0006167474267291001,0.00042956196357502274,0.00287541576543693
-6.954445659077,0.005450401389343814,-0.00044095734128304356,0.007263546218346926
-6.951521478378848,0.0028641885161643766,0.0002039891722409804,-0.0075351982278470935
-6.947892533978355,0.0037873180260332134,-0.00036533637888245125,0.0007165972471195734
-6.945575218788424,0.001533642040830347,0.00016923214659850006,0.001631109532732576
-6.9417841469386685,0.0018600783078998636,0.00041063090419020913,0.013546794355212314
-6.938863148904864,-0.0006761131025337968,0.0005059836567012706,-0.003940777049461977
-6.937593091693216,0.0016281290392269486,0.0001841677761234662,0.008730859473064007
-6.935808713169288,0.0008870317795806012,0.0006578558416619081,0.008894310244927471
-6.933377956348364,0.0020097816603809986,0.0005300001566226368,-0.012635481424913834
-6.929983118340962,-0.00028930433896842505,0.0006242222021836229,-0.014992548034300723
-6.927039057208503,0.0035268126450142224,0.0001206533508540494,0.0022798070619897276
-6.9252785048751395,0.001945774931869999,0.00034099954340496293,0.0017441858194225722
-6.922020251458639,0.000159807785208512,0.0005993705390823511,0.002481288090528725
-6.921636843064975,0.0014135855340025637,0.00028146296033866613,-0.0012016014425902685
-6.917774654947168,-0.0009882154374740515,0.0006658962640556319,-0.002862744400139186
-6.915559605702903,0.0014685116978428478,0.00015930620642304945,0.010522079281610504
-6.910450045361953,0.00149304487085253,0.00032758320290020255,1.730922640977342e-05
-6.9095433756968525,0.00107956329736877,0.0003630282725290017,-0.00031070184125449064
-6.9077271838089045,0.0010391714516576115,0.0002620206915766802,0.0060462606601508345
-6.905489943720077,0.00024340156721734733,0.0005610245392912546,-0.012884965436502834
-6.900966328775405,-0.0010484319591834961,0.001097103192517128,0.011561093512381802
-6.89768620594463,0.0005593947215881363,0.0011218412355923626,0.009732880291273553
-6.895231694229539,0.0017576759402535929,0.00021719813812449238,-0.014135440514717646
-6.894045078985165,0.0029934283757401293,-0.0002782277197418456,0.008338957789665926
-6.8875606026340375,-6.595188946227698e-05,0.0002123230661081351,-0.011720872368307829
-6.883818333353474,0.00023725379683506875,0.0004999164052871851,0.0011111111737113803
-6.881555861892112,0.0025795171292228958,0.0003430345384079426,0.002139322458805432
-6.8811282661172335,-0.0003285221315919728,0.0006536974002556656,0.012305532577426162
-6.879785420346391,0.001966776353148367,0.0003994773212877781,0.011255697698612722
-6.875777232089449,-0.0010629286444301992,0.0009274449389461614,0.004549328347995945
-6.870675793100485,-7.331274391341697e-05,0.0008245204291885252,0.008234629685169303
-6.86871573678273,0.0010965709745193093,0.0008036983255397362,-0.014877780174539255
-6.867533068995247,0.0025519186082489055,0.00015774665550949426,0.0032610625203902217
-6.865167120794969,-0.002389613155745771,0.001132683961788989,-0.0013583049067059237
-6.861274608870682,0.0004104255529483092,0.000550537419785494,0.001038588398208237
-6.86078424248443,-0.0016143114929346536,0.0009907972831672027,-0.008359910222999178
-6.856921818398981,-0.0006635836607677935,0.0008694439050777724,-0.001727058778722366
-6.8547623142512695,-0.0021438071045448526,0.0010960018411198197,6.745001188288258e-05
-6.852448365626363,-0.002799567214737768,0.00115358116796653,0.008630034762979327
-6.847155051324224,-0.0021153680823558924,0.0009334868705619347,0.004800707277919786
-6.846203525306538,-0.0002472638401441933,0.0007349502995543381,0.012558905253274341
-6.8431070850612015,-0.0016677705325644516,0.0009846525298420417,0.010514538021241974
-6.842353448210967,0.001975475503255915,0.0006542075793370763,0.006552943264778406
-6.841369624348723,-0.003078038809299507,0.0011118544385290553,-0.002295457632450623
-6.839535975097547,-0.000325897461232202,0.0008397686601196824,0.008086786210979883
-6.836897384223081,0.00015504041478815056,0.00034636644239902217,0.01221117636705507
-6.834552620437882,0.0013983774462249213,0.00029621506049541544,0.009893293073293181
-6.833012960159384,-0.0008755913892824224,0.0009520356512218564,0.010550506274095836
-6.83193908103281,-0.0011041950663067408,0.0010048096102249673,0.008765042159741072
-6.8276686698864,-0.00024537770805300654,0.0005692059995569417,0.013305528880551988
-6.825764790326503,0.001162433504899712,0.0006402913667999347,0.012725247667579062
-6.821960724238517,0.00013829038840839505,0.00044295051768696947,0.011759123532829917
-6.820991081248671,-0.001288292408295083,0.0009065777103274474,0.005547405273054927
-6.81597767065319,-0.0007509733858793294,0.0010531971562322202,0.0101412887358804
-6.812834887510511,-0.0035836574990066117,0.0013055563537778326,0.007245732815845188
-6.810992618589615,-0.0014895877776767137,0.0010812838868886421,0.005746218931874745
-6.805770348088814,-0.0020703904010996124,0.00131641627139767,0.012044961855728094
-6.803908643807096,-0.0031179131844821704,0.0013736746838996022,0.01343381793658827
-6.801971067651225,-0.0008593769859355333,0.0007225049678832677,0.008709544499512542
-6.79857924832299,-0.0022691816987517924,0.0008095462951636926,0.01170197228655739
-6.797080965139923,-0.0019853765533061904,0.001055010036996095,0.011290755453397118
-6.79157809278452,-0.004197859038606885,0.0014825117200436195,0.007796229095285591
-6.789548375304536,-0.005136268921541978,0.0016354188212624433,0.00813800645484669
-6.786741115090721,-0.0014601884390131083,0.0008860537644141465,0.013614579561788383
-6.78637220247781,-0.0007771273386469145,0.0010959828550654775,0.009935692359871557
-6.782181846816434,-0.005656731023595686,0.0014467063516703676,0.009439878846332694
-6.7798807116723845,-0.0035234069324018547,0.0014247767329667459,0.01028778197215081
-6.778712947416454,-0.0012887831944781733,0.0007332392314018286,0.00891048265314748
-6.776632401493255,-0.003291868548930718,0.0010144098385285222,0.013159726863260656
-6.772402560345369,-0.0027683461563009692,0.001195788036596292,0.011385278804423983
-6.7681096190501355,-0.004979150707787446,0.0013090406642854368,0.012398936544480694
-6.767808346943355,-0.0027104184647204085,0.0009367519198936126,0.011434534983215035
-6.7658584311657695,-0.0026745566470601423,0.0010969111904843747,0.011396812011264697
-6.762896983582543,-0.004730247523159577,0.0015788408169491995,0.012482001781495899
-6.760490734559809,-0.004774067016741536,0.0014328126414009919,0.009358381073798728
-6.75725966698341,-0.002540076817941525,0.0010412251793996247,0.01050294253545548
-6.754460082030659,-0.005231564554362311,0.0013778604906448727,0.012919940591296778
-6.750335708516833,-0.003998702648373568,0.0014522251826954062,0.012265229294050734
-6.749572687189714,-0.0036049195023322785,0.0013935215395163316,0.012912514812352638
-6.7467006297975045,-0.006329479790470024,0.0016054582327350898,0.012860614582608223
-6.744077612321452,-0.007310199014966811,0.002057657821547002,0.010342783776700379
-6.739684164921691,-0.004929537975478668,0.0012844621856589952,0.008074949413989979
-6.737833068680086,-0.0028164222882088165,0.00113632573877185,0.007055367095254273
-6.736464892758854,-0.004994626489417871,0.0016231471857520987,0.012411478030007708
-6.733763872107953,-0.0076808916678626615,0.0019799493080663953,0.008838388260823726
-6.732594910216208,-0.006700682104438392,0.0017834901696293498,0.008463005785394282
-6.727308453479688,-0.006757205160218238,0.0016407441704708527,0.009604006611395627
-6.724973791369331,-0.0035399211398945796,0.0013018080348870696,0.007763195471735907
-6.723195643530866,-0.006906802788436924,0.0016163948580053737,0.007798550060551047
-6.721288094867219,-0.0091776584958225,0.0018703583389023074,0.008697085678612649
-6.718952476440743,-0.008093771634060418,0.0019421835093934735,0.008286298740849216
-6.715869348417296,-0.003567615402256794,0.0013171655957479537,0.009459877314487245
-6.713492782335304,-0.005395812343562863,0.0014048357264204122,0.00941598033349164
-6.710512553505487,-0.004111993504081496,0.001407760758177341,0.00817877785724809
-6.710247365102384,-0.004364041612225903,0.0016766228434767026,0.008166823180077727
-6.70808836938122,-0.006313200250497182,0.0017731079371281371,0.01093467625850684
-6.705084884643868,-0.007122592827110865,0.001846347467107894,0.007019307743688815
-6.702890976057973,-0.008159838621217426,0.0019408090953403779,0.006789619805304072
-6.701380854878986,-0.004964265494807898,0.001450976572698777,0.00985255758103652
-6.6991179554895215,-0.011073451594439614,0.002385036768588225,0.006275077203815703
-6.697072259634195,-0.006669098036823914,0.001948908034031216,0.006732424148337747
-6.69530878621349,-0.006179689474168692,0.0014309611709821754,0.007429565021393
-6.692689383963881,-0.0067587049680215994,0.0018214088018833965,0.009234146185349965
-6.688835598665236,-0.0037536039651312634,0.0013957948016842068,0.009516798561671806
-6.686748043568336,-0.005050893637859403,0.0012393886642135046,0.011920149893881418
-6.685394222235475,-0.008003826052581074,0.0018930297625724271,0.009479086920496435
-6.684344530324454,-0.006883868487200761,0.0016741219215746297,0.010858264767981725
-6.681243021483074,-0.008808014058787459,0.0017947673530961763,0.009333022248452961
-6.679312018505234,-0.008717499003283865,0.0020506045693937367,0.004590406054807704
-6.676926683216297,-0.004790825610254178,0.0013432850625457525,0.01043282188769271
-6.671092838947392,-0.00913018727973337,0.0020967987750081163,0.005245571775164983
-6.6687771952251085,-0.008500994512781936,0.001961817842069276,0.009493474564199446
-6.667110762361978,-0.008531664941995398,0.0019449602798975378,0.009456114986557672
-6.66545707841712,-0.010298378244424146,0.002422473479944787,0.007114954762520201
-6.663630406713622,-0.005150658564422295,0.0015858288884092616,0.013562339820127983
-6.66168208388555,-0.008390233235644657,0.0020437876800629673,0.00508944046011176
-6.65723319407992,-0.007637388064624953,0.0018766284331396279,0.008195370635225787
-6.655167399624821,-0.010175710365816503,0.0025053207703298183,0.007036853736257139
-6.653542668246696,-0.006946617467002918,0.00181563885043935,0.008420766631380612
-6.649100557457392,-0.009916544171671733,0.0021657549041502987,0.006007441631052293
-6.648044674502874,-0.008213876950105095,0.002250823524376144,0.007926090418994605
-6.646232793562519,-0.009910968701999605,0.0026662158862413333,0.009854201697143149
-6.643088990172993,-0.006581878586162329,0.0018439422254532998,0.010142574218116129
-6.638779213200948,-0.007919180138077242,0.001803324150216148,0.007089071259979447
-6.6356741548366855,-0.01093947481093659,0.002792961352673264,0.008063648221741155
-6.633272366585073,-0.008404226072580902,0.0020058395755602073,0.008567615718690687
-6.632820550822898,-0.009898837184557792,0.002118198091881495,0.0067526366238368505
-6.631248839285366,-0.009718155647793124,0.0021578860312453734,0.007582226985708063
-6.629816335469933,-0.009052254473154865,0.0023393670279376667,0.00933674452230203
-6.628441646183136,-0.010291545178899622,0.0022510807879434166,0.009277407353593966
-6.624523039666646,-0.011219103085493367,0.0019770240841744074,0.008062373183553575
-6.62291117815286,-0.014597707872876306,0.00272593494478889,0.007175567360721903
-6.620218378379046,-0.006683127891772541,0.0020985904444168753,0.009277454747384282
-6.619831843175959,-0.010182883717740203,0.002299628794977421,0.007355221365674443
-6.617776459815001,-0.006547393248639639,0.0014126913598358833,0.009583973085802226
-6.614584538986579,-0.01332222142221853,0.0030789931881484273,0.0071572234808957086
-6.608642196673077,-0.006738785899061378,0.001840757628965366,0.006104415058501529
-6.6064222827447905,-0.01262494881283759,0.0024504597318320553,0.006533618337302987
-6.6037920949316415,-0.012478109761235362,0.002698654646337164,0.005693507097215409
-6.602547646598227,-0.011672541194044903,0.002205839315227499,0.0077930650330891435
-6.600259994190474,-0.009541287389690267,0.0018849539522651645,0.0094751231696854
-6.598140148216547,-0.010077403668329977,0.001929885811504956,0.005028338700692415
-6.5960731382033995,-0.013716887196607656,0.0026267083588426793,0.007584478565469346
-6.591530958924722,-0.010467752218128325,0.002343656749021335,0.008713336724071465
-6.589149699109452,-0.01042098262408817,0.002133384190782539,0.007957618743336834
-6.587065800873806,-0.009137803394176506,0.001779528690607863,0.00897399189029363
-6.5862568329375115,-0.013650313081447029,0.0029301924631112623,0.007209701140925839
-6.584760837717348,-0.013987218116325232,0.0027737505258649824,0.004053305026286798
-6.581685990446423,-0.006681617118517757,0.0016633503390825453,0.007212089188810564
-6.5805676552793155,-0.009674728519974458,0.00236851400122561,0.007295283589177519
-6.577489579362836,-0.008784239258190999,0.0022639475579345042,0.0075594963499352255
-6.574595000362721,-0.010505390250076305,0.0024415054353829563,0.007688705842163322
-6.573093579449999,-0.010939872666268304,0.0024572952787296973,0.0065222681094979
-6.569973358559406,-0.00834241823755682,0.001971780838756603,0.00299325432463302
-6.567154202154032,-0.007073479140064852,0.0019274559295171228,0.00944870880173178
-6.566561573532192,-0.010058004073432417,0.0019814183556187853,0.007482320955081231
-6.564440462804189,-0.0083652479494476,0.0020024927951075777,0.00753171095524568
-6.561453033496815,-0.01046579034404638,0.002340830530250038,0.006929771338424349
-6.558828337088906,-0.010812798281347043,0.002227285848359621,0.0015953691739130189
-6.557560914736334,-0.009857443387827477,0.0021193461422813957,0.0067613939387866345
-6.556753433847615,-0.011291986740416897,0.0023281882326734076,0.0033825346995135426
-6.553000351583017,-0.00663893916562,0.0016902903318726295,0.008136258246736717
-6.546917293003677,-0.011028588746462054,0.0021049248010950963,0.006875780429314457
-6.545766911713344,-0.00840664601437473,0.0020238988599340373,0.008674878793510279
-6.542508251112205,-0.017380645949070107,0.002908179427689715,0.004053314191668487
-6.54112261796091,-0.012500163144067685,0.0027021423683307347,0.0061854067923233155
-6.537023921990915,-0.013965268288151188,0.0029795561047905113,0.005313737395602013
-6.535175672308405,-0.00863571567150096,0.0017185682585854844,0.006123807966029389
-6.532605391564257,-0.011628612677147293,0.0025375197792224928,-0.0031014867396728747
-6.53058702052329,-0.012156821659003926,0.0022880552602161314,0.003671342686506194
-6.527871517713096,-0.010391553006068277,0.0021829157148057937,0.0024814772713855162
-6.524054173615204,-0.010609464958934126,0.0025790083831001066,0.0066662119718481575
-6.521858277058117,-0.0098748310365514,0.0023983141134571798,0.00015378475866655562
-6.5194940780375825,-0.012631453017766659,0.0024118743938907616,0.002916351981537609
-6.5166682429410425,-0.0065960420254606664,0.0016366415300459658,0.0086225969274779
-6.515892726833633,-0.008726457021764262,0.0019473043870309684,0.00232765898519496
-6.514728389698832,-0.011548678447535769,0.0022405747508223535,0.006238540858938138
-6.5125823300519015,-0.008493071712565007,0.0019098778322830597,0.009473038329415042
-6.508983014297427,-0.009583006774316222,0.0023587832329692716,0.007607249013510004
-6.50760247366656,-0.010276967322196798,0.0023724472465654514,-0.006565584536741673
-6.504742555222195,-0.010697820169990676,0.002205483153843689,0.003685444983330667
-6.502544126850636,-0.008555789587306762,0.0019922524061031584,0.004940823755832059
-6.501748317670232,-0.006896438014607463,0.0016350594208840317,-0.001520620966828114
-6.4986539421653955,-0.010438105787119255,0.0021217652354487493,-0.0023181835923712954
-6.496127900260566,-0.009712413747367069,0.0020889226907467775,0.004720135356509528
-6.494028597305193,-0.01153956650510908,0.0022942337995915754,0.00741771301899974
-6.491738878634619,-0.009545948804995779,0.0020256871209932154,0.006225259131662994
-6.488332796769431,-0.008431524316904164,0.0020029110230374786,0.007866977145958107
-6.486191216858587,-0.009376883610585054,0.0024138250264043905,0.005552190133943807
-6.484746003382291,-0.008438292643893812,0.00182582167339219,0.005693559085972273
-6.48416831716021,-0.012087372057401903,0.002407276788741405,-0.0008235259399200542
-6.480822217109004,-0.008576773448974966,0.0017694639341975038,0.007903757234419469
-6.479247642593273,-0.011395258540214408,0.002269944440948263,0.007602450559592803
-6.474850949843728,-0.01288040709127353,0.0024539617393129673,-0.00018133912118349093
-6.471859213589372,-0.009525793985062706,0.0019017827883718408,0.004309832537833848
-6.469309300349216,-0.009706777376069585,0.0019544787569321996,0.000984504859292397
-6.468755397502695,-0.0088116906371399,0.001969361405188899,0.005424602895223864
-6.466831042613386,-0.010157064982474904,0.0019436471934600225,0.007393169328771541
-6.4636528456272915,-0.011910349126737154,0.0023958495177271097,-0.0005135820168617709
-6.461463973844965,-0.012931782776268918,0.002473733909440913,-0.002296218911177802
-6.459361062242938,-0.012078144455190457,0.002456265392577505,0.0006555082580798828
-6.457984045616788,-0.008124738637390822,0.0019024192910984282,0.005776032740099723
-6.454961766304411,-0.008545366579590303,0.0018520410303854656,0.005262046160157829
-6.4507289974958715,-0.010202859491906583,0.002121623420062109,0.002326405676318653
-6.449695829527223,-0.012315618109862933,0.002385801965817327,0.0027604124749470394
-6.445960490547357,-0.010857008340420998,0.0021666159800935456,0.0070703155973249185
-6.444072527871758,-0.008845385206774848,0.002203384673007245,0.005353683654671761
-6.442178306253964,-0.011331256729468083,0.002122921708969273,0.002959075037597261
-6.43893250890979,-0.009085591991334605,0.0023168495825170365,0.003255639841023231
-6.436826575538324,-0.010753720822744063,0.0018686979125791378,0.002024762177867306
-6.435643502362966,-0.009332156864071536,0.001951355579445063,0.0031189879491630977
-6.431357318274402,-0.014586005142624692,0.0026178708403437646,-0.0038284488140492598
-6.430175120238241,-0.012284888384629161,0.002610999536595807,0.005487988287246767
-6.427789668856034,-0.008878592492152233,0.0019581102010589107,-0.004253839428001405
-6.425683963605341,-0.011544639342289524,0.002262701629601122,0.0008194086408876819
-6.420442348734193,-0.009464479648833663,0.0020273193913174737,-0.008252720727753524
-6.418052312690587,-0.00991976138592224,0.00239172891262376,0.007066646775041218
-6.415999721052772,-0.010526268979777887,0.0022289135893766364,-0.01819609272887328
-6.413186480521959,-0.009975603308246978,0.0021287435586844028,0.0027173410992040927
-6.410519157504076,-0.012069065982035342,0.0023837389755043265,0.005241114689192541
-6.407803421761213,-0.009971156840132455,0.002242484019115179,0.0033921624032838206
-6.407013605580712,-0.008747485391544055,0.0017486279195009396,-0.014407169929431037
-6.404383607396524,-0.013122962460338549,0.0027456345060784633,0.004826539850078512
-6.4032232471475465,-0.011423629439179407,0.0024439560404446066,-0.014348931546354882
-6.398912415077405,-0.014423208203224378,0.003040414593495066,0.0018511774475972668
-6.397562771694247,-0.01721386578127715,0.0031261414532788518,0.0019621635555535093
-6.394932211148748,-0.010383501444579668,0.0021704517560377085,0.000830325056448536
-6.393304167569971,-0.013351786963700426,0.0025362333824811858,0.001859595963470982
-6.392684559200479,-0.009355855217614341,0.002169202978609037,0.001271346643676179
-6.3881197843808595,-0.007969636987106263,0.0016593838952394927,-0.004235959727577748
-6.38714920095833,-0.010606363042794621,0.002155176024425457,0.0020223421095026625
-6.385466390473393,-0.012677652701566452,0.0022933095708143596,0.006968049583244091
-6.381877370354252,-0.010202074453654167,0.0020179967666594046,0.006308018943366863
-6.37972587332433,-0.008596879840601661,0.0020456856164616025,0.007812655473039916
-6.378123265253661,-0.009360817854172738,0.002057132589043428,0.0024541359000635494
-6.375134947605554,-0.007867669818173297,0.002161626773995445,0.005066611203089431
-6.371563426228309,-0.0107397980886034,0.002074116604212991,0.0020716313262984175
-6.37018424256108,-0.012116636587187007,0.0023206054107644887,-0.0059732171647908765
-6.366575993281423,-0.012641082371875214,0.002353665542871438,0.0017846795081739699
-6.3659318384946495,-0.012436301683504358,0.002760338281960255,0.000845034863005385
-6.364724123561059,-0.009658735636364074,0.0021385558389181345,0.003777274157542323
-6.36331794457506,-0.00993146372646945,0.0018095298071208845,-0.000247388499754089
-6.3602649418149975,-0.01443109157297416,0.0028902705909485842,0.006343094968987487
-6.3571564433833565,-0.011066377139806124,0.0024529078828470605,0.006387415606931223
-6.355724533139274,-0.009966773009182722,0.0022262168789329976,0.0062380247965439775
-6.352071658806883,-0.012251708817041771,0.002440183139913689,0.0035749917467116725
-6.349475506861741,-0.011420162995711247,0.0025632067947774376,0.005414916637871833
-6.347779065436179,-0.010038411544967894,0.002410887538513495,0.004227459555921762
-6.3468931115254215,-0.012936189311852147,0.002404509399773859,0.006692116968034724
-6.344829005207783,-0.014733499532459582,0.00299761760935486,0.003945522797125453
-6.342671465441896,-0.008066778243886453,0.0020608270652994246,0.004225421624586477
-6.3386917184212015,-0.008425563416087162,0.0018796871505061068,0.005512837911970267
-6.336739380816171,-0.01033700109217712,0.0020113710716281982,0.0020719220875236644
-6.335634642706482,-0.00953814169183901,0.0021605245230999445,0.007293384165351395
-6.333846629381538,-0.012876819585390565,0.0025561684477074815,0.004654472898071701
-6.329853955227154,-0.011597315357256117,0.0024366665321017833,-0.00708266048879236
-6.329054221028365,-0.010756584641130138,0.0022440560822438852,0.005960218573082422
-6.327394459437306,-0.012896965488294006,0.0026706020127786278,0.004504438263126005
-6.323935520094506,-0.00856254318089522,0.0018212518883721875,0.0017156984092256365
-6.32158532983963,-0.01067809678231409,0.0023543484831214318,0.006897212939660128
-6.319438758499418,-0.010623235306687477,0.0024364386046010814,-0.0034678048959470562
-6.316184135495564,-0.015845695332045728,0.0029468067603500153,0.006977758342638534
-6.315556911523875,-0.011809784881748947,0.00227657388749643,0.0019272017874418807
-6.314057370457066,-0.012707734690287594,0.002445675312841519,-0.0003358636777775062
-6.3123695673534215,-0.01494470180093202,0.002649940634331389,0.004695003096158411
-6.3077865752502325,-0.014224983233155162,0.0028716148636768004,0.006145420962466762
-6.306794780041469,-0.015000321725295423,0.0029754297655606257,0.002688686971527654
-6.302046021178169,-0.01506690692158235,0.002765803383990128,0.0037479659605543017
-6.2996873239503355,-0.011751593556108188,0.002223324386125062,0.00040495359918402114
-6.297405571143859,-0.014812378813838935,0.0026082337092814063,0.0009438948430974509
-6.293364934755829,-0.01270547377737049,0.0023449122939139975,0.002989653560058017
-6.291198138529749,-0.013381187929257552,0.0025906992833214047,-0.002779123686635818
-6.290308354078479,-0.013290334139249337,0.002363133760049876,-0.0003254753892425745
-6.288234231202585,-0.010405804455602307,0.0022439558084510836,0.002355492634373627
-6.286528359929688,-0.009370437505739479,0.0019313195594871959,0.0004852166079454924
-6.286000468760769,-0.010394186157440711,0.00221786344449793,-0.003376255247729576
-6.284176412472704,-0.01267358891854403,0.0026616839477395233,-0.006302085990246607
-6.279177587737655,-0.011855667117779082,0.002181624382015745,0.0022522026471455308
-6.275822434490183,-0.010293472264443423,0.0021754464428588322,0.0044976793963204375
-6.274432815407731,-0.012041727099427595,0.0026646357977856226,0.0034179179547576496
-6.271615203291816,-0.012225455569082121,0.0023161936229893305,0.005718953935415995
-6.2713193812408035,-0.010929960970717367,0.0024647270225349334,0.0019508708418587487
-6.267601232262997,-0.014196740294186497,0.0027082228208070796,0.0034701550666269418
-6.267254785377094,-0.011036586011622015,0.002095679580765491,0.0021790460306626166
-6.2667489157484235,-0.013424915195085768,0.002447146700605997,-0.0007835338811802998
-6.261701273829151,-0.013015499072192672,0.002870387572651255,-0.0006928382702303005
-6.26037544851806,-0.009605631857164853,0.0023269137212869923,0.002902232445967113
-6.2596372687864115,-0.011864729310424725,0.0025174319414846213,0.002753694844259111
-6.258483221506461,-0.010107876066667408,0.0021499696656870275,0.0039458154695502365
-6.256984720957726,-0.012688780641660635,0.0026350655286877154,0.002316928167059301
-6.253359657432765,-0.01218259828773059,0.0023118378131440796,0.003616816543641182
-6.252016352288655,-0.009669986173092289,0.0020679992943952942,0.0035809353432833886
-6.248817768636678,-0.012461951887810798,0.0024678937061301184,0.0018032597016813452
-6.245198050168169,-0.01118689873433646,0.002270291127675288,-0.005278819186725516
-6.243600068131365,-0.01224177411763529,0.0027747719014806593,0.0015888549385697462
-6.241563408009645,-0.011788966286545306,0.002770543388589569,0.0010743012530574725
-6.239258362350863,-0.012339597400364584,0.002326896191818634,0.0009786251678959525
-6.2376054718085046,-0.01447556957377348,0.003027564231065405,0.00452931728536245
-6.233298436085463,-0.012121850165454038,0.002369357730814856,0.0009865439406600161
-6.2325601895562235,-0.014160557562342605,0.002724398841939906,0.0028404769619469945
-6.22890389204079,-0.010203531034366976,0.0019591178869849484,0.0003618896291533071
-6.227500657629268,-0.01446526126673306,0.0030256522321090796,0.0029698723653162405
-6.224608313518619,-0.015832716442943765,0.002879319635672799,0.0023218625314961223
-6.2218547738299055,-0.014529495288991766,0.003044882794829371,0.003864278464420595
-6.2190809889044445,-0.015448295667843951,0.002873853909392972,0.004986301644591782
-6.215970048705278,-0.012897280445049631,0.002447390270444968,0.0034949640239877147
-6.213585250774268,-0.013283382348227062,0.002519363050016011,-0.0005223797796959777
-6.211609139765459,-0.015295754459839661,0.002928542351297258,0.00287858882382651
-6.205917638862752,-0.012549766730133381,0.002930462670254568,0.0026114988945400855
-6.204362182144985,-0.011534478373898526,0.002550907814558287,0.004905647432133061
-6.202047920227492,-0.013099628957339002,0.0026456452764120086,0.004086849559374696
-6.201198324022271,-0.0122591913345244,0.002392531887270717,0.0027541477491879163
-6.197403678497775,-0.014957178646528221,0.002734425612541074,0.0034707346004600992
-6.196731364907524,-0.014004165804974834,0.002774757201223542,0.002416616338532511
-6.192656882541357,-0.012724414645718234,0.003008363332338287,0.0005392582009750804
-6.189546740901645,-0.015103945637503743,0.0030637266205724295,0.0024325430641923664
-6.188281918554712,-0.008322691424867705,0.0019284344896320176,0.004126576606664729
-6.185079619727327,-0.012304170967926617,0.002173815272947158,0.0035734369667150055
-6.183578832342459,-0.014396721129981483,0.0032395526577678074,0.005970149632005865
-6.179630964368836,-0.011679931391054709,0.0021649032161588986,0.003360401800693772
-6.177359180695533,-0.014262616009951152,0.0026254153750939735,0.004199187819253819
-6.175203221357751,-0.01467842423748125,0.002674737542245621,0.0028343538910292187
-6.173293313752597,-0.014131846123989182,0.0028720120060509746,0.0028728816531995937
-6.170850459313182,-0.013024047848251893,0.002880660361746717,0.005907308029993408
-6.167134425319878,-0.007930335960737474,0.001789531826286948,0.003913710842775946
-6.166182196400187,-0.012591342065935013,0.0025890826293338445,0.0036032544181420927
-6.160790232840385,-0.011388475559097359,0.0023754986128789596,0.004660901489154378
-6.160426761463906,-0.013264175083084369,0.002438997824619049,0.002858085647147222
-6.15713539646602,-0.011100223562687873,0.0021710984505502054,0.002897123204929852
-6.15574287536399,-0.013768325695120572,0.002718349123640361,0.0035060835574120355
-6.150677549612793,-0.015862505499721014,0.002765691871708318,0.002258654492704744
-6.1491940185987755,-0.013363628920911433,0.002899644564999903,0.0034635625670662103
-6.14741035429766,-0.014545527964916665,0.0024451612590828077,0.002469591645530359
-6.144307557174239,-0.011743833464318029,0.0023201863519108634,0.0033312307071632287
-6.143630069061639,-0.014452383974930929,0.0025839222457700144,0.0006614926337980479
-6.1408704515421,-0.012128292625357008,0.002534926309455264,0.004147318680268448
-6.140288710612281,-0.011935142736457833,0.0022269788565140035,0.0024015313476256545
-6.134996989269237,-0.012440502630032596,0.002498374592733486,0.0014915367400118507
-6.133067158161754,-0.011825979765166191,0.002337287015684678,0.002361654139719307
-6.131382358279981,-0.011084180618304192,0.0025086032903290233,0.002078455309927304
-6.128876648035535,-0.016280248854886884,0.003139418606041857,-0.0022658530930096915
-6.124451494950958,-0.010990408671862973,0.0023259491421875754,0.004359105078889178
-6.123581671418052,-0.01204780264260216,0.0024520673340345327,0.0040713116701838505
-6.120773346696294,-0.013896228995858592,0.0026800871444773644,0.002220753216292917
-6.1194937613502365,-0.01357605754897773,0.0025387882170377954,0.00020001162141092518
-6.117107992911432,-0.013017527935267578,0.0026141632099421727,-0.0011342947740568205
-6.115127413303121,-0.01603706002384442,0.0028603171421347395,0.004364255828846695
-6.11113485259024,-0.011747351995192369,0.002462358423346105,0.0028029183418905573
-6.109459283115939,-0.01576311437150759,0.002884537145524496,0.0009389466496706112
-6.107318669528616,-0.012163564537282581,0.002465354094577948,0.00314974769049471
-6.104260348503478,-0.016491406246645978,0.0030894782915924595,0.0021330337570864585
-6.10172209109863,-0.009781142953993667,0.0018868618969244916,0.0006369116958192031
-6.099075406234087,-0.012545290782739957,0.002445113199594892,0.004801624687322189
-6.094723189308882,-0.009656971247841643,0.001891285134196012,0.002231054011914578
-6.094251248730293,-0.013692509857150594,0.002364386528838304,0.0011705181205693108
-6.089895273646662,-0.014454786231520439,0.0029414607015384726,0.0004576661377850986
-6.0892873699512196,-0.013648686206487563,0.0025923280653951546,0.0029472135578102955
-6.086573392624002,-0.012529173174174133,0.0026473601797575995,0.003433111622595851
-6.085155833169594,-0.011878323551966333,0.0021944070613559075,0.004458357046513743
-6.083515864763338,-0.012417965302870686,0.002495751470088984,0.0018277296703526759
-6.081030822657022,-0.011442915746953802,0.002248623710779867,0.0015589977526999494
-6.077393472602974,-0.012649627988245295,0.0024472679763342608,9.369006836437032e-05
-6.0766799112431285,-0.012797870959337434,0.002617345701532964,0.0004447761503863346
-6.075761999864805,-0.012940826061081885,0.0023980359569274914,0.0027570341527267885
-6.072515143255285,-0.014757629359309224,0.0030914272666692066,0.0020972085269496815
-6.07056132320156,-0.01327968067236874,0.0027472186135428676,0.00216896840695776
-6.068775981803928,-0.01513476642566466,0.0030308670416657095,0.0016494336408670023
-6.066680817589555,-0.012769242494452665,0.0023579256971968054,0.0008799090726123251
-6.064855703846107,-0.013485143921039259,0.0026275276401914044,0.0022973036414562858
-6.0625900946956435,-0.011603829702484886,0.002562976993992613,0.0022177682242667455
-6.0581392535246685,-0.014075720316445486,0.002787869066553168,0.0015433034276241043
-6.057282620244862,-0.012828759371880922,0.0026875029422291975,0.0020912761934617488
-6.052844739332862,-0.015214051504439628,0.0027682542042476352,0.0031811304369005855
-6.048796344097122,-0.012652102071506598,0.002604268339122296,0.0017951271159725101
-6.046975295776693,-0.01313132294446744,0.0027679817700126063,-0.0024078067745229056
-6.044334575693374,-0.011884831909906803,0.002564777008689543,0.00035435904440263917
-6.042740486997871,-0.014432179300904596,0.002995313222014041,0.0012096257806399283
-6.040991045256657,-0.012265121726723708,0.002407080693580298,-0.002151311421316172
-6.035610173012464,-0.01468916817532079,0.002802829330883841,-0.00046618046501678426
-6.0336158370614745,-0.014284993212723139,0.0026279681296556942,0.0022620726265751923
-6.0303269130048625,-0.01233833947890695,0.0024646470860458457,0.0010983398825728241
-6.028169192948844,-0.01436143315508783,0.0025662170164882127,0.0011485834856021907
-6.026237237471327,-0.017357457542602733,0.003072841142331128,-0.00021754020767886467
-6.023941036536959,-0.012067073735408693,0.002595926110025853,-0.0010330946940487345
-6.022763969653403,-0.013828358612201759,0.002465377766731821,-0.0021973825952570614
-6.019191831572858,-0.015180976189286894,0.00286031948832647,0.0012263891530172942
-6.016085425290158,-0.01681039389515495,0.0029698052722911994,-9.728271564055504e-05
-6.01260807511671,-0.012984046528261668,0.0022355838640883627,-0.00019161680911293196
-6.00998800142496,-0.01483721738535443,0.002687347326580554,-0.0003140325965153934
-6.008763173879215,-0.01900706749616276,0.003500944503596684,-0.000614757262114769
-6.005790949154739,-0.014449219268914754,0.002971984434000708,-0.0003928459988766367
-5.999135768277065,-0.01946867726890683,0.003473652193641457,-0.0034437764927714846
-5.997530326182063,-0.016318904120938418,0.003097104298689938,0.0015233707425378088
-5.995178173936091,-0.014069943500856153,0.0027779158341079634,0.0012306564388529966
-5.99310859196477,-0.01810263497791347,0.0030133870338519327,-0.0003542317588341913
-5.989926728362503,-0.013040858751701316,0.0023688950465663057,-0.0017339275360158451
-5.987219659529639,-0.017328792139608265,0.0030379642078886796,-0.0018770639045212715
-5.9855174795981565,-0.016138107346095287,0.0029340253492328295,0.00030809638396320867
-5.982475914395455,-0.013854459600801833,0.002692230386740787,-0.0005597409503442922
-5.9802698624901085,-0.018001021993113483,0.0034126149010025864,-0.0008266087810319241
-5.975328851536934,-0.015970896513217713,0.0026686706358366257,-0.0006912797686306137
-5.972334619332079,-0.01486920726238308,0.002607491301840252,0.00014486007440581
-5.968789901865709,-0.00992602664774203,0.0017992032243833716,-0.0011008145287418724
-5.966333354948777,-0.015757913360874325,0.002569020262120858,-0.0008173528698533088
-5.965978726682385,-0.022830713979832117,0.0036291478072103893,-0.0013973244715433841
-5.9631416161609705,-0.014024298163730395,0.0025005926985238423,-0.0024684043380955242
-5.962383844776271,-0.013617183849431055,0.0026585540368540615,-0.0007531930654585882
-5.959164653049261,-0.016046139009657224,0.002827418726784628,-0.001482816187610803
-5.956370604030724,-0.01752148113540074,0.0030566222979319653,-0.0016386018810531217
-5.9497948166703685,-0.013620492236085023,0.002502286218969172,-0.0016742249246889252
-5.9478071534836445,-0.01410225471365224,0.0024163822687566956,-0.002345708210157862
-5.9456357484857545,-0.012928342624963196,0.0023098895982048727,-0.0017909601020584575
-5.943755593488464,-0.018177068235489938,0.0030056563118649876,-0.0029556293293831457
-5.941162000219774,-0.016217467722834132,0.0027637015884245443,-0.0008427715462673128
-5.938035202358892,-0.010632961161278357,0.002043483710973985,-0.001991344143930426
-5.936586541376691,-0.013853609338058862,0.0026771936872949913,-0.00295658750764664
-5.933973756594897,-0.01576966223711162,0.0029530242385243013,-0.002338376477911841
-5.931697873949614,-0.01120000082575015,0.0021057791014364993,0.0002619103668776045
-5.928892857436588,-0.010485150518898497,0.0019378845024119046,-0.0017136601391156909
-5.927541972403669,-0.01339130217100886,0.002199782398093243,-0.0013808663751055505
-5.927261115750014,-0.01692469281059207,0.0029002412553132744,-0.003141399658750626
-5.922765672121487,-0.01726638278365842,0.0029607513498779467,-0.0027473106628245854
-5.9191445569806245,-0.014953461502681164,0.00269240614459544,-0.001947476446457194
-5.915601370735131,-0.01281563421063784,0.002287697002450057,-0.00045929134520896755
-5.9123295117378225,-0.016959023305639677,0.003063014780388635,-0.002286125491343856
-5.911659230156226,-0.01469213868226761,0.00262920866936766,-0.0029283316116596055
-5.909245490176233,-0.013663199540361963,0.002590872663253534,-0.0018228047340694959
-5.906586099851397,-0.01618291181793461,0.0026853450794614843,-0.0031278131151494665
-5.901872306481398,-0.011705105413119702,0.0021449083032631247,-0.0021315748886165825
-5.900775675071766,-0.011402936923636229,0.0020274667751275454,-0.000903233381859891
-5.899099558004616,-0.016172098878433305,0.00270595259246411,-0.0008784732904065657
-5.897147745800224,-0.014613346251417076,0.0023988357198821294,-0.0021238888798945587
-5.89490422875026,-0.012849067571775214,0.002246505323409034,-0.0033109468738055686
-5.892388903003138,-0.014265281439737647,0.0024114614096200845,-0.0023521344259718156
-5.891263474260839,-0.012200412321196077,0.0022282694271313504,-0.0015744009495271647
-5.88632461078529,-0.012700317163497156,0.0023068722939724377,-0.001814251825930419
-5.884182286753576,-0.012949918207989292,0.00227254466319624,-0.0007919663204565344
-5.881683500755844,-0.014077199574875838,0.002457679635134684,-0.0029410746053993267
-5.880653881556721,-0.014856012795574833,0.002716638634606977,-0.0027217199362012854
-5.878286456508004,-0.012091839634606036,0.0020165295769985127,-0.004743042348261568
-5.873596290864391,-0.011823818983465925,0.002293767603704932,-0.0019268879508275365
-5.872124984133447,-0.013089580440172463,0.002351809338682616,-0.002268796749558982
-5.869318392718103,-0.012991210710766707,0.0025045802972015305,-0.0028129141347821365
-5.867993487541869,-0.013085451568923753,0.0025026942219342546,-0.004433362624955355
-5.866461312395001,-0.010122117172902043,0.001943618860999789,-0.001431243163502963
-5.86367462587307,-0.0138564379675379,0.002351437836037781,-0.0023363562039092406
-5.860012551513586,-0.011615510256677935,0.0019267986865347975,-0.002378187624398932
-5.855969688943779,-0.015296944825825002,0.0026400425073704074,-0.00413029988747259
-5.853684266974496,-0.01249161301228629,0.002163608016732384,-0.0035711930204640778
-5.852033219089052,-0.01191374766569598,0.001927653314860163,-0.004418581050118669
-5.845157243494254,-0.017393668721260122,0.0029681675044310684,-0.004361114976404091
-5.842779206337509,-0.01346709726721448,0.0026384777880486773,-0.0017542886438029453
-5.842430287153925,-0.014684768771862625,0.002454785275068373,-0.0041074498291032765
-5.838202803269272,-0.012623825360188178,0.0022718901889347025,-0.0020530773380117457
-5.836728745395667,-0.013135853030548107,0.002325804225430203,-0.0029253203153340825
-5.8343555577346065,-0.019114248989479072,0.0029280419781116656,-0.004119407920455418
-5.831894234001069,-0.01562925690452465,0.0027371736930232263,-0.0034977309976143662
-5.829809842745559,-0.013639564326726477,0.0024523000756743077,-0.002038516112523496
-5.825793845555793,-0.01349153027596682,0.002496143881075384,-0.002700204912285904
-5.824601590304394,-0.0162287334810727,0.0027585770034463004,-0.00379071777513869
-5.821173200366273,-0.015860842451323933,0.003070188838274246,-0.003139524166245441
-5.818064659845616,-0.014022706163605292,0.0023271305204728096,-0.004210173835892012
-5.816047000659658,-0.01828006370075731,0.003064161537207222,-0.00433691209933849
-5.813264865371073,-0.0185632637400462,0.0031285284098345923,-0.00642282563362688
-5.811794087742999,-0.018547370450591887,0.0030207713340306705,-0.004425882102484591
-5.808417555144769,-0.01685304877705872,0.003008533141493168,-0.0037323491362943775
-5.806237919402554,-0.014456057618270188,0.0025264071526130806,-0.002686224321724043
-5.801707515491486,-0.010655233618200685,0.00207742369404078,-0.0027745516783214924
-5.79876661106588,-0.01687208782601519,0.0028965961750217584,-0.006075410646029693
-5.796560670714115,-0.012877557475228722,0.0022521847251673276,-0.005209730569054833
-5.792432776430326,-0.01435284363702807,0.002500113293286115,-0.005959892874746915
-5.789501896378289,-0.015395088466364743,0.0026593620758816002,-0.004982685695853826
-5.786411156212735,-0.013148604285104412,0.002326236405811183,-0.005267018422783629
-5.784136367829822,-0.015632569274434037,0.002773360654549134,-0.003847739548903241
-5.7819570077355324,-0.015432586399484815,0.0027266435574997117,-0.00723357176768863
-5.77738643817609,-0.018141250537427864,0.003029219017508439,-0.006309929186328526
-5.775903397724854,-0.015476307063635812,0.0026189765200605097,-0.004898551136410987
-5.772727731410823,-0.014088117324435488,0.0024013830111258455,-0.006514129656145805
-5.7692475193614605,-0.014731816446357737,0.0025871702641591028,-0.008607944649210475
-5.763573695987453,-0.019023532142804143,0.0029061065629744183,-0.010984690368559306
-5.758694207735596,-0.013861580254842519,0.0024860510200788617,-0.008253209041182647
-5.7575907580794645,-0.011749287960226335,0.0021128887830606648,-0.005442578716036837
-5.755673668032443,-0.015130333757249738,0.0026587556347224916,-0.004895340565356722
-5.754410128305242,-0.014344831977412575,0.002465650995888424,-0.005472910396186083
-5.749303407419104,-0.01165629111966967,0.0021430424293742614,-0.008207785509373039
-5.741648916372264,-0.009048258251081576,0.001675974165885301,-0.0052292425212445755
-5.739612852910566,-0.011207725099307536,0.0019113180676200057,-0.005335865939591479
-5.7372018544531915,-0.014464967660118526,0.002334678995327602,-0.00732121256531849
-5.735975379925172,-0.013226335156700643,0.0021194699393213387,-0.008641648099859851
-5.731781622274651,-0.01051718428547702,0.0019713548072555717,-0.006149292042271344
-5.725654622599508,-0.010633530462796357,0.0018054897249417609,-0.007577393481131624
-5.72455899367765,-0.011526039781800288,0.0020899133360809574,-0.007825295400789092
-5.718977731348663,-0.010187121351938685,0.0018168336211707627,-0.007421768625938228
-5.714877879647281,-0.010752055585879845,0.001787604622266689,-0.007124055298917616
-5.712420441629767,-0.01195045497294743,0.0018685258581922787,-0.008030394005260025
-5.7097836215966575,-0.012874993258315585,0.0021326252463499617,-0.008585241041555974
-5.708460153258933,-0.011491887778229105,0.0019256032958448071,-0.0085509270139107
-5.702258344849705,-0.013313105571441792,0.002375403141122587,-0.006834761753438987
-5.699068785081461,-0.008609333449636459,0.0015077095101003368,-0.00699371553727002
-5.696787998397665,-0.01521765670817356,0.0023464893472622973,-0.009663428403652368
-5.690435542157523,-0.012048961891655151,0.0021429549889990193,-0.006691355016746155
-5.6870713131311845,-0.01026864896445743,0.001770672413580309,-0.00385149928287228
-5.682285561353499,-0.013076476479994789,0.002265781012087073,-0.005753936367898128
-5.680382178784651,-0.011426145089555882,0.001799874139800182,-0.007820675253091562
-5.676152793131215,-0.00975855664966522,0.0016210101397449634,-0.009311294620083566
-5.672388899859657,-0.013224158815521013,0.002121867010184063,-0.006977975635678919
-5.668273083929074,-0.013743537190663,0.002199117327588715,-0.008406557149156219
-5.665375185687724,-0.009803903894938265,0.0016835717528222124,-0.005190949161271706
-5.659741131944821,-0.014314398334996562,0.002366673291890505,-0.007305705779062568
-5.656163737595679,-0.012351555161141708,0.0022037347993138293,-0.00814598356611592
-5.654492114360707,-0.010684202313641249,0.0017228830556323064,-0.009762457821439547
-5.653255357484023,-0.012650549470174044,0.0023338733158635716,-0.0075384288549189445
-5.6454720631632975,-0.009358766268339293,0.0017782591217215416,-0.007856081205238135
-5.641312118104031,-0.009618323981227654,0.0017382525269178401,-0.008337307524799404
-5.638748513920156,-0.011887091148021068,0.0021479965971452123,-0.009108032076539756
-5.636330319189789,-0.012930385969744775,0.002174993595681587,-0.007967422149679814
-5.634626267347846,-0.009149323241429926,0.0016261815396281716,-0.006899645320280074
-5.624779276496748,-0.01403131567402704,0.0021682993557934596,-0.00995463000368246
-5.622175503429157,-0.013543157636359226,0.0022597024044071078,-0.010554937993853819
-5.618096456791644,-0.01203029788771449,0.00227076139845707,-0.007498408130266575
-5.613035455782787,-0.013135626388636358,0.0024043177053314382,-0.007563533066305829
-5.611404901067968,-0.017072176632734776,0.0029087114034447173,-0.008122955470680189
-5.6088738650028755,-0.012775235734336012,0.0020728315144876914,-0.009334973982403726
-5.606094547004214,-0.00926611532164672,0.0017391868503750577,-0.009470116004037516
-5.5989213433813365,-0.014393547081663073,0.002577367207040868,-0.008406941665214987
-5.5893496154830755,-0.012905986003179992,0.0022491829990265375,-0.012607983211112447
-5.5872530489078285,-0.008265118295935287,0.0013716593289472556,-0.009721044243797121
-5.577734803789176,-0.016898561941125895,0.002433821492862166,-0.011931964132632806
-5.570365231654332,-0.008650137518513784,0.0014151130666835764,-0.012176172184337477
-5.566974589222207,-0.012570778913091225,0.0018228132260144434,-0.011155265479180419
-5.56326300789943,-0.009538892368117615,0.0014491160721035715,-0.0120645487343464
-5.5591712547037195,-0.01104780418916918,0.0019133641801145841,-0.012406706189610229
-5.545079435450069,-0.011480246285385557,0.0017425633359459164,-0.01099858382096596
-5.542660322208879,-0.008096183566831726,0.0013952182243359465,-0.009652932267860547
-5.53924971685017,-0.008605101194995817,0.001579810475212518,-0.010429136932633119
-5.538626700201254,-0.012197017238159902,0.0017889391349613253,-0.010198066941858038
-5.529755262268435,-0.011290353999565786,0.0017058731947413163,-0.011154225069902749
-5.526615992568495,-0.01030583441626991,0.001574830172856001,-0.010690815769921353
-5.525175970894611,-0.014320578807313862,0.002083125231804139,-0.014713236488983383
-5.520679615614576,-0.008672756265780507,0.0012627477283220858,-0.011612869061732516
-5.515522536630748,-0.008811987047937404,0.001248146673071981,-0.011717750423390377
-5.508729904303222,-0.007464189722815224,0.001141765836730626,-0.008144860193727945
-5.505041887907764,-0.014291470007338814,0.0018657028628467564,-0.010188059530337325
-5.501036727077456,-0.007118926737922356,0.0011643783393646236,-0.013622249011134914
-5.494928898040158,-0.01089051409783195,0.0015750087527799039,-0.009920298148632085
-5.486250206093956,-0.008179654309750978,0.0011807522351646234,-0.011520548520678603
-5.480393783523464,-0.005540002334087795,0.000828551138215703,-0.010032102742803275
-5.4754594380392,-0.00915631253411639,0.001436179025317768,-0.010608772666303773
-5.46269574248925,-0.009220699763907575,0.0012935886896698876,-0.01052974845756696
-5.458898607151103,-0.008280417658914907,0.0013541348095597215,-0.010587378575703368
-5.451672019548494,-0.014891748123246366,0.0018885026303334283,-0.010485257493913037
-5.448963559178694,-0.01253680679445333,0.001837403336933663,-0.012214743524437348
-5.445811155465651,-0.008293566792185026,0.001204334976162393,-0.014440508305310445
-5.441264287436491,-0.00781668299577349,0.0012463549833010123,-0.012251196540577955
-5.416352422931151,-0.007761749905577183,0.0010947512293720608,-0.010222980409950047
-5.411174250587342,-0.008224850504641664,0.0012432844642003642,-0.011574987485491281
-5.401600089468469,-0.012416606335707701,0.0016622225365933872,-0.014657072762786397
-5.395936626398106,-0.014279328475450225,0.0020510251450218515,-0.01768102142200121
-5.395187714888434,-0.015151445256234818,0.002055259241007197,-0.01770821814955919
-5.387946859907863,-0.005577092610798878,0.0007713909977792234,-0.010987346775591255
-5.373875223764123,-0.01046207383824268,0.001824512714539931,-0.01332925605729839
-5.371513670363305,-0.010724974594730544,0.001498735104422025,-0.017534456268911605
-5.35172969552439,-0.007744685520574547,0.0010810465405106228,-0.01622391973177976
-5.34700515783004,-0.007182369943893792,0.0009175863585356166,-0.014212943535008104
-5.332308402542271,-0.004264990201639845,0.0007117737000281731,-0.013222363461363419
-5.330126880087418,-0.0040236736136398405,0.0006383150546560766,-0.013006744095566139
-5.323804749262151,-0.0036119446183939872,0.0005503521314307869,-0.013102276167643066
-5.297318618304603,-0.00909275530808266,0.0012548390771468811,-0.02590840376521336
-5.281769881266023,-0.010023291942565722,0.001420490567771839,-0.025140415182367842
-5.266227198284007,-0.0037730636447940308,0.0007069265754299179,-0.010102110366988036
-5.247127967543319,-0.002813343065527731,0.00035745767032080314,-0.011440714148908486
-5.244024154898321,-0.0028350838344520283,0.000483697721616296,-0.011536393150492704
-5.209177934735702,-0.010180393228478144,0.002767447387974108,-0.008092696964606379
-5.187070577809138,-0.0037448448740045803,0.0004652566193286346,-0.023041127628740738
-5.1814704479632185,-0.0032002884279152136,0.00044183801978882873,-0.022976444504196548
-5.178076167150142,-0.004473515729306256,0.0008389708838681945,-0.019599859380346186
-5.158822537369368,-0.0024508295198961676,0.00014329190070317945,-0.0071437095872467615
-4.998275599132075,-0.008220818695853801,0.0010401817766651953,-0.0045817910066382785
-4.977871497644393,-0.008034186722848226,0.0009865554808496319,-0.004903738350413302
-4.966188592056952,-0.009332710024553383,0.0014988647493340427,-0.0027617886989885726
-4.927578974621405,-0.009559826363845746,0.0015140646523267643,-0.0034013011322289927
-4.921074330362327,-0.007526336422484654,0.0009592667392300513,-0.00547340047473535
-4.899019604681527,-0.008980400428556008,0.0014552502356246027,-0.0037235040640967053
-4.820706700487644,-0.00925356237294313,0.0014629918894410816,-0.002868832214627645
-4.314649963163149,-0.05879476487314254,0.004791426558506272,-0.976230285804226
-3.9406482638608016,-0.08636172157401249,0.0060251474711746356,-0.9996227566746517
-3.903996871548797,-0.08149227831158279,0.0056170354291441345,-1.0086750010829506
-3.895539040057325,-0.08427313027608495,0.0058887157418755914,-1.00353634096766
-3.610463073260218,-0.10922595198398559,0.006519049195842161,-0.9960953019543243
-3.594800353470735,-0.10001689855454204,0.006039536452730664,-1.0157934032748195
-3.581648338994558,-0.0787445430438709,0.00517406907890985,-1.023990341422957
-3.567651316159113,-0.12375121245327818,0.007335441572031346,-0.9939103809720805
-3.5373244610117163,-0.12249873136229977,0.007264916679552233,-0.9879630921619065
-3.48022297645757,-0.10854294696880562,0.005638874606718355,-1.0178093082262056
-3.3445073214790275,-0.1271820938140073,0.006716046960671625,-0.9609761766782081
-3.329403398661991,-0.11248207663082174,0.0059793773552033296,-0.9597162056253575
-3.313848502353161,-0.11026424149983037,0.006242168394084042,-0.9641886010595092
-3.3083905986031574,-0.05314815879990394,0.0032534492548684374,-0.9949386886551093
-3.3000226163059323,-0.10113794925300336,0.00552743165615087,-0.9720352458796816
-3.2889808141491943,-0.1083073535339417,0.0061133304670310355,-0.983543404818573
-3.276813054458559,-0.09462285306849795,0.005611525329942582,-0.9760888831361817
-3.1725252240668116,-0.12643069469067675,0.005174137517626151,-0.9332919705086359
-3.1552837859566267,-0.0991606968730377,0.004488045558558764,-0.9241609028666798
-3.1464472223056696,-0.09538979291917729,0.004000894764433243,-0.9257018108124587
-3.1442903983133212,-0.10745768656110162,0.004459863601068166,-0.9489306879202402
-3.1213811658599178,-0.09803958678108878,0.004219150484140606,-0.9306025903315663
-3.0995422419160423,-0.12989079785008578,0.005973909670597957,-0.9153010095527608
-3.094872931370634,-0.10026300479537452,0.00452882371292602,-0.9244573587234025
-3.082387176764227,-0.12843882806736162,0.005419099506334203,-0.8885774879718454
-3.0737274801958288,-0.1395602354296448,0.0066741251059320664,-0.905707160758227
-3.0513763723602576,-0.162303887981972,0.007188149959293797,-0.8735224036605046
-3.0452897442627718,-0.11968999961670755,0.005947671538668024,-0.9089066681975279
-3.0296648874483845,-0.13976922221600604,0.0056283957680095835,-0.8567208020537063
-3.022902899782198,-0.1157251499721686,0.004576952097779105,-0.8814449468018334
-3.00303472454166,-0.1346423269571794,0.004886940173473032,-0.8675736328050776
-2.9968035317464112,-0.08768384335646791,0.003217093233167296,-0.849977228756813
-2.995770913353922,-0.08992865982575948,0.0032554111466334117,-0.859176935633823
-2.9835888238259125,-0.11620815434620908,0.005282044397989224,-0.8978631417107998
-2.9771169892801246,-0.08597473247621099,0.00324113488363309,-0.8618338775095356
-2.9678580426185284,-0.12923267616082432,0.005001846073227648,-0.869670160364528
-2.9617896258960417,-0.08795209259819264,0.0036647897129383393,-0.8598018544351307
-2.9487954634794447,-0.1128117104774708,0.004289495617981925,-0.8308631995286859
-2.944417986229218,-0.08285890782085316,0.0030736992215872417,-0.8461758257405235
-2.936003572692547,-0.08485501691342602,0.0031177288100457962,-0.8458135856232704
-2.9237568013383193,-0.054195642977172866,0.0022268488704249158,-0.820467852118838
-2.9073161354892783,-0.09239177636659156,0.0037475428487477405,-0.826514208946993
-2.9023076245614923,-0.10561502405383706,0.004229721209011043,-0.81494707630613
-2.892119613926283,-0.09064161890805703,0.002758681268829161,-0.7959904454162243
-2.8887132903652315,-0.0713259109700741,0.0024953138209496614,-0.8377391485592818
-2.8736768532726296,-0.10424644472221944,0.004112409782310958,-0.8152501880308145
-2.8593828678502513,-0.1414214246750853,0.005128111264368917,-0.7990361262217214
-2.8536891910121267,-0.14164468363737356,0.004849614422281517,-0.7933321846850804
-2.8381055530384667,-0.1329069013269162,0.004664619628993159,-0.7816221406637717
-2.8352234729207995,-0.14767587209315,0.004588998263813816,-0.7584525237240769
-2.8294186325651447,-0.12767052564095902,0.003167164873578871,-0.7688205069750591
-2.8175777625494263,-0.14183470033648943,0.004959755858349919,-0.7871193403418986
-2.813911875287322,-0.14440202013740536,0.004795690907322429,-0.7886649714213042
-2.8059878438750223,-0.1396152839114447,0.0037241185827246535,-0.7558162545058196
-2.797035868501179,-0.12352687174811748,0.0036010832474916788,-0.7918732742406753
-2.7824686645518053,-0.1334631508593066,0.00420477980181786,-0.7832448350229155
-2.7813027858494963,-0.12667440160432128,0.004007198164890306,-0.7893473209698584
-2.7707586297740843,-0.15575943328053587,0.005039518423407686,-0.779102317577383
-2.764941684823268,-0.15261836518454622,0.004067694891542722,-0.7735595504769244
-2.7569303931097835,-0.13296926198843492,0.0038039429949303255,-0.7536666969856716
-2.751706306655621,-0.13598575931083923,0.0037018100996220908,-0.7727369856802951
-2.7425792954657684,-0.1755948134455997,0.005534625770614,-0.7586704432045019
-2.73700613310872,-0.14685549430930137,0.003940828564092017,-0.7279459237962639
-2.7268911053100346,-0.1482636751781234,0.003465987891546168,-0.7278299035823778
-2.722043861214879,-0.14356259929503565,0.003618492589380553,-0.7458645576831968
-2.712760246159557,-0.12946294295833516,0.003732286801066557,-0.7625619913055263
-2.7067632788528755,-0.13097656951087241,0.003435039739986993,-0.7529492727964491
-2.7052459819631918,-0.12230245709692918,0.0030031677867860865,-0.7133059268418723
-2.69513240808267,-0.1303550704759249,0.003969841854499446,-0.7228339843074385
-2.690283287872288,-0.11986698867719393,0.004106008273745149,-0.7633921766479739
-2.682958179062942,-0.14794413507174653,0.0034505938499250653,-0.7254440941903311
-2.673635234413909,-0.10025537540529396,0.002980142263209162,-0.7510376837667858
-2.6716638773647827,-0.10093030721326857,0.002276795933755294,-0.7278307509624825
-2.665557720109976,-0.11513914332573248,0.0036640212854436465,-0.7870459289560728
-2.65946214030968,-0.12819661203009,0.002702609595782685,-0.714651582846717
-2.6558345625924966,-0.14039240183031124,0.0037960298520569973,-0.7634637065133262
-2.654114256482612,-0.11126556833163416,0.00361770048366403,-0.7773144674813687
-2.642303060130069,-0.10445674420374337,0.0023746958739117533,-0.7544915739754723
-2.6380728924711137,-0.1437232424527563,0.003060586134501355,-0.749924637984457
-2.633314544885526,-0.1478708088620226,0.00231590697988661,-0.6998056417525731
-2.627082177102372,-0.12320150007315675,0.003847167436360566,-0.7271318448719483
-2.6187493510187427,-0.13189987455847918,0.002856469211887443,-0.7242733783449173
-2.6077228524691165,-0.14547692952311814,0.002977577724969632,-0.6859093399124526
-2.6052212687315612,-0.1617058549811491,0.004843004629052972,-0.7513116867726202
-2.600287728804743,-0.13265744389478473,0.0023242831978713416,-0.6861812459545937
-2.5932440607362754,-0.15422135716819624,0.003368005806116645,-0.6770551581776374
-2.5841010069466903,-0.13306605055709167,0.0016798136141838724,-0.6887169805150516
-2.5790725330720123,-0.14874742497636306,0.0028183327335843346,-0.6885599001608704
-2.5743879410700665,-0.15940951461547628,0.0029680952478493483,-0.6746478928256995
-2.5723904909226887,-0.1323333588442557,0.002522264876162,-0.6667819952695262
-2.554334585430313,-0.18319965916044245,0.0024016413408460085,-0.6356468272819601
-2.551424109789327,-0.17912683935039694,0.002970563996290938,-0.6550636532497552
-2.543055880309518,-0.2165906887159633,0.0022975319826935986,-0.6121439938820633
-2.5394312796373337,-0.1591760619309486,0.003575408514106003,-0.6539117878664419
-2.532074693147823,-0.14438128258202787,0.002521179935413614,-0.6441899831410576
-2.5285750765439174,-0.17454861668632896,0.003284005700084257,-0.652921197330127
-2.520689008370875,-0.1640918128697552,0.0019159184213896547,-0.6139295378936541
-2.5135542710909973,-0.2057536978153612,0.0010259406341307778,-0.5505279126999932
-2.510296958637047,-0.14727433700138706,0.0017711538667015577,-0.6342160413523737
-2.500617891442043,-0.17095954908798508,0.0017720441438521797,-0.6042002591048378
-2.4968621819573866,-0.13844213255058188,0.0027562493421877717,-0.6812642275149219
-2.4909139339268638,-0.20105689981565739,0.0020390071323657635,-0.5739553566182897
-2.483838814740996,-0.22325412087408048,0.0007455217654671425,-0.5290005412031733
-2.482594713082088,-0.23374680521750568,0.0012353094673508498,-0.5386873061135554
-2.4799751906506273,-0.1962699785842442,0.001890007141577489,-0.5633045126396263
-2.474179412599205,-0.17937990001004858,0.00255002147327815,-0.619518605695382
-2.465501317520222,-0.13532993229211765,0.001217251783752429,-0.6193206454292802
-2.461077468174432,-0.18350327261606375,0.0025765595020096708,-0.6280120019611602
-2.4536246924762577,-0.22493064847970842,0.001669685291814829,-0.5800254693558727
-2.4458438386544987,-0.23455291479184215,0.0023056713932538037,-0.5560121017029752
-2.443862789907811,-0.2100979865635414,0.0015100824561810873,-0.5340323161623003
-2.440125332221397,-0.18311616792550087,0.0017250935929583706,-0.5745428254701551
-2.438175387327661,-0.16807907536680441,0.0010569095995737767,-0.5628116527986339
-2.426370159890421,-0.15195015140202645,0.0025860672457105947,-0.6014115248736196
-2.4214022448903743,-0.23614110033450927,0.0004628611122585526,-0.4870101635823144
-2.4154546902152245,-0.2342268941221663,0.0005714323874882087,-0.45650390079860387
-2.4136665800078627,-0.21511134091887596,0.00028490136688635756,-0.4707923679934921
-2.409720318168572,-0.2766180787758582,0.0010877180597919716,-0.4778690007293525
-2.4021347338482064,-0.18966332729989838,0.0002719411179770556,-0.5755461610635505
-2.400178045213619,-0.15425975722347401,0.0008770405914675056,-0.6137712276250337
-2.3944582078639836,-0.18090836318771475,0.0011158372586179423,-0.5650279716665252
-2.388968504667274,-0.17505073784033384,0.000929146192589632,-0.5969128748968014
-2.3854386066694566,-0.2130406098658455,0.0015920626336949153,-0.5765479888144754
-2.381862830533834,-0.17750164730446516,0.0018335618694713535,-0.6394285003822076
-2.37778228941545,-0.21190216218372265,0.0009026251197360502,-0.5567904838406599
-2.3676850753999026,-0.1823010552666838,0.0014919282305596304,-0.6013356637198694
-2.365453297921674,-0.19472089578828028,0.0014652605027862303,-0.584764927600931
-2.359781431051308,-0.14820850923274295,0.0011406303882918213,-0.6057991361825054
-2.355068988116308,-0.1910234378642682,0.0005118059735266356,-0.5695463808675629
-2.3515951585674473,-0.1380371286854311,0.0009711471118137055,-0.6350656117153117
-2.3494232524969787,-0.152625149465205,0.000958158788627542,-0.6138968680818343
-2.341128520434717,-0.1368208203063358,0.0006549510453465873,-0.5897581729479119
-2.3362669951764645,-0.1596967207903385,0.0007546734240129952,-0.6111691923579401
-2.3240268672783158,-0.1519950904664927,0.001187940930327519,-0.6180341639223165
-2.321051288149399,-0.15875702545505335,0.0010022465297268037,-0.609995423301149
-2.320210464093489,-0.1808617258841723,0.0017122280889177882,-0.5844115463717792
-2.3126255764699,-0.12539126136183465,0.0012353417437283413,-0.6285145720118674
-2.305182779796654,-0.13070111798801495,0.0007095468651741068,-0.6341525673553823
-2.3003043794344737,-0.15400736926320646,0.0008570644072658526,-0.6077895587171406
-2.2973838166407985,-0.1503417506138837,0.0006541683614948687,-0.5850819705415717
-2.2926510489434664,-0.13721406222257965,0.0013441092294785761,-0.6333538935993567
-2.2830066476920985,-0.1428854924861548,0.002300466154751539,-0.6179438431671241
-2.280694764233024,-0.20676562892304584,0.0001028079115667366,-0.5475162775790723
-2.2776363697775106,-0.12658481648754127,0.000868889761611476,-0.6271877215433788
-2.2748302876090802,-0.16029494553799833,0.0010112592135439425,-0.6104379408627553
-2.2616982508343613,-0.13625958197355292,0.0016246482485461047,-0.6202900105343218
-2.249588851478114,-0.13623870175887445,0.0014784065407635548,-0.6346774389418074
-2.2442804834795465,-0.14726582080957443,0.0006744379457786366,-0.6151167399203205
-2.2411606860753226,-0.13631735256137592,0.0008223951495957648,-0.5988174666708236
-2.2349099163636192,-0.11466212599143041,0.0010815069688223855,-0.5931297012996654
-2.2300346085612652,-0.15741607473088634,0.0009520305215939971,-0.5532064772674687
-2.2254157119657587,-0.14784233875553757,0.0004855809488061505,-0.566215948782989
-2.2120497589904167,-0.138911385538098,0.0015559437304074693,-0.5821794808715326
-2.20940875743469,-0.13382364276324019,0.0002249383637792988,-0.5909636235295277
-2.2037814982118875,-0.168319775910027,-0.0006879737878976151,-0.5070616614573642
-2.200718994045861,-0.15162309470282379,0.0005069555141243983,-0.5696650556880206
-2.1969406509742466,-0.15457497266905793,0.001059618772490497,-0.5809814853298111
-2.193334895871493,-0.14969254857832984,-0.0003844803390514057,-0.5374631207207393
-2.186373437817212,-0.18817432356008823,0.00042870572807538463,-0.5187729861268513
-2.180256182382524,-0.11794843089207249,-0.0004996982314086668,-0.579158826394019
-2.1713961229369874,-0.15387530668532762,0.0015313727386150305,-0.5893280555252336
-2.1693219458160633,-0.1443466392545912,0.000817587864834307,-0.5706715899394337
-2.166342119007676,-0.14214775059202375,0.0006915841123209161,-0.5811564638975909
-2.161612904738678,-0.11449854002634495,0.0012961865424880674,-0.6444785963127835
-2.1576867657010146,-0.13305587489481613,0.00011295567489556037,-0.5154305938042607
-2.149720746260427,-0.11204482612328165,0.0007268027271618985,-0.5752788087048413
-2.147628458081519,-0.14082763665163983,0.00015818459328440496,-0.590888996782063
-2.1434258751218143,-0.1448339321589003,0.0013736567777841407,-0.561464795495916
-2.137061405107022,-0.1369554196779788,0.0004844487389585612,-0.5763729652218467
-2.129850972794555,-0.1662014935287619,0.0006379328762341597,-0.5427253899066752
-2.124116494909265,-0.1351813333075522,0.0002666202845657918,-0.5763081353778536
-2.1210153781278946,-0.1509080277160618,0.001097291755376418,-0.6005540634401162
-2.1190127079952017,-0.14899106977708237,0.0008606007773664992,-0.5760980362861159
-2.112924461480739,-0.12976563447196393,-0.00034727288374252147,-0.563289041033486
-2.111206331209353,-0.13088027632974128,-0.00039379619518051066,-0.49016065116162094
-2.1034898414656933,-0.14739194043766554,0.001739543289096031,-0.6067347678337461
-2.0964438248258177,-0.1270256431900376,0.0003750529470860634,-0.550820212260357
-2.0912487956870827,-0.17260255866064028,-0.0008689193199609181,-0.49406097111235664
-2.0881551664986477,-0.13735464950797624,0.0003427192335082024,-0.5629202867696625
-2.0846251412975945,-0.1613248926023052,0.000432059213303021,-0.5102669566196031
-2.0797095726963652,-0.12816735459336107,-0.00020042786202616086,-0.5673406406065106
-2.0757034950949222,-0.11950948404513552,0.0007220651107820754,-0.5596608974459767
-2.0719586144009794,-0.1176393640693272,-0.00010312681315877111,-0.569908202945556
-2.061939148208838,-0.11998557006790472,0.0001291102560218994,-0.5569466855145168
-2.053976329735972,-0.11862671711265942,2.4315378033711777e-05,-0.5592948109790971
-2.0497321456049726,-0.12160417312077544,-3.7019543322363987e-05,-0.5629159272475145
-2.0456859528357083,-0.12200994342270251,0.0008635564759781641,-0.5602237916522026
-2.0412535960902987,-0.12262108199171619,0.0008438115538294401,-0.5773768546566457
-2.034124434291345,-0.1381728839059275,0.0010781238494288763,-0.558631720410181
-2.0339095487223258,-0.12409898167902089,0.0008073459969315527,-0.5446217388109345
-2.030515464102952,-0.13401836592547747,0.00011545864914329023,-0.5326016691600859
-2.022103937448638,-0.12522774390830435,-0.00015364531367689424,-0.5260192545378481
-2.0144198974745575,-0.13237002277658405,0.0012815716027107845,-0.5297982854690432
-2.011175566341615,-0.14231984562257907,2.249157324384569e-05,-0.5124808376386939
-2.009173075378624,-0.13611446630984284,0.0011824595738421963,-0.5221277342433528
-2.0024094590808557,-0.1673050335154859,0.001835857775130343,-0.5371881940843972
-1.9976881377224405,-0.15271230502368507,0.0001111974337218674,-0.5088063829393159
-1.9921251026419857,-0.13519959869702589,0.0011661073016868244,-0.5654934432472182
-1.989460176350219,-0.15112958663624715,-0.000174255343654642,-0.5044617829835978
-1.9793116863948952,-0.14972269228955937,0.000300024118433701,-0.5063978606220365
-1.9767616203900866,-0.14216552251291342,0.0012430159736871978,-0.533766592890125
-1.9724654005822095,-0.12115877349029534,0.0008741923582890278,-0.5635712506319389
-1.968896074443506,-0.13696908131865498,0.0003531734473631186,-0.5100033537126466
-1.9636908704178269,-0.13581627731237764,0.0006016144035324959,-0.5344125457026818
-1.9570955673200743,-0.1449573733103504,0.00043680162330962587,-0.5157922665980785
-1.951507046946299,-0.1321668122915178,9.771600985672073e-05,-0.5098211467544762
-1.9446543714663755,-0.13461243972643996,0.00043943114002711935,-0.5077389818393595
-1.9389571490889899,-0.1069891397739564,0.0005812276324604792,-0.5487054801148181
-1.9346881627024213,-0.14843102970939326,-0.0002315648063281051,-0.4721179855439494
-1.9333450619684083,-0.1237222104923018,0.00013761589204041078,-0.5184128150546942
-1.9284311097810936,-0.14053026559725973,-0.00052087686327071,-0.4975862862251467
-1.925336004559829,-0.12185576639490434,0.00017237746126719396,-0.5103362027190156
-1.916149544479971,-0.14228917908739924,-0.00021097705069410573,-0.5052624875567671
-1.9108158529856294,-0.14983867838264012,-0.0002551591020145818,-0.5048686292495284
-1.906423409042491,-0.14809422742845194,0.00027303389733258633,-0.48805931654997853
-1.9014706831991453,-0.16378659064608592,-0.000191099567576378,-0.48403097027799413
-1.8954834282480144,-0.11489990609077261,0.00020533806147652507,-0.522353541798988
-1.891577336127619,-0.15672991344079915,0.0011081540056769197,-0.49677194559607596
-1.890538103165004,-0.10348600587762323,-0.0005322246224242691,-0.5185640542172475
-1.8839286964241386,-0.16129433300180898,-0.000906158498032729,-0.4722954571422586
-1.8820968826308873,-0.12012826146603678,0.0002583388465679615,-0.5009857404784043
-1.8814811369353521,-0.13274062586788618,-0.0004759241502386447,-0.48752951059683375
-1.873793725518549,-0.15636154973339927,-0.00022663044887180243,-0.4894225245963377
-1.8684517138889998,-0.11500042654352863,-0.0004749065856463178,-0.4729352186062393
-1.8654558485554635,-0.15217269500638994,0.00038160938232145123,-0.48522027911117777
-1.8604645355222613,-0.12866186939624566,0.00011896554220640354,-0.48802873295231
-1.8532938120177886,-0.130351838301274,-0.000683434506428063,-0.4671261609876886
-1.8524672959347626,-0.15343950491601258,-0.00020351187504284634,-0.46612546979593056
-1.8456051597405918,-0.13483993155832372,0.00027820228072091783,-0.49117017275312086
-1.839513878647266,-0.14931544064017277,-7.876182943027404e-05,-0.46967448919000376
-1.8349411914931497,-0.17428931245555349,-0.0006627489524776303,-0.45718077650038
-1.8315401854639204,-0.12598176921583418,-3.151588098002094e-05,-0.468808849867024
-1.8301817601933972,-0.10349423667999283,-0.0008834017815117356,-0.47182770019128867
-1.8269250987907257,-0.15405056176748103,-0.0003194396100771085,-0.4576724266378889
-1.8235284360811426,-0.12266416621792779,-0.0005605887592897871,-0.4716816706582582
-1.8201413956432253,-0.13539540078909426,-0.0009078880241874561,-0.4659980021051635
-1.817514139754953,-0.13078789073212982,-0.00018938388862644687,-0.48215937984318236
-1.8079478524070767,-0.1494622582549517,-0.0013236811555071555,-0.4565849925994682
-1.806555060740957,-0.09066630320418134,-0.0006048923972958173,-0.5075656083872867
-1.801537531800634,-0.159715479111653,-0.0014900169159786638,-0.41946368020244684
-1.7973826730653553,-0.1274859873272035,-0.00044437638597769784,-0.47729429804292917
-1.788032269337176,-0.12212647819771008,-0.00019158735760575646,-0.47695963375961514
-1.7861355864296073,-0.1089269357122144,-0.0005704235532157989,-0.4607570756598625
-1.783899468282279,-0.10579506710610868,-0.000651007607739624,-0.47217986838643344
-1.7789616431549162,-0.1063615857100694,-0.0007193585303105126,-0.43432956444870263
-1.7783560224744361,-0.1385712318196411,0.00021786591380287967,-0.46065330201108445
-1.771980131591678,-0.12004011596893407,-0.0004155390548598475,-0.45722799793337093
-1.7682445207802506,-0.15727028655622174,-0.000519639420471128,-0.452736312328581
-1.7589611150057924,-0.14039436718614726,-5.479903897415997e-05,-0.45213873024376827
-1.7555308315004463,-0.1560079203698292,-0.00038092895151934655,-0.42319410364557947
-1.753253854866645,-0.14744867746644338,-0.00020223552211294814,-0.45296325282333916
-1.7492710610905207,-0.09868190310199772,-0.00031490170480375727,-0.440111767765398
-1.7468887587709447,-0.08096650906446817,-0.00034425155382079403,-0.460130058496575
-1.739726922055914,-0.11935323262302348,-0.0007437302007043804,-0.42719299258298593
-1.735992111521315,-0.12097117256571607,-0.0006143659405652834,-0.4073086610155714
-1.7275817846203676,-0.13034732426317017,-5.301397823286802e-05,-0.4426555269295161
-1.7254606817743936,-0.13432896071207678,-0.00028691055503299594,-0.44763776999253124
-1.7220029227151452,-0.13317342279273323,-4.144894485893566e-05,-0.4590971164110064
-1.719819977612557,-0.11448127516878571,-0.0008584436023706587,-0.4082541695125815
-1.7127079672058956,-0.1332418403355035,-0.0008694613841012618,-0.4001152077711295
-1.7112185626894836,-0.10704346254937454,-0.0005169950911191414,-0.4148581999242345
-1.7075959666619767,-0.09933467132023392,-0.0006374221176942698,-0.44285800150168003
-1.7019650574200402,-0.1224488912919475,-0.0006318293076479135,-0.4224113221876609
-1.6968231132056573,-0.0908803108656059,-0.0008441657427672645,-0.41758235265630905
-1.6922065747261859,-0.0853440592281136,-0.0007204498804700047,-0.38900331163344243
-1.6871400912049377,-0.10785389899272181,-0.00045354437779412433,-0.3906135080741124
-1.6846864639476018,-0.10829102676785021,-0.0007702842702350673,-0.42983535569727
-1.6782649196874377,-0.10881093929122164,-0.0009110083615993685,-0.41018021909379676
-1.672623716363325,-0.09313626951161201,-0.0007721550799496345,-0.4082361712111804
-1.6708633989491617,-0.09823886652256672,-0.000773787834776509,-0.41757326388184585
-1.6663802893060609,-0.12486380427594958,-0.0007567093185184163,-0.40530234534695564
-1.6625291540645146,-0.11038614559069074,-0.0010182446976044791,-0.3927985121192027
-1.6597004002299047,-0.08267922882655777,-0.0009026837620378555,-0.41798465975896687
-1.6571342439058168,-0.08918137582695816,-0.0008105708188049037,-0.41350713090130753
-1.6531010866635865,-0.12203812781225969,-0.0012267768031975761,-0.40917919146945725
-1.6504857458256221,-0.06019094887662757,-0.001071582585952439,-0.4251621437267962
-1.6471197152379056,-0.09360437586854896,-0.0010208126232108838,-0.4176766119642358
-1.645590102604483,-0.08292685003347242,-0.0007589062327980033,-0.41370836382354365
-1.6375004101598687,-0.07270853751207225,-0.0009771219704973937,-0.42514603348354946
-1.6304703911443845,-0.047138401426644314,-0.000566794436633457,-0.43022506259960797
-1.6293377899881358,-0.05940355913002342,-0.00042829404343291944,-0.40715899206913925
-1.6268365492838737,-0.10428430160584248,-0.000730250170105551,-0.40425389942879875
-1.6193004364316408,-0.1086255370881292,-0.0012379597025010875,-0.37227939426612283
-1.6140807947179476,-0.12177082535184568,-0.0010688152741421201,-0.3771090000884501
-1.6110742988023496,-0.12323646914668425,-0.0008002776433791945,-0.3882070898889853
-1.6054599820916815,-0.07321895248857063,-0.0009396724941655028,-0.4048454263721241
-1.6007989080430813,-0.09692266555911262,-0.001176925847754797,-0.39554830787009415
-1.593818279800576,-0.07331901917648272,-0.0008338210315341904,-0.39612685954566706
-1.590254901247277,-0.0872370063767195,-0.000916544026041429,-0.40819243925165716
-1.5874239202549905,-0.12569426234105735,-0.00133943083950198,-0.37102343597655735
-1.5777430166268118,-0.08304977634777572,-0.0006405968196844755,-0.3727331288998934
-1.5734075486245953,-0.06352857480188977,-0.0007925851378636778,-0.40621640213676297
-1.5710453713067425,-0.09643895286390915,-0.0012249444983797376,-0.38588077829593626
-1.5672197055298662,-0.08887959287462743,-0.0006996989011697859,-0.378477365845057
-1.5635284341588023,-0.06737302921811651,-0.0008706638682813372,-0.40016551348249385
-1.5489029896540392,-0.0548882892747678,-0.0008238106078331567,-0.41594824520254936
-1.5465840219351066,-0.0870702610987946,-0.0008564217419930515,-0.38669218533642397
-1.5442016907156944,-0.1101327057940848,-0.0014019411710424307,-0.38241575353224627
-1.5425056719833248,-0.06954707885942855,-0.00039255996393974287,-0.4117644241942671
-1.5356366972672923,-0.18448553726413328,-0.0016071304801939348,-0.34823635740726444
-1.5315888732064302,-0.08539550678540236,-0.0010676397750969911,-0.39224854691192956
-1.529565838697841,-0.09936931552493222,-0.0011214554701603429,-0.3990179407710654
-1.5260072679874503,-0.11054075195212493,-0.0012738289567048892,-0.39778703546113836
-1.5237674654046636,-0.11909648124790484,-0.0011890205750830437,-0.37316138302115154
-1.5169931801964749,-0.10921561720396458,-0.0014360623980275327,-0.3911715914267944
-1.5101900669554822,-0.10336073916583877,-0.0011172783195049051,-0.3991291856698939
-1.5090874673079833,-0.06266971416989443,-0.0008570350541304529,-0.42294164610796336
-1.505373994629181,-0.10826814486478951,-0.0012046732688548519,-0.3829202508540557
-1.4987276133364613,-0.06411577514085869,-0.0010129779012911645,-0.41273845809614024
-1.4938979295603814,-0.0939053116126923,-0.0011390153290795715,-0.3891133617876661
-1.4842355090586985,-0.06098117284770429,-0.0011304323379943454,-0.4053580368703764
-1.47955090757199,-0.11103211956116854,-0.0009421304109482034,-0.37807532753197265
-1.4621097497416775,-0.07278661056424401,-0.0008226859649822305,-0.3736295182498091
-1.4595398443360925,-0.08579928267654173,-0.0009191145338302735,-0.3793161968382102
-1.4538965923843767,-0.07266567197841198,-0.000710806936895483,-0.40055332314034753
-1.440374311499101,-0.11049399029952728,-0.0009663783055785173,-0.3804227096385981
-1.4341945776986704,-0.11666256713095875,-0.000858266545313565,-0.37129069589823804
-1.4233446941850139,-0.12829378832809696,-0.0007343596159225213,-0.3718083055100892
-1.3646681945113333,-0.028414863981356862,-0.0005290239744333719,-0.3993685227527
-1.3604068300582892,-0.03013713388313738,-0.0005404757322091126,-0.3991115526826257
-1.356566979945302,-0.03054882697934322,-0.000559845371482132,-0.4002035160226363
-1.3502474135359668,-0.040508957249934814,-0.0007032975014064582,-0.38868750467201646
-1.3415419868621916,-0.028669009654222276,-0.0005068082420343054,-0.4048177505791793
-1.3263003116220955,-0.04744376397888491,-0.0005433116121876433,-0.39480038950884117
-0.8842022288204382,-0.01707839052495896,-0.0007029212342537223,-0.19715302881940341
-0.8824295172279437,-0.011339621411046932,-0.0005070000232886828,-0.1976500130822249
-0.843057597012664,-0.013711346191670432,-0.0005254046545200234,-0.18665717827280756
-0.842366874864863,-0.02458789046536437,-0.0009133114998625197,-0.23659271781917596
-0.8399019761018156,-0.01848329979372562,-0.0007547416009485911,-0.203970627949601
-0.830414259395716,-0.01212114491853043,-0.0004693931128966451,-0.1947606839542565
-0.8226508288868452,-0.019594446782755424,-0.0007029004012321444,-0.23377860377664572
-0.8071846751225392,-0.01033642420769923,-0.000424297829176506,-0.18594809335714496
-0.7726283793039057,-0.017108064885088047,-0.0007367236190741966,-0.19271663543909082
-0.7648515684715546,-0.009556030662215463,-0.00039129285359860126,-0.18909438717564783
-0.7215578677609905,-0.02526682139005029,-0.0010403957968462755,-0.2688023060409184
-0.6589272838331829,-0.026574478348013707,-0.0010903755126500984,-0.2812350778019329
-0.6485829635392529,-0.029369448903218954,-0.0010018897608897537,-0.24584574594898934
-0.6021025861029592,-0.021013055102759078,-0.0005705635663828972,-0.21410501868904347
-0.5530613052135934,-0.033115984679999697,-0.0010465713121475457,-0.266986282291194
-0.5053261872761987,-0.04343185064513872,-0.0006463468824293112,-0.308813309671587
-0.5022298872772623,-0.031196919807436368,-0.0008478734323183886,-0.27092950740347055
-0.48634446389655484,-0.022502487613385455,-0.0005586844702005561,-0.3397685879949791
-0.484385061538674,-0.030706142492720814,-0.0004350951617951774,-0.29541731707816243
-0.4602373422840376,-0.04671946909470529,-0.0007258758172915323,-0.3165404590744203
-0.44897300176956056,-0.03902184553349654,-0.0006813320517266434,-0.2694780737608836
-0.4341529118323292,-0.028939705433937545,-0.0005100289873520081,-0.2389690466265374
-0.41838395099211545,-0.026875726009968518,-0.0007154181680072182,-0.2495082930835653
-0.41175346328486956,-0.032963903266534186,-0.0005325826751451128,-0.2495889761542698
-0.3900295727498281,-0.04652259681518677,-0.0007134856823422024,-0.23560829436883968
-0.38490167992524865,-0.05681292760521701,-0.0011253054827694508,-0.27334584564821546
-0.3614717762815836,-0.03856384412657651,-0.000722640983107321,-0.3145917424771098
-0.35548250356756855,-0.05979313723405852,-0.00039961889497057385,-0.3229290375526727
-0.3511291101941804,-0.06322109664857034,-0.0010521349768023939,-0.26805079984671354
-0.3469283517926019,-0.038930668979264234,-0.0005165973032005464,-0.38078261399273705
-0.3166473068105153,-0.056403392685379056,-0.0002847877845319923,-0.3477048157223026
-0.30587060000793487,-0.05769394196520155,-0.0006951915645175717,-0.3075545887742922
-0.28349858118388305,-0.04214467970243009,-0.0009785843865347677,-0.34280336454929583
-0.274858347591549,-0.042074930615154514,-0.0006931595961824956,-0.29592177953245796
-0.2699523351871206,-0.03576852124358853,-0.0008845134319105971,-0.3324656098271228
-0.25187916145455874,-0.036415249590136964,-0.00038364593549061597,-0.38873885833539734
-0.24069439205338616,-0.03486428053944942,-0.0004974318962636543,-0.31157761398302036
-0.2305720305409763,-0.03951538440217866,-0.0005683789920366551,-0.3044323864736078
-0.22200229634123014,-0.02531252561018269,-0.0005893050681123872,-0.44094993727702897
-0.21035497484145146,-0.03948333033414983,-0.00043043061175023314,-0.29070431790713924
-0.20138274011383167,-0.03350090675692999,-0.00042222984721933927,-0.4422737943608821
-0.18023011982732579,-0.037209964550497625,-0.00018121252417923809,-0.3600292791302169
-0.17910145382312728,-0.02867642421242884,-0.00015729347992186446,-0.4374569363001676
-0.16518572554052569,-0.035312477436310705,-0.0011799128808597274,-0.3524888181673214
-0.158189335373084,-0.03368350289429049,-0.00018080849478274816,-0.4143180664264671
-0.14180247022364625,-0.03537503582033203,-0.0005720850126783406,-0.30957255831427655
-0.1344164671682127,-0.035224945554515,-0.0008645606049672114,-0.42390775900160466
-0.12099019087261172,-0.039452724868335,-0.0009276652467160748,-0.4212462153651732
-0.10921825793537002,-0.03924621556332666,-0.0009748788120573932,-0.35155502073364275
-0.09012658520815474,-0.03248087757055249,-0.00010457143533985863,-0.389641460387384
-0.08611085998553382,-0.0358102518322224,-0.000517085721042073,-0.39247921273224196
-0.07951607222321558,-0.045976555531038535,-0.0001871723324116146,-0.3341260512797191
-0.07546508991388141,-0.04287073641913593,-0.0005035378204157404,-0.42776347562566014
-0.05628735908903148,-0.03539984359567347,-7.888063504937259e-05,-0.45106156048348667
-0.04912180191784791,-0.03346549499152116,-0.0008230360708985136,-0.3753128605789011
-0.03384174203537222,-0.04237933076106678,-0.00012371729920639224,-0.45270344641684956
-0.025480446225035997,-0.0399823269889315,-0.0003473976921758461,-0.4461567219004003
-0.015052064158060652,-0.050299788730719136,-0.0005822552357312572,-0.41622556902059443
-0.0088265752536351,-0.037892894344444365,-0.0006400778270106653,-0.47935737556045904
0.001893094871254181,-0.0584798779826831,-0.0007151504045819459,-0.3486172348678361
0.006956168606713732,-0.0393886225310374,-0.0006360562665766839,-0.3805527089370852
0.01492421401520244,-0.04619139590853517,-0.0005109504063838142,-0.37265161851807194
0.029934402880046947,-0.05375412523596185,-0.0004836383873396824,-0.3956772424214791
0.03369290352267107,-0.03713045196673233,-0.0007091231974456475,-0.3533884717638122
0.0482261906212917,-0.056071860502695796,-0.0018180013533334917,-0.36193604281728087
0.06020549877648637,-0.06074571001786173,-0.0010070307653228105,-0.38230466353199577
0.06216999373935742,-0.07474025584537917,-0.001621817838053287,-0.39148218788197625
0.07334470545689895,-0.052532922436046174,-0.0008862457472916158,-0.40842520225875606
0.07975531393903487,-0.04786623243707744,-0.000461223174298254,-0.37955783770845347
0.08271895957840805,-0.05351115585131461,-0.0009472896415289161,-0.42202000070674606
0.09536361254200569,-0.05371903677657059,-0.0010988913617932692,-0.4251420538728981
0.10508090604396496,-0.0537312135306515,-0.0010227569008845695,-0.407409451719567
0.11921035272684233,-0.08419996003495604,-0.002486496924027759,-0.41368300567308464
0.12193582109247524,-0.06273918795988993,-0.001236735771147684,-0.40841298703833434
0.12798525996477841,-0.07979228739952401,-0.0017607426981496176,-0.37994033239227265
0.13491782333070557,-0.06409657044550848,-0.0011119629332887243,-0.3947121397373495
0.14356533443192862,-0.07991776392783466,-0.0021380648481960007,-0.379388291177991
0.1483644534933527,-0.06892912446461105,-0.0012382532894888226,-0.4279058261648085
0.15224628435577614,-0.07252933136272187,-0.0013113055519850907,-0.4028150176475081
0.15704923257939882,-0.05151097797547777,-0.001365195343836422,-0.418955196057803
0.16365218427131462,-0.10508952557772205,-0.002134739817479759,-0.34462409884382383
0.17284470915069844,-0.07728742275675847,-0.001499882923518933,-0.42934291109909445
0.18000657132471307,-0.06743566094807196,-0.0014201782090933106,-0.39979421672960536
0.19052700184312737,-0.09878458831805606,-0.002102566083345425,-0.36451689087344746
0.19874689450952637,-0.058805203296792646,-0.0018634305254782394,-0.45530604659149587
0.21082303182770507,-0.05603549019684627,-0.0007701702854401678,-0.4058505391584405
0.21387918856233734,-0.06088768230217909,-0.0014405236598832912,-0.43667707668703815
0.2160263019395379,-0.07804165861485585,-0.0012877960435063486,-0.4151077738054739
0.23204637347969023,-0.08113613072750137,-0.001451321460850332,-0.4203143901803234
0.24029257724721587,-0.0690877775880984,-0.0006182019932349759,-0.4353526285171353
0.2447859531756783,-0.05999085670185441,-0.0017199384562111507,-0.4294638864619881
0.24932174997626325,-0.0668801877859051,-0.00044215815152982667,-0.4297993947540023
0.25483820837855725,-0.10090175302768839,-0.002482296815981981,-0.44796967452490183
0.2649882420616819,-0.06284299745395108,-0.0014907264183673878,-0.4403171361600395
0.2814654855900357,-0.05110706170749989,-0.00044040799893451293,-0.5128343512506125
0.28568995184538737,-0.06328376679530989,-0.0008999269208384616,-0.468586356258559
0.29736358732884655,-0.10690735201041594,-0.0031685434570784075,-0.38722729479029294
0.3047325598541384,-0.07124446135533129,-0.001059191434655556,-0.43061342099875205
0.31129375116721336,-0.07862333806259729,-0.0017750798255934607,-0.4523295011944122
0.3234880358810759,-0.06938851801824143,-0.0016431869290214588,-0.4100653294901928
0.33927739999233814,-0.0629805954380316,-0.0006254411653635797,-0.47672223499238403
0.3446681993237647,-0.08026058632592059,-0.0017358761479063095,-0.41201387739819256
0.36024287239255304,-0.05735744036870081,-0.0011375278183459881,-0.4732237453573011
0.36300524053508026,-0.05386578534167689,-0.001881236384923698,-0.414673574249494
0.3691777097958758,-0.09002764490495983,-0.0014530509110911615,-0.3758000171632986
0.38386301007514495,-0.1269863675288576,-0.0033793831184635043,-0.435309038506006
0.3893031977849809,-0.07445046325811326,-0.0014296927171353643,-0.43682709127558295
0.3937375369740627,-0.08282333079768464,-0.0014528609041189202,-0.4562803952596003
0.4100062836472126,-0.08130675431547138,-0.002303072772239594,-0.3908909961354263
0.41581512527125525,-0.051993137365463085,-0.001755911300173691,-0.3113299756972085
0.42470474744613224,-0.08224932948970982,-0.0015089802386449194,-0.4075911342209104
0.43446135997431445,-0.09171933114105259,-0.0019109327021150893,-0.33282564477969445
0.4440909497881242,-0.06972519699507541,-0.0006983013694929871,-0.31886965507097903
0.4519884962865509,-0.07329114574875138,-0.0014617681495667607,-0.3867617355612925
0.4641664048057581,-0.12959141909306685,-0.0030346218557568113,-0.39345927456789054
0.47194115589271224,-0.11336554909803573,-0.002968625348785485,-0.37757646526642413
0.4818978659201913,-0.12760394535403435,-0.002021634260405276,-0.4582487661144269
0.49491023163879183,-0.12048284671868281,-0.0034145323466383505,-0.37546007447499724
0.49840787542491993,-0.06274462255030122,-0.0017565572306983118,-0.4013733736505624
0.5130204642085151,-0.0774660041588961,-0.0020271059545456135,-0.45690806758775393
0.5140613099823356,-0.08172449827405479,-0.0014430115699366427,-0.4157216800294428
0.5216217086484356,-0.09555070194055167,-0.002318991997747984,-0.36706253858321486
0.5228561162256684,-0.09853996172489896,-0.0028931342451175247,-0.44938562013690797
0.5245556496670274,-0.13536821516627437,-0.002175148997050912,-0.42979671951762727
0.5398484173142903,-0.08027837724064535,-0.002323083843673462,-0.4113644050205649
0.5441403222053032,-0.1311987386267428,-0.002480276834112648,-0.46549535630493977
0.5549911041287358,-0.0890151208668787,-0.0018535372473537175,-0.4708356647530138
0.5666063958096033,-0.0759194599181389,-0.0025090129580420434,-0.4001868153904087
0.5773893289894187,-0.0743878428621074,-0.0015153096172125032,-0.49213058720360187
0.5831889506936468,-0.08054031582168301,-0.0021775911097154793,-0.3959406022350086
0.5943599664138866,-0.11632835257573604,-0.0018382356887671283,-0.4257651872264958
0.6108701418591045,-0.07992961921295186,-0.0018468349592857835,-0.4597497517993782
0.6128586001811334,-0.09632378693717861,-0.0026664796499532126,-0.4429471500083477
0.6212843234530615,-0.11571053526682532,-0.004469166684803634,-0.4216712456203999
0.625033087358766,-0.08046798350729958,-0.002328923874106717,-0.4657550637060178
0.632902091720236,-0.09183244338578965,-0.0035413092160950237,-0.46183608712464397
0.6391118996556673,-0.11866983684811257,-0.003824259298246111,-0.442823644143053
0.6423274235635962,-0.0870044614644606,-0.0016382259151528622,-0.4721788385432727
0.6556335586640127,-0.08276443352174906,-0.001777917887201664,-0.47660500779328374
0.6698612643997248,-0.08491382827807521,-0.0030267780298691704,-0.49487830046410713
0.6738729544317077,-0.08495249843112475,-0.0025021689053522926,-0.4734009465712938
0.6827422681385853,-0.07989870779891944,-0.002728908332414717,-0.449936945506925
0.6954813832384833,-0.08118939964786596,-0.002732908471350509,-0.44392069010103585
0.698857930761251,-0.08006756922000022,-0.0024388526401707884,-0.4559840816473479
0.7071781156815447,-0.10659858286989879,-0.004616856702541485,-0.44161021101978587
0.7146910368056464,-0.11469415337395665,-0.004799708773270217,-0.43679570518103433
0.7184819640669522,-0.1167672141440764,-0.0028004915861631254,-0.43629152332150506
0.7272886344966724,-0.07697658531594756,-0.0029539846059923806,-0.47400024742251645
0.7393913921518284,-0.08313758903770221,-0.003160194562471651,-0.45284420531425285
0.7447920405719175,-0.08784555327766236,-0.0029710795895003467,-0.4435484199780087
0.7511891936587801,-0.09306311203927832,-0.004178474289673835,-0.44923420932654445
0.7568569853957794,-0.10980727202397833,-0.002367354185823917,-0.41985065710080416
0.7689610610278457,-0.1081547033532986,-0.0038774619838157416,-0.45026211633668456
0.7720416852769507,-0.13503517577174157,-0.004285096794777705,-0.4485487433775739
0.7806892190466328,-0.10293435097807359,-0.005201066444519633,-0.4170105118755418
0.786207966025554,-0.125801467797563,-0.004691868359821363,-0.4588157890501297
0.7930452546139529,-0.12853769331902098,-0.003940649945955641,-0.46143964463915554
0.8088302035650518,-0.12679577532002764,-0.006057976945423149,-0.4342372393951311
0.8112929410495722,-0.13203598333279984,-0.004330429652295608,-0.43497430520484026
0.8275860159051583,-0.10746804459156868,-0.0037885688322224992,-0.429271070347102
0.8310890497387506,-0.09650754829027032,-0.0029362650191455905,-0.4427068686163247
0.8322172822042616,-0.0874131400101935,-0.003159374919518491,-0.45779133863450494
0.838250724436423,-0.09256597183953937,-0.0032588818586425767,-0.4384177481995982
0.8554803893986289,-0.15512266345832876,-0.007714241074553831,-0.3712459547018218
0.8581711349614547,-0.10052613519549024,-0.005711345138667704,-0.44959091418331626
0.866909135138071,-0.13465158196847166,-0.005994990277524164,-0.4273725068491154
0.8726611257300289,-0.08715962500720971,-0.00415301282144564,-0.4783814371889186
0.8810779590617905,-0.10455163213876778,-0.004487629035847371,-0.46034622420154875
0.890003355239168,-0.12531224090065496,-0.0041339898268718265,-0.4297495009009295
0.8946418610455152,-0.08996957609521626,-0.004477225769327111,-0.45697096459842446
0.9018485206124213,-0.14036546348114978,-0.005857508423191659,-0.4460361493580931
0.903230362189438,-0.11139897724529015,-0.005054862725212501,-0.43592404740610075
0.9132684392116932,-0.1375837842005238,-0.005893345449904109,-0.43240603486858864
0.9210286890963897,-0.15998099309250455,-0.008282391595173872,-0.40542821518150046
0.9261814280722978,-0.16396425046616975,-0.00953220201652011,-0.4087879666201481
0.9289247678719877,-0.09287636810820608,-0.0037169761702373575,-0.5315448409287793
0.9348826506059567,-0.1263272958738431,-0.00638576728422739,-0.45745436752648333
0.9413572567825115,-0.12104142180596628,-0.00526895652639601,-0.46034191923434825
0.9512579960383891,-0.11041022922626861,-0.004510746267268333,-0.43603916458921566
0.957270121534221,-0.10390284090014523,-0.0037845972138356196,-0.48301010352569423
0.9679882244040404,-0.10755433825197432,-0.006349899201644002,-0.4934068863151029
0.9751903050938017,-0.15048387524907322,-0.006483587211335505,-0.45467386922242153
0.983905079898352,-0.1741058096146889,-0.008081141429814946,-0.4017628267785437
0.9871586984395616,-0.0864577816503342,-0.0036998303612547664,-0.5506631610381633
0.9934704129629375,-0.10648266597609841,-0.005267998281770631,-0.4979084657384642
