MO_Energy_eV,Cl-Hg,Cl-Se,Hg-Se
-8.99962544409314,0.030647030544444703,-0.0012256282803585563,-0.004260676343626682
-8.999121762270043,0.024996360558452745,-0.001107999944453299,-0.0037533789527285496
-8.997209057478951,0.043766840834132625,-0.0019525411051563603,-0.0068252331504570305
-8.995853606568728,0.030149116683647014,-0.001315282043595798,-0.0046213999668362786
-8.994818979997934,0.031138125965684788,-0.0014044210713638915,-0.007753377467277709
-8.992454053733725,0.03647293678039415,-0.00158430770016874,-0.008358756671404613
-8.991159951363992,0.03262638039015327,-0.0015394104982810201,-0.007588331785070916
-8.988939966696327,0.03974894674302279,-0.001650653798550812,-0.008201681388716586
-8.987762607416569,0.04005624629314299,-0.0018109509057183558,-0.008750656731844912
-8.985401681236615,0.04093213008457825,-0.0018596152895723362,-0.008887825698204656
-8.982804819295039,0.04713003295205003,-0.0018029221977581397,-0.00916035089755783
-8.981734723863836,0.03379804995448421,-0.0015545407048126597,-0.001434833362753382
-8.981118245791944,0.047304833510736694,-0.001954113420933214,-0.009723948715448707
-8.979599485988762,0.03873491983943235,-0.0017782657981611084,-0.002164893728264098
-8.977574961549227,0.05162993907980468,-0.0020553127094590463,-0.009118120542042833
-8.974206305097013,0.048930954682942354,-0.001990653032983915,-0.011406759036330542
-8.97356790838706,0.048243583539912364,-0.002072079648443592,-0.006846435573671814
-8.97124878540806,0.05919877070505678,-0.0023921774124986282,-0.013712153383310834
-8.968455409120649,0.05044509783051528,-0.0020430478483773632,-0.0112562380274204
-8.965788373256256,0.042088945543633294,-0.001806477302394428,-0.009677136430503053
-8.964523553700953,0.04553442687630458,-0.0018916910120311918,-0.009738754539112904
-8.962375342369928,0.03602712315836347,-0.0015408841541323685,-0.012136634545936718
-8.959893629806896,0.04486631658009628,-0.001786481048301181,-0.010019201414965808
-8.95894873629768,0.034390196251261135,-0.0014503071739694433,-0.011258099987854427
-8.956280872569094,0.04268315666347749,-0.0016908699196748118,-0.012516585393614806
-8.955081044080062,0.040252307582021404,-0.0016289494101142344,-0.011410754366187374
-8.952599538779134,0.033863522033152925,-0.0014704998670507306,-0.010414496896485138
-8.950974151038094,0.03976629815995311,-0.0016228944564126745,-0.012844280552963187
-8.949448679411857,0.03450579555795964,-0.0015209845288704225,-0.009696964656597423
-8.947703974751015,0.04002900062640115,-0.001656567008428639,-0.01251591462195322
-8.946895250643422,0.033885959513760715,-0.001478485600495093,-0.014812862808324008
-8.945513613131382,0.044544857325075835,-0.0018467553482900466,-0.013250826076540089
-8.943762994868392,0.03235814213115025,-0.0014779430378801185,-0.01758016793900583
-8.941961256226884,0.030395465477850752,-0.0014369763234369142,-0.017122335005042132
-8.940624405968643,0.04054010553077217,-0.0018829922736040205,-0.016005572851030703
-8.939617548361223,0.046791903454246254,-0.0020092724012871726,-0.01785377213474062
-8.936801464884471,0.044093629502799284,-0.001909640684198433,-0.013152459031066427
-8.936204815138577,0.04414376115938116,-0.0018524631431018888,-0.014748913407870316
-8.934561792174021,0.044363794639679814,-0.001954276517119613,-0.015535403841472653
-8.933239831403228,0.040697704639619865,-0.0017729374182124341,-0.014696976303602326
-8.929963067395706,0.03283224619718684,-0.0014369913683376144,-0.013724310785020956
-8.92765865064356,0.04648830303331079,-0.0019845498810359672,-0.01988522180895241
-8.926386961568483,0.040763921910768566,-0.0018321553060804009,-0.02071370010285557
-8.925379747556844,0.04242107371084698,-0.0015607138076186378,-0.014085392869615597
-8.923374795117132,0.03521844890010726,-0.0015804842157714656,-0.015467277818638535
-8.922641295734657,0.04387950540423972,-0.0019415226232203787,-0.01773736693254096
-8.920347939316283,0.043423608657990165,-0.001932407348675867,-0.014621512001995442
-8.918941069236125,0.0449679084727495,-0.001989657534434349,-0.014938515421862896
-8.916852437816242,0.036132801646278155,-0.0015844153310246925,-0.015065720076264368
-8.91575964648272,0.03978583132242416,-0.0016656902646068404,-0.013928572274584751
-8.912936912009918,0.04668867471772981,-0.0019807985901495787,-0.01666896799996341
-8.908993091488275,0.032736657119948755,-0.00149553029112009,-0.024041704237455025
-8.908082792630141,0.028860888206450355,-0.0012532076083407162,-0.01575679786977507
-8.907397721718402,0.03580915145301565,-0.001224374702051795,-0.014736447102363664
-8.906943263046953,0.030223843363548494,-0.0013319931257754253,-0.01856432731486844
-8.905852310322606,0.024947539812232453,-0.0011893370420753737,-0.020463788413394933
-8.903976234365073,0.024259658938804995,-0.0011806063186795017,-0.018318775145175877
-8.902523562380896,0.04880912595759188,-0.0016353212472822278,-0.016100245748443497
-8.901697037582998,0.021385784751686333,-0.0010393787382447638,-0.018558676091900525
-8.899441416854515,0.030853682776959282,-0.0013623421275119453,-0.018355045228443286
-8.898057422714002,0.030923031320484042,-0.0013153310202131839,-0.020025754819421565
-8.897293965511121,0.034096673176427846,-0.001381971404605265,-0.01793906887847061
-8.89630788706223,0.03707331657360076,-0.0013930324736629103,-0.02072272952094599
-8.894518743568673,0.03513209959149947,-0.0012469702940797044,-0.0177936314836537
-8.894157975536455,0.037162108401551326,-0.0014146988604951008,-0.019413295207103217
-8.892200436998767,0.03789507303089727,-0.0014490316159237958,-0.02048001752411553
-8.891376628679357,0.03130959286105924,-0.0013179065194341047,-0.015335214707668401
-8.889593770163822,0.038233145787742215,-0.001533365469106053,-0.020683979183172423
-8.88879158595624,0.03587926331029381,-0.001501589670860141,-0.02043738525333646
-8.887367533658312,0.02848112441577303,-0.0011573571871025799,-0.017742017542715427
-8.886429971260874,0.0337951681856045,-0.0013321280225300329,-0.02024957408873558
-8.885734750600609,0.035309510466575524,-0.001445233035700019,-0.019726018099924254
-8.885158998170564,0.033898979709485196,-0.001414180886796921,-0.019677233402342894
-8.88342556735394,0.030172200805063894,-0.0012194657941525557,-0.021310131492820093
-8.881672240950337,0.03834256912000582,-0.0015007411782108728,-0.02071248102191321
-8.879327783860568,0.04086177513352077,-0.0015490830253202185,-0.0200277986035288
-8.878547244326747,0.036390840482617384,-0.0015848585977974972,-0.021749834711111422
-8.877481150070137,0.02244997296335541,-0.0008732861301638169,-0.019845587684644037
-8.875685279158347,0.02624515488523113,-0.0011584573797399486,-0.021849188221012162
-8.875443096612177,0.024778636524753213,-0.0010272208250022567,-0.01859415668143239
-8.874218847525984,0.035237136850716375,-0.0013086375710835837,-0.01970682402606829
-8.872508435526404,0.019583075133204914,-0.0008702700764561499,-0.02360118742401479
-8.871476956039777,0.03216020053054284,-0.0012947986576847456,-0.018419212028861844
-8.870453006871232,0.02561007709034795,-0.001165657801472397,-0.022136866705157788
-8.866532234385986,0.031808219446547034,-0.0012243329265452722,-0.02228275614254836
-8.865304704175744,0.031129853199849143,-0.0011746000739919797,-0.021702813725117877
-8.863185823744546,0.03128508168768374,-0.0012596002687049219,-0.023861012928756427
-8.861481982939559,0.025492030524812862,-0.0009896289354587122,-0.019706816379014037
-8.860541879706458,0.027423061747525644,-0.0010986959305954616,-0.023756187839836667
-8.858417442931586,0.02816313224179724,-0.0010630710806637349,-0.02158532981814799
-8.857425594675691,0.025877887146289472,-0.0010642807610279103,-0.022972873293350436
-8.855771782443762,0.0387253708486128,-0.0014842354509011545,-0.02250456772208121
-8.853240920938884,0.04858452325404319,-0.0018366585055786637,-0.023289230862788127
-8.850778769496818,0.040359200560232504,-0.001483865035763005,-0.019587154217438178
-8.846777914679159,0.033156951792413555,-0.0015247904790587562,-0.025075311481664135
-8.845329388581336,0.038547271036990106,-0.0016120789941744724,-0.024672692526892727
-8.844641547070875,0.041943904931549196,-0.001647100147315815,-0.021680492975367
-8.843299535513593,0.034415142347086765,-0.001429733383010818,-0.023876195259583993
-8.841592204927549,0.0411832727304194,-0.0014894096875583125,-0.025597291911430793
-8.83995890811362,0.03542967524548766,-0.0012965341018446976,-0.025547693304558094
-8.83712001598736,0.030279729006231538,-0.0013338621781614777,-0.02255961191910066
-8.833869461379793,0.027064404212120256,-0.001173454320970996,-0.019955339532275837
-8.832463285321333,0.03557180000817673,-0.0013518072124081237,-0.021206235437324056
-8.830510271611743,0.03591106155973821,-0.0014248919897208447,-0.024035371179195585
-8.828969242506584,0.03298983582685129,-0.0013075892988223547,-0.025236876329318036
-8.827785988808527,0.030654347905974898,-0.001335137512973344,-0.019563596269135067
-8.824109180141473,0.03008944670858701,-0.001238718626371924,-0.0176785183074177
-8.822718142215559,0.023146608865017047,-0.0010692644319602537,-0.018708399132028857
-8.81930988806928,0.026707663684301153,-0.0010260166542624342,-0.01774366948829303
-8.817667666335936,0.02722051217843891,-0.0011607920011574987,-0.019311957441855387
-8.815907403548035,0.02502085458105676,-0.001055143758731977,-0.018749667036951388
-8.814331110105636,0.04538145057952916,-0.001750128214574119,-0.017157998258916233
-8.813335064298952,0.03062362609799236,-0.001347989156678244,-0.023403363162170714
-8.806606009023113,0.03786749211702204,-0.0015602649921862654,-0.026132423810735952
-8.804776010394948,0.026608771414585397,-0.0015137749289979119,-0.030221145340014514
-8.80277672830703,0.027565091808341415,-0.00119931433845918,-0.02247353530157358
-8.800258447140493,0.03944049540102586,-0.0019360508910073468,-0.03166558928832802
-8.798951939306113,0.02554744202714005,-0.0012453413444723255,-0.02167866173843839
-8.797320751102022,0.03626799310450799,-0.0018737503862574102,-0.034852344417672584
-8.793511008264062,0.03333825617434091,-0.001620379191319756,-0.026444163048836344
-8.79168545464539,0.027754288956450466,-0.001383612385120482,-0.022219400396392208
-8.788359057390842,0.034984521653806076,-0.0016419559291652474,-0.026747647406196524
-8.786828130613372,0.03612878483401335,-0.0019638915834079796,-0.03075851877026183
-8.785495356481604,0.033758543487228156,-0.001748740775428475,-0.031856343970855815
-8.783451778003649,0.0372637281016672,-0.001888643861891431,-0.02708859991033411
-8.781137715044256,0.030849760813200823,-0.0015943084821411887,-0.03127117855235369
-8.779656447593458,0.036750562601072706,-0.0019705342290346566,-0.03522684332462416
-8.777819531695577,0.025571420849742166,-0.0015475490797826979,-0.028419886504537768
-8.775428291147016,0.03275035284462968,-0.0015501770793905155,-0.032422184473291586
-8.774398318577008,0.03582030473772238,-0.0016819569194076853,-0.030038187530744758
-8.7701956532991,0.03158333631019929,-0.0014403818178492362,-0.028257921106986193
-8.766534805970048,0.038631356653345654,-0.0014399783078695026,-0.028247667594808564
-8.763251189565853,0.029735866629124686,-0.0013165172308435584,-0.02457407691196786
-8.761573716486678,0.04279867689546758,-0.001942944830416364,-0.028597199862608606
-8.758696782898346,0.03782525686250374,-0.0016850614432893192,-0.02975060738218817
-8.756773245958767,0.040761736620008975,-0.001847947958591092,-0.028885848057737425
-8.756566268014067,0.03244137950509052,-0.0013930804861418205,-0.027202952658150408
-8.753270284069806,0.02897589055986744,-0.001415605623990939,-0.028864684654294266
-8.752079121031855,0.03217524437722754,-0.001714361240930603,-0.03340607245995234
-8.750129407950997,0.03792248082317585,-0.0019240474766521866,-0.0340937261571813
-8.747317084520033,0.037637344295387676,-0.0018237446280840925,-0.03302209352496578
-8.743803784305355,0.03742453139173685,-0.0017907825644240991,-0.03362249978074133
-8.740020764676693,0.0371947322578965,-0.0017687205902581495,-0.0293446368705326
-8.735566166470356,0.042917079930602106,-0.0019592800707386067,-0.030384543046506614
-8.73330833008673,0.034359948510038194,-0.0017691930494778748,-0.031339794783285975
-8.729297744634112,0.04271453288163129,-0.0024247252907691023,-0.040061594065264265
-8.727559799816994,0.040168839620424765,-0.002076391217617794,-0.03578783096856196
-8.724910755856815,0.042132098295443995,-0.002211531069950888,-0.038635339419783324
-8.724220409373515,0.04321724603217728,-0.0020531197309137847,-0.0368156311072501
-8.722791666631545,0.036273335245796685,-0.002058966953605455,-0.03981095731855476
-8.721027077039919,0.033553085360945756,-0.0017489736075037472,-0.03341844674708087
-8.719531509944188,0.03704605575543793,-0.002114059463919269,-0.04106656747411612
-8.715523649626926,0.03900646244545063,-0.0023363147053081517,-0.0433563422275921
-8.714227590704365,0.04026938502919543,-0.0022446981737466467,-0.039968078631894395
-8.711985490061444,0.042468840760461445,-0.002382621030473954,-0.0408221728412644
-8.710074145872591,0.04411702936960847,-0.0024155167091005183,-0.04091828057418563
-8.708353249026256,0.02801286640977723,-0.0014188051400727843,-0.03300964773992945
-8.707146484726197,0.04342616446185717,-0.002601132494252305,-0.045095370577367976
-8.705623854535057,0.042378086739351783,-0.00235550799586633,-0.03736150584964693
-8.704941002906509,0.03761228161013855,-0.0020528380966555217,-0.04181156123555529
-8.701892743355023,0.02865128032242869,-0.0015439487818740267,-0.03601998308870005
-8.698907417305561,0.03659183695651761,-0.0021064287665428956,-0.035515062501232895
-8.695942894165926,0.0451302956492982,-0.002510402168181406,-0.03485577356764656
-8.694972574793374,0.03261600712457601,-0.001661000171274228,-0.03367188606203878
-8.692479656531006,0.04190180415979092,-0.0021632997516434264,-0.03736368508329923
-8.691238011142179,0.03918967725689148,-0.0023247722031215687,-0.03888694741746782
-8.68592651117346,0.03932245265526643,-0.0019674624568432847,-0.0345195336329644
-8.682061598243848,0.03575150718449532,-0.0017608760518138921,-0.031384558848893226
-8.678409470982574,0.03578163206933224,-0.001852495696527105,-0.03464669849397001
-8.677664351710565,0.03942110870255393,-0.0020520653010556067,-0.03592445126135078
-8.675708105153198,0.0367206927447507,-0.0017821503314059482,-0.03520914266531967
-8.674724111983291,0.03856988316932398,-0.0016847754619229581,-0.029514740426289054
-8.67406563580471,0.04105891246240887,-0.002056639611337993,-0.03855356184080835
-8.671877511925716,0.037025636751599,-0.0019353950634107592,-0.035456768431503985
-8.669708999376,0.0377522052550119,-0.002077414182283682,-0.03741645273343195
-8.667678787486127,0.04265847858316912,-0.0019773407231141794,-0.033560989564061706
-8.664499403436281,0.03365620307594385,-0.0017350797163830432,-0.039767480783546895
-8.661461780978694,0.036218313991741004,-0.0018876365061628736,-0.03849654463042286
-8.659750591066022,0.027694434110272496,-0.0016638651875083572,-0.044472503638842475
-8.655105249548797,0.03252118074008072,-0.0016970002929035312,-0.03657112201811708
-8.65250442455446,0.025165416715134264,-0.0014147138970239434,-0.03872567018499603
-8.65132637971214,0.030989499771261655,-0.0016022978370795588,-0.03725765323649368
-8.649792138161663,0.03139828464226547,-0.0015932858941376542,-0.03862449351474624
-8.64728810894327,0.03219451687993086,-0.0016107342211833886,-0.03837638534773259
-8.645806028480461,0.035049800986749854,-0.0017076462896047362,-0.041284000225386135
-8.642781071020302,0.03179210897887424,-0.0018675392877258294,-0.042637130802017954
-8.639284723921133,0.035729354315218405,-0.0018558783652993893,-0.04290276269166376
-8.636929187809331,0.035786312720598484,-0.0018851747093993267,-0.04139337394988633
-8.632936710726677,0.03200853866966308,-0.0016966146314472596,-0.04173074062675789
-8.630058347781292,0.03762607042942509,-0.0021285046276472487,-0.044890103911533176
-8.627443994919876,0.0453959532434687,-0.0025136403238536337,-0.046906348712096854
-8.625667777166317,0.03733349775315146,-0.0021123462372280703,-0.04649038044463122
-8.622333434990784,0.036971860859768696,-0.002067331299256424,-0.04371602387450449
-8.622143244391852,0.03449340752974424,-0.00192297805982344,-0.04651865747490558
-8.618978738195164,0.04301701983952424,-0.002297864669421899,-0.04347303653105091
-8.614905563754368,0.034208985279648656,-0.0018728420865377472,-0.04589237936093404
-8.612806799530613,0.033169082509247536,-0.0018682965143774436,-0.043666355425721524
-8.608983843253654,0.032264155452322696,-0.0019136051003922022,-0.04622472098982897
-8.603980638776498,0.03912386225215846,-0.002230727517120857,-0.049171046608458405
-8.60135093138926,0.03795015324245673,-0.0022723925185530783,-0.052415419503288437
-8.599481271967377,0.045103542296295804,-0.0022150632530557237,-0.041017532925879466
-8.597894870654544,0.03136808704444262,-0.0016851112978128588,-0.05172225319165058
-8.595763433040013,0.03331178099224453,-0.0021025388396149853,-0.05553874366562143
-8.594020734167767,0.030751535127349346,-0.0016664598852918272,-0.05090646105352393
-8.592633293175655,0.025773351160836025,-0.0013369003513278876,-0.05220126706645993
-8.587546988731297,0.026177971955319086,-0.0014846371119323323,-0.053231442628280154
-8.587065983502166,0.021926734516617318,-0.001215637689137078,-0.052544616799928716
-8.586346668790172,0.020213897910300514,-0.0012204757770164943,-0.05694060352312165
-8.584831482608381,0.02998993602736349,-0.0017385226971538001,-0.05290714771487861
-8.584289933098006,0.025730297569919645,-0.0015583573652197629,-0.05851059872714151
-8.576367494631409,0.03714702076121873,-0.002457996050685068,-0.059865844795352015
-8.573324127030864,0.03304552603894964,-0.0018374861111568374,-0.05186902050394233
-8.57236839139322,0.03562741291527744,-0.0019318654978349307,-0.043668456590177394
-8.568498339504144,0.03756035205696681,-0.002015170048281614,-0.049474089065035906
-8.567104719710597,0.03440402012953841,-0.0017831245306603955,-0.04541023788484762
-8.562229791564564,0.03712097546484558,-0.0022950256664700215,-0.05653178314103661
-8.556907655825022,0.03329507598772106,-0.002093566760849982,-0.05329923093805829
-8.554065852273526,0.03388118255446914,-0.001814431525031895,-0.046807180032171346
-8.55174891670712,0.032091204998165354,-0.0018953058519217973,-0.046350151853854035
-8.549672261301948,0.03149150481489498,-0.002178170952088365,-0.058879849246040325
-8.544924217190564,0.028799244033010922,-0.0018875017721660036,-0.052504069744165265
-8.543281533930772,0.034502636351148544,-0.0024847674052009333,-0.06372027027374155
-8.538704764181817,0.038542127369368295,-0.0025048769628631543,-0.06219229941391355
-8.536897076444319,0.02914947091916772,-0.0019937330503643253,-0.06377025446427285
-8.535687563582286,0.037594247060139335,-0.002424398033079037,-0.06478730098030586
-8.533122738049485,0.038728411971599014,-0.0025789262945478007,-0.061424885171060685
-8.530514648640926,0.03479621151751305,-0.0024700109895218476,-0.07120392039750437
-8.528419335869135,0.03953920601288977,-0.002340798706304947,-0.055673714114311296
-8.527210065437716,0.038330517771967235,-0.0025819162302958823,-0.06612762368612198
-8.523604028438033,0.04265831724585479,-0.0025477386360582394,-0.06447796335250915
-8.521856197720783,0.03803065978581873,-0.002477399357921533,-0.0641494446986216
-8.519425764508837,0.031270055805283845,-0.0022415093820388424,-0.06222812650804636
-8.517469761439157,0.04268827195878791,-0.0029840693979045116,-0.07590698630225588
-8.516622553973747,0.03533423196556543,-0.0026103369344858025,-0.07681217613823638
-8.511981248285496,0.03606115563934921,-0.002815983480491606,-0.08681111018486125
-8.508358677748712,0.037523486040465195,-0.0028079281442191894,-0.07749923357420062
-8.506621952164844,0.04461727203418078,-0.0029489600657870135,-0.06319614552582682
-8.50261921097095,0.026167778885683463,-0.0018396066896978558,-0.06849342685481935
-8.49956681777829,0.045208040830717756,-0.0029047397783360197,-0.06250374502229487
-8.498880647332198,0.043215588917400447,-0.0028037546046783164,-0.06652686896865287
-8.495500154626095,0.045887788738549866,-0.003028492705945707,-0.06820231018332211
-8.492852047918205,0.03753197780707388,-0.0025345350610548605,-0.06385072518843285
-8.492108496437574,0.045231853080825155,-0.002936389672936777,-0.05511294698942041
-8.486535640931676,0.04190778484837251,-0.0027392393357113264,-0.05192931654880796
-8.483370545272853,0.04182796733303041,-0.002799948200231247,-0.0714363350597466
-8.481443673600248,0.029737933333765638,-0.002186006699673918,-0.07196500764120865
-8.477778891313404,0.04571575070660895,-0.003098232418434956,-0.06943603476132926
-8.475640327831918,0.04407008479395858,-0.0028131923721360164,-0.06386885570141208
-8.472495188382595,0.032748559035336765,-0.0020028442497169886,-0.06849407008006286
-8.470331408528939,0.03233401205652033,-0.00185598053561727,-0.06592772462527853
-8.464181501392806,0.03526876460916697,-0.002261575333351212,-0.06732884955446201
-8.46272450983892,0.03327698523809206,-0.002209144077579001,-0.06221463774681018
-8.460845312597595,0.03769995296442682,-0.002404300678012931,-0.061358145175362366
-8.45579099730755,0.031091249105013714,-0.001957347691217005,-0.06566867941235154
-8.449740955203756,0.032526881581570126,-0.0021176563205618473,-0.061026466370268186
-8.447541585819843,0.029186808827666996,-0.0022197347727178443,-0.08486685450651532
-8.444248124331446,0.030736043707366087,-0.002028701160998442,-0.06924301337382632
-8.441901341807503,0.0304420384762923,-0.0020042953375764582,-0.07092443540089198
-8.44098624410269,0.028407872178897158,-0.00215885309567885,-0.06911324533502942
-8.437323031016485,0.03158535590010643,-0.0020536344537408807,-0.0778529994724169
-8.434531237545661,0.026235995825908222,-0.0020326655902673475,-0.08068294527281775
-8.430019494793697,0.029948361276607768,-0.001785884524696662,-0.07444692135108773
-8.424889308091036,0.02963676607676053,-0.0018760064177315032,-0.07802189293382635
-8.421639229051125,0.033500503246912124,-0.0021257298534391343,-0.07837326320931995
-8.414246548828338,0.033555729219473085,-0.0021481367252308495,-0.07591405032185802
-8.412424415081082,0.0314183883248324,-0.002236512354314417,-0.08769723084908422
-8.408237426683916,0.031743713523961645,-0.0021344550501793736,-0.07637595390736494
-8.401840560812365,0.032935777551497396,-0.0020091527026675424,-0.07254940098724467
-8.400496381286464,0.032408113355588034,-0.002208788790735823,-0.07680577787399899
-8.389017770341724,0.03238803504908206,-0.0022422333026972264,-0.081371779212015
-8.385908742513061,0.035232547945352355,-0.002398964129546142,-0.07789775572708127
-8.384883660778472,0.033127470613650394,-0.00219071266701024,-0.08881552494647584
-8.382119745107667,0.03156814667387941,-0.0021941046424279755,-0.07694914494644439
-8.37853686589214,0.031662764363610305,-0.0017550325203926271,-0.0673123917823286
-8.37336830352341,0.03179411493211066,-0.002191511651661623,-0.07835854025105304
-8.369503581118487,0.030067533377908354,-0.0018721775978073252,-0.07396290039879899
-8.364576548866356,0.028670942631632914,-0.001784772458547533,-0.07773055551575556
-8.361135853246497,0.027917461987335856,-0.0016684969743357694,-0.08038944254878772
-8.355529778835924,0.02919750799175325,-0.0018500660352405256,-0.08209844634156077
-8.347996855318952,0.037191779520968166,-0.002105785511568359,-0.07115421192507213
-8.342848207664785,0.03022726350446063,-0.0018615122477030808,-0.08258295461453526
-8.338572600366641,0.03619813310796347,-0.00210580640348257,-0.07371038943030038
-8.336755561126688,0.04404796023644964,-0.0024215155244867123,-0.06695234062450184
-8.320621155689862,0.03046344709049638,-0.0022807974714637073,-0.09439783766957062
-8.316423501955274,0.029771896440043914,-0.002156410634269688,-0.09342861616531471
-8.31220351743207,0.02944659840105005,-0.0023093457128384167,-0.10324140143338756
-8.308792424929784,0.040125610889270816,-0.0023208628770324344,-0.07499073898534522
-8.300953390745022,0.039181629181006185,-0.002166109979434818,-0.07643206224960326
-8.29385330830515,0.027290040911820315,-0.00192770259364877,-0.09187184710893923
-8.292152948356646,0.030137794821045415,-0.0020757078485126716,-0.0891141797611648
-8.290221851011422,0.030173693505282685,-0.002118130115970876,-0.08562861826263232
-8.288573516286002,0.02184436739379563,-0.0016752806911194745,-0.09500006058653686
-8.284773978146974,0.024608294490798096,-0.0018907334435494885,-0.09826807618981892
-8.280093787412424,0.024618675507429924,-0.0017386551763959519,-0.08757468237807821
-8.277058365337085,0.036399305824849806,-0.0022954181744295034,-0.07628119666392225
-8.275331007287267,0.031238948815765617,-0.002074879364155773,-0.07953856937939469
-8.268429001571905,0.030295791568309034,-0.0017763993618499592,-0.08983786839686758
-8.267279776319224,0.02786916572220996,-0.0017999376313984404,-0.08596440967173596
-8.264354242801412,0.024328740460708143,-0.001553898181714498,-0.09250158134081647
-8.258114687563282,0.027409068667350614,-0.001646919550919984,-0.08682591877700123
-8.253984065164907,0.03408495955053643,-0.0020904528039634948,-0.08576500526556191
-8.253617795862338,0.016400548297600678,-0.0012175988071797422,-0.10947837850485591
-8.251175660352608,0.022247423555091895,-0.0015038940581382479,-0.10500018639039761
-8.246294235693608,0.030767355271271956,-0.002069800051685372,-0.08971423825339278
-8.239460868571621,0.026074606625978044,-0.0017313098121966336,-0.09747519798541056
-8.230333168290509,0.035774584225096814,-0.0018243477342918023,-0.07969312942549407
-8.228692007666345,0.013488897691171748,-0.0008850066192677075,-0.1033102959981812
-8.22468649325594,0.02825118616928823,-0.0016304287896321645,-0.09311801074955355
-8.218188591478947,0.03947350901291055,-0.0022297401830388796,-0.08378406253100246
-8.213997918553316,0.029551118642715014,-0.0016629161348183123,-0.09407242262969237
-8.213343939638959,0.02254105788637392,-0.0016714783567086675,-0.10880606107318783
-8.209438439493915,0.03526050750464191,-0.0019162998098340115,-0.08875086269578278
-8.207067230235431,0.027619373785223243,-0.0018698600213796495,-0.1013474443480172
-8.20279780720109,0.041473913140397466,-0.00210235663565543,-0.07840585768033093
-8.19226168033427,0.04235341212018648,-0.0023340984126320463,-0.07529134056022557
-8.184798373527379,0.03573444995236906,-0.002252552390490922,-0.08681098102338307
-8.179855210199403,0.033077346242665596,-0.00222748043507334,-0.09011390688862572
-8.17481726787945,0.03257635215251145,-0.0020386496371295054,-0.09177262019646945
-8.17236649032496,0.03153503017091616,-0.002043456750386283,-0.09106576460684672
-8.171145799010961,0.03120118790848309,-0.0020584824563404693,-0.09141148680732858
-8.165038878413979,0.03816021284377975,-0.002071942614827214,-0.07365690736310199
-8.162753307463097,0.030425023606496883,-0.00204896760346553,-0.0946390150449793
-8.15905235458194,0.03365962651352361,-0.002125940382447828,-0.0859093819112187
-8.150079033402701,0.02669604189614744,-0.0018944016691915715,-0.10047037366136424
-8.145723154557007,0.029692052665469152,-0.0019031711449638373,-0.09469260968662409
-8.141916441721069,0.03438482504253514,-0.002112095117708746,-0.08273172421207894
-8.134983084403661,0.03623916881895881,-0.0022146035953261685,-0.08110466758154788
-8.131541798680441,0.03286361965885636,-0.002001484821223182,-0.09576564738103567
-8.12773912221319,0.0416863157610053,-0.0025342092122750755,-0.07835679974767863
-8.124453810207559,0.03214767067685598,-0.002208861646496111,-0.10016920858056982
-8.117017019130204,0.042083786305286995,-0.0024497891924302813,-0.08769425469273989
-8.107463847691434,0.040986906796974476,-0.0026378030186732415,-0.09476547068322701
-8.096150618476758,0.03963952854681417,-0.0026455574957995444,-0.09443473568745582
-8.093623612423057,0.040521231857985264,-0.002594855780773939,-0.09377728897016274
-8.08718401673059,0.04592456596661772,-0.002840013660552686,-0.08545892700223075
-8.07834333888546,0.04645672453973034,-0.0028125447824358246,-0.08783681196809094
-8.075489297490835,0.044842412990977354,-0.002838394817982877,-0.08269081510886632
-8.066591039635233,0.051951527126889795,-0.003189051796598544,-0.058293062496012994
-8.06143404147451,0.049945993947015405,-0.0030936316713051433,-0.06735163299527815
-8.052171259515953,0.04640204340804309,-0.0030220158540898256,-0.08190166695113381
-8.050449267119442,0.045615419083355584,-0.003025956394095672,-0.08269375906195317
-8.026702066707822,0.020737699163900142,-0.001842785640558692,-0.13307330055052832
-8.02016797347865,0.024663014606751833,-0.002101315966312534,-0.12814361927648757
-8.016261186393384,0.02837803132278658,-0.0022595174953147583,-0.12387418407094203
-8.01425995371886,0.027549875210610763,-0.0021422984382811613,-0.12118513438628398
-8.010470508761943,0.028139638728194864,-0.002221813389116737,-0.12611215005322174
-8.001988526782554,0.030958371697138356,-0.0023074801786720106,-0.12361207768039288
-7.999456811564797,0.026995484390886153,-0.002283918201344951,-0.12499860431585379
-7.996536357951866,0.02423623254495576,-0.002042648076339002,-0.13065147666284377
-7.991876007044559,0.02710665117466752,-0.002312176973960921,-0.1282296217525121
-7.990388133324733,0.02426972895868885,-0.0020859606070372893,-0.13236668948578387
-7.981847346183799,0.03271416408294468,-0.002624021364518534,-0.11946926943727418
-7.978126251787059,0.02968042166233619,-0.002289329185849564,-0.12650089009823565
-7.963848448297329,0.023246302216192925,-0.0020608425958900884,-0.14016831382353764
-7.9585272960705415,0.025687659069289357,-0.0022119514066795782,-0.13843439449334974
-7.953417664763472,0.024613406423400673,-0.001985100745164953,-0.13456126483249886
-7.945937663866364,0.02393808246861797,-0.0019827297142081465,-0.1368101241144711
-7.938235624102457,0.0280011966520064,-0.0019619491601135398,-0.12623032894607308
-7.932710991934246,0.028509361096107296,-0.0019241994556900785,-0.12173058958741224
-7.923636294588246,0.02430333309782771,-0.0019035547441097781,-0.13734615117947943
-7.908886812500912,0.02722260457146679,-0.0018519828171864453,-0.11786775933868954
-7.903767091503104,0.024892696407039616,-0.0018903834139133572,-0.1472455816225693
-7.9005224660532205,0.022803545815992612,-0.0017154637793944777,-0.13674275500421357
-7.898925656303548,0.02039182567309361,-0.0015934712612834419,-0.1418272900793626
-7.892744496338458,0.029287842725844223,-0.001918072554506337,-0.12830442022872737
-7.886299717469682,0.03033036982129673,-0.0025010719314086634,-0.14766018766151245
-7.881625791283599,0.031310375009682034,-0.0025616271630434194,-0.15122808693043374
-7.878043285548482,0.03208869952219719,-0.0025707643161477817,-0.15016624241487916
-7.840079554568049,0.030252154402567448,-0.0025227704073117335,-0.138276170242239
-7.831329796197498,0.02005031469656442,-0.0019383299709482258,-0.15137968206032335
-7.829380043756855,0.018856385748234065,-0.0018606645044050411,-0.1539018373216308
-7.824127104179196,0.02040892737480136,-0.0015986460913498452,-0.1548834306562278
-7.82129296040469,0.02101101140887583,-0.0016883482246850847,-0.1561978387290023
-7.8153563230467995,0.0243930934649889,-0.001832450933796197,-0.14969363400670613
-7.810906577660066,0.020501808042896186,-0.0015396641699996021,-0.155361244422674
-7.786980647079432,0.020429121336847062,-0.0015279976123194479,-0.16788020009641166
-7.780971201789711,0.022572243796267346,-0.001783715302645473,-0.16580477500478005
-7.773930325168781,0.021678056329848105,-0.0017124569527127713,-0.16466913695549235
-7.770407976514226,0.019853823633489778,-0.0016094431579877799,-0.15825456771623714
-7.76297385785347,0.02372983837521866,-0.001946893111934195,-0.1582535846572554
-7.757358863340951,0.023609622919250894,-0.0018905860755185928,-0.1569538009862998
-7.716923166923263,0.01945233279561902,-0.0019656423227611963,-0.17046183071800217
-7.705773218839909,0.018556778511582866,-0.001902162635375671,-0.16325436829471063
-7.700159794530245,0.01790243483520655,-0.0019557643986372344,-0.09354977470715485
-7.692378394595389,0.018275901622520012,-0.0020404744517958776,-0.07728805352206626
-7.689999466623189,0.018275996640920073,-0.0021188495329668784,-0.08011549757822056
-7.685684043031548,0.018212457271766447,-0.0020532807099668793,-0.06423371197905438
-7.6813589397749675,0.019633486891223895,-0.0022030072112068917,-0.047106881652687595
-7.676293500152664,0.017551817968310998,-0.00208453240592406,-0.036831243335870636
-7.673131423926571,0.01810137834461728,-0.0020488409102681865,-0.05309704937990142
-7.669959100404331,0.019280031173803627,-0.0021506420503668473,-0.03788029770410186
-7.666857097355851,0.021779436909497008,-0.002403568535244429,-0.08984551953416023
-7.662558169023273,0.022384093252847653,-0.002463859939495521,-0.10140366432183075
-7.658939199775775,0.025069120889228143,-0.002586100087178092,-0.13399526699380132
-7.656086466111938,0.024259097828115108,-0.0025405307877507796,-0.12069030044765747
-7.649353741662875,0.020524336140150874,-0.0021262214056496104,-0.13602731106915217
-7.635899513969847,0.014601200848113775,-0.0022755985981949525,-0.12557579667897417
-7.630110556903819,0.01659424530006949,-0.0023508467055902253,-0.14559831542876012
-7.623879500238355,0.014021020576654367,-0.0019557423776949043,-0.14561189934428356
-7.623023549002128,0.016016892627203762,-0.0022175761631129,-0.14458135801743904
-7.619154683599523,0.01454957545869546,-0.0022046765417651822,-0.11911336592642807
-7.618633906441417,0.012740585920469723,-0.0020433307561271413,-0.10312891784360977
-7.6127085691545675,0.01040490145631395,-0.0017855391521953805,-0.1019040528394575
-7.610683024778567,0.008153103540284668,-0.0016479481867282871,-0.08319287857766651
-7.603549565973837,0.004723217121453884,-0.0018014347676863344,-0.023506502464507823
-7.6023269886686,0.005705256710740237,-0.0016427046248210784,-0.03897832974122197
-7.596257343366802,0.006294579888791878,-0.00158473192008006,-0.04247817405827359
-7.59313395656299,0.004948194300151027,-0.0017533564951510779,-0.04121283465021815
-7.586490853724658,0.003717728678871808,-0.0018770138658956417,-0.029851900981930222
-7.58047856710908,0.007064289389427707,-0.0023419556205967885,-0.04057926234380003
-7.525183330485985,0.008802564196082188,-0.0008205868549712516,-0.20316956498366884
-7.517554491267331,0.009127562528927559,-0.0008568146299897383,-0.20391156263779764
-7.471780691811796,0.007685998891383426,-0.0009040054308536868,-0.2184757352787788
-7.463472200581401,0.012225259076903805,-0.0014064956850525496,-0.2075484169175007
-7.46070681150953,0.012504260405705238,-0.0014528776349714016,-0.20726045576407356
-7.457078599827915,0.011319637206220116,-0.001242239054084416,-0.2107351591487226
-7.437034973181986,0.019867498491143033,-0.0020342664016786416,-0.20541205186351527
-7.433824067005799,0.017795358615907978,-0.0018442405772246596,-0.20976265678681386
-7.4321015675458595,0.015313663972909968,-0.0015977172035549977,-0.21382124792764196
-7.430411226291903,0.013164830909422068,-0.0014600928536200636,-0.22070017411459783
-7.425070230156331,0.013927755689952359,-0.0014664323638894877,-0.2195089963342972
-7.418578669331229,0.01807596772693335,-0.0018433963249268445,-0.211020557920486
-7.4074642648106765,0.019744263971006152,-0.002108197145598707,-0.216188163739414
-7.404588544751546,0.019966407926818336,-0.002097417416034539,-0.2149833396060123
-7.399125666847384,0.019253947233889186,-0.0020198161338078574,-0.2186347440782941
-7.359407544595318,0.026097349809248938,2.8471256218109692e-05,-0.002569174836305512
-7.343175518940016,0.026523670186306175,-1.6248552046639654e-05,-0.0027654967774387745
-7.330963763301987,0.021548195813887866,-0.0006086056876781243,-0.09657860683795483
-7.326196083081252,0.025529904052783173,-5.7313261581366565e-05,-0.013063359128507404
-7.325903086900046,0.023013185029173672,-0.00035099445422824874,-0.06629784087902775
-7.320987662297902,0.023167213406525087,-0.0004390225167621001,-0.07374606834081732
-7.3170938201458045,0.025677489055702506,5.442738209539603e-05,-0.004126486601881953
-7.314615969611131,0.022783008076258698,-0.0004322098911089102,-0.07693370296801276
-7.312780410017284,0.025479732625039303,-0.00021708676988167457,-0.032145996778247775
-7.307531305909363,0.026658696825447723,-0.00035287284131561223,-0.03446334473892254
-7.303181442146629,0.027438172073196137,-0.00018654139816999126,-0.01374569543081046
-7.297239437098411,0.026210534004728548,2.619483154818602e-05,-0.01774927159438497
-7.294637951778212,0.030277572970222575,-0.0005671662228473016,-0.0021089400177037826
-7.291380245433656,0.027820166441792093,-0.0002152826054681523,-0.00439565321632231
-7.290382350660264,0.028288751763306957,-2.292211032178055e-05,-0.0037595564160305696
-7.287463658503007,0.02498776876818135,0.0001866898992480842,-0.01534443156127486
-7.2844026656884315,0.03092107915780926,-0.0003150831385410117,-0.016628924672949845
-7.283714270630836,0.030188942486087843,-0.00034779150122666387,-0.0031638900925945145
-7.278547543538231,0.02933251654294654,-2.2176017387301474e-05,-0.009343077583114237
-7.2749735994858,0.043479825095214406,-0.00113877987626113,-0.002095453692545743
-7.274223165653268,0.03218888776748353,-0.00012440233301298334,-0.0071019177205845175
-7.270162764900417,0.04949484447061587,-0.0014030907668958143,6.879761326041939e-05
-7.2684714515124496,0.033121739204612956,-0.0005952994939314649,-0.0033809660656323095
-7.260248613235517,0.03428890900934727,-0.0004183059800235059,-0.004025340879968046
-7.25235245282895,0.044288700073759735,-0.0012563128132867772,-0.0015932013322689823
-7.250282868157996,0.041487695131811844,-0.0013834672953853284,-0.002580608002258746
-7.248661126850498,0.04727683768786746,-0.001233618687703428,-0.0021224471382671824
-7.24480381232068,0.04654340693230945,-0.0012682040070745306,-0.0010789060801712257
-7.2427268928585145,0.04879501734400239,-0.001310592533634161,-0.0031771283766644843
-7.240742753686936,0.0466749609044407,-0.001099957593117515,-0.0022794236322427742
-7.228716229875073,0.030856284027732873,-0.0009707556557660343,-0.021391305963339238
-7.213103959325992,0.022636248990313478,-0.0010210143521382977,-0.10919561669061684
-7.210688045618181,0.030638441387437033,-0.0010151717583996315,-0.02007249377661355
-7.205258249940429,0.02056306554749694,-0.0007020795021643117,-0.1237260092510606
-7.199974095881064,0.018684208365937337,-0.00036021662699735167,-0.13368271132557136
-7.19611745665339,0.020126742422569305,-0.00042683082220868634,-0.12684103297881408
-7.194758798325825,0.01944378844245375,-0.0002605734211359501,-0.10430533601227507
-7.190217870895646,0.016318274588498632,0.00030469883199123784,-0.0908376221565474
-7.186114622903854,0.020680685742523436,-0.0002539251169794867,-0.0857360825618304
-7.184520463427178,0.018809691227375667,-8.385926018380081e-05,-0.10026036905773285
-7.17866823285966,0.0158398912461801,0.0005746171452336388,-0.06322113749215087
-7.1708440150565345,0.012368713922879172,0.0002488644564971736,-0.13510488329129397
-7.1686666639117815,0.014761988745684717,0.00019910994664360535,-0.11668649438021059
-7.1653170623714475,0.012298057691126999,0.0011673117791557066,-0.04682769070789179
-7.163433939451758,0.015389749251680844,0.0004443528842473131,-0.10445911468918738
-7.160031253090816,0.010395406774716823,0.0013604955286216388,-0.05763472540444039
-7.154330403150478,0.010954865748736817,0.0013458098644161221,-0.05495732110388841
-7.14814547124712,0.010463261662189463,0.0015003736115050763,-0.047297768163401976
-7.136185086055149,0.025112385093925927,-0.002161426837809795,-0.19741310160657038
-7.111055633399483,0.0190620739511825,-0.001212766989044135,-0.20213648631410028
-7.1023295114860705,0.018725821650543758,-0.0011556463446544113,-0.1995158457748408
-7.089487773988864,0.03503168161128727,0.00028561847641067156,-0.022139932704760473
-7.082070344919286,0.033893877117024955,0.0002089478197888026,-0.017423632173079493
-7.080834892941812,0.03646426197469863,0.00021463730444478923,-0.008112052504611136
-7.077316313442685,0.03410788439638899,0.00020414262437226638,-0.01831901723276721
-7.071409932268722,0.030423263009743656,0.0006095870864199704,-0.022050318786851958
-7.071035171989932,0.03175530634445333,0.0007258934978888695,-0.011190105305876469
-7.070643776778824,0.0327639545721355,0.0005401262372515906,-0.010216018167418937
-7.069468653001364,0.030151674271186438,0.00047288857033182634,-0.03275106634469466
-7.067865617852102,0.0325184437774896,0.0006067500051029672,-0.015559918119260897
-7.067063194367104,0.03342456620462026,0.0006406502713688766,-0.010439289246469073
-7.064415583489746,0.0340824065258882,0.0003043210988450817,-0.01301067461543007
-7.063765539581855,0.030024799876205675,0.0005010726690005556,-0.017891843830793546
-7.060637235847696,0.020949782725193725,0.00011474303797047499,-0.10786283832993102
-7.0563253658037315,0.0173773042782784,2.4866775504760136e-05,-0.14546623762756294
-7.054696152239432,0.016725437800117388,0.00010437745855726717,-0.15141596927610537
-7.052483936713324,0.017511314890578604,-1.3322384155139703e-05,-0.14269589019259987
-7.050829028412447,0.028528820272955457,0.00043107950027629094,-0.03207371259934458
-7.0480214524747575,0.03147457287785189,0.0006099301131897292,-0.024414203829390406
-7.046181801180697,0.03240943846241236,0.0004350184756944287,-0.025545784866282818
-7.044493380867856,0.02855002710463666,0.0005022629647750387,-0.017486983012801605
-7.041027938706707,0.02515741740700202,0.0004364070419622615,-0.05635897641153977
-7.036391579851996,0.031020690290082482,-0.00015869492426863894,-0.0054706357652637315
-7.026114784355719,0.03074544691918958,-0.00018008773662368176,-0.002849723541857068
-7.025010426034988,0.02987338040478899,4.780605930175717e-05,-0.006486145925641549
-7.019542109165407,0.02983320274868395,-0.00016566594324604663,-0.006394177052811228
-7.018303727295744,0.027670707899608436,-0.0008942220236287389,-0.009674022412570682
-7.015408604330819,0.027725306722073902,-0.0010202508962248702,-0.0006131219363383193
-7.012192720363129,0.028660453933201283,-0.0011798111933907828,-0.0014736700958394434
-7.011186363528783,0.02896282891182506,-0.001267644510190193,-0.0024372687680441533
-7.007982172468354,0.029297572867030004,-0.0013101800510852122,-0.002955126875181024
-7.005467426164239,0.033083609429745774,-0.002574611831366137,0.00025174599038032907
-7.0043056876953145,0.02845854788700029,-0.0011609808348094807,-0.0020136067183677817
-7.002843356612462,0.032254465188939846,-0.0019948024830434286,-0.0029039625670061616
-6.999575916400179,0.034873179832277806,-0.003118014533485275,0.0008122329706423574
-6.997039743295945,0.02794749096472841,-9.797713873899012e-05,-0.0009634827115205349
-6.9943033074301395,0.024880933734119468,0.0010077290949143322,-0.00324921946243883
-6.989379798345914,0.03528062910058423,-0.003100322142064729,-0.0006788682991705616
-6.985423904229188,0.035366748718648325,-0.0032476591712011396,-0.0007277051863375654
-6.982696970367524,0.033116769038993424,-0.002436973639602691,-0.011601588568271851
-6.982378807211734,0.029550805319747235,-0.0012847448726708446,-0.003311378019665295
-6.98134332681458,0.035572932436888145,-0.0028052095758336905,-0.001261706140227821
-6.976451283367688,0.02822123522569099,-0.0010894722315671224,-0.00861219166273031
-6.972059385581404,0.027218862350997013,-0.0016975727592736796,-0.06583653418578984
-6.969658439898435,0.023039489669063287,-0.0011179315284797985,-0.09671826224114824
-6.968637297192002,0.035245140192000764,-0.0006722970781326991,-0.0006404402002234055
-6.963540740064065,0.035190724936762556,0.00018482050025162334,0.00025709325333792113
-6.961862638017751,0.034619872008723185,0.00044405961223432656,-0.0059419808543122185
-6.959414032112341,0.03485748605051455,-0.0005718057044487721,-0.0038519127046706837
-6.9568408358417,0.03449092873249398,0.0003905531118050388,-0.001313535322613745
-6.955276467755842,0.03192096617213277,0.0006217181482422567,-0.011340685352864489
-6.952353883194676,0.033248577740922665,2.345577562594007e-05,2.643472912610887e-06
-6.951128368609459,0.03235669957947226,7.051252828474389e-05,-0.00964216356469483
-6.950060180428476,0.03442680730189395,0.00044444538623269477,-0.0013339066396152153
-6.948445777588474,0.03337830579485099,-0.00045554834737821263,-0.0017161353805529062
-6.946741560761759,0.031315917847655625,0.0001612352932898195,-0.004803173521711311
-6.942927388812336,0.03350463741348301,-3.085968982952201e-05,-0.0019512640760092667
-6.940702947677875,0.03437261522204649,-0.0007226832876974514,0.0019447920264817247
-6.939391812527196,0.03435145961735215,-0.00028062743710217757,-0.0010799271698191692
-6.937799269805422,0.034192732736174535,1.767101904633559e-05,-0.0029856235859512894
-6.936687393247212,0.035706200867348895,-0.0003947538004386843,-0.004650209405933715
-6.935806379515205,0.03391480996364033,-0.0005456422759732647,-0.00392685243120711
-6.932638237090844,0.031643943299752085,0.0002870080082296671,-0.01154394158102839
-6.927061480880801,0.02883321871974987,0.0006603375863954828,-0.004527587230815957
-6.924585170108669,0.030552745521802673,-0.0001192233839364846,-0.008775468508140025
-6.923029142521224,0.028699068828765238,0.0005752377931728018,-0.010518804936051143
-6.91927867775966,0.03432446504542724,-0.00039220264637931696,0.0007378791353812808
-6.91831420933461,0.033716292098827455,-0.00027732126374433813,-0.0006142487666669209
-6.916178084852243,0.03355940325318283,3.687045950732842e-05,-0.008987856497527938
-6.907498645163306,0.026070519424460002,0.00016677298614866277,-0.013755591922370336
-6.9062669744104195,0.027034759954171945,-4.9897753413805336e-05,-0.011343621761606753
-6.861960403959575,0.013398240235453933,-0.001043334386225579,-0.23282128401324031
-6.859412730863399,0.013708382171282235,-0.0010476334505142122,-0.2187067533771569
-6.853929142119938,0.015062038199729146,-0.001075138856116626,-0.21771246814042397
-6.851369457815733,0.010754451931832896,-0.0008505298560595522,-0.12648112644073875
-6.844220617003184,0.00880087091339957,-0.0006518690825930831,-0.1826205476608101
-6.842999177627148,0.008786453639821019,-0.0005261131631975708,-0.13265439635668255
-6.83960723525897,0.014224142866927624,-0.0007609107747988592,-0.08958954648663056
-6.837232705333646,0.01340234499712583,-0.00060702339980362,-0.029513841719443903
-6.830616011427884,0.01306234671199598,-0.0007831080976353344,-0.045342430980235444
-6.828856545266036,0.015182966658965,-0.0005655783421340363,-0.036624960045256616
-6.8270531492422695,0.016155253552125565,-0.0006216820199816127,-0.007111011560498513
-6.824249769370514,0.015480724363259167,-0.0004111214780481817,-0.0018344164731176965
-6.822166311972938,0.015327454113621542,-0.0002050190528729755,0.0010826504713081335
-6.818011224629985,0.017168086346804192,-0.00032660882182951204,-0.004357288641864517
-6.81741881676046,0.015074343772274524,-0.0003986474759341864,-0.026840627143141258
-6.815324257787805,0.015965067471482592,-0.0008455756885060186,-0.02377313473421796
-6.813548784514762,0.016164308010913116,-0.0008405224520406332,-0.01489032742726751
-6.811031469813828,0.012994753439310969,-0.0006050335805745473,-0.00965957533104551
-6.808365681888966,0.013484304044689258,-0.0005193354914235314,-0.004366464559237392
-6.806915422367428,0.013822128161122205,-0.0002506023610972335,-0.010135204086135012
-6.805261572174902,0.009161790146876531,-0.00024649838266136884,-0.013419786142052727
-6.80443362294217,0.015199474809709493,-0.0002322202914771166,-0.0004720998237522038
-6.798257659113341,0.01633884357285499,-0.0009273085287688234,0.004074713350959377
-6.797616351029746,0.017463466886299732,-0.0005215457708331609,0.0030326821263642373
-6.794901173387911,0.017564314349224595,-0.00097250929360616,0.0048550270462981914
-6.792009557916286,0.02086635653280288,-0.0010448990107466201,0.005265434216858833
-6.790800977826606,0.014445382823124192,-0.0005194810825801242,0.0022905587470374213
-6.788413613748974,0.01490429883650568,-0.00020538978496022434,0.0011796975924265852
-6.787185641409892,0.01613557122978717,-0.0010770782262212503,0.0022129966243091877
-6.784961501612738,0.017937384303850914,-0.0012852523341298668,0.0048250923735797206
-6.783908128261014,0.013345715459293776,-0.00037823604042855894,0.005622664988975796
-6.781778500119563,0.014606384644624172,-0.0005105837045795066,0.003646789751150702
-6.780509791655076,0.011858014177350117,-0.0005000650109562324,0.008857746896702344
-6.777864882008381,0.014740717611514078,-0.0008842702604490781,0.008034182991451042
-6.776542958361542,0.015113823012491175,-0.0012945632151561384,0.005315698887561823
-6.775963914863151,0.013485861693050882,-0.0011232560487397859,0.006470795989625543
-6.7742274044478625,0.013841093117484934,-0.0006366337656729501,0.007220555712026494
-6.773953726994804,0.013307241228707191,-0.00131008026131358,0.00836550410157299
-6.770299217626838,0.01522163270179043,-0.001353710898854343,0.004253469195387288
-6.769490158085229,0.012186908238234588,-0.0006164249627852978,0.005796373380378424
-6.768496652345887,0.016591655439437726,-0.0009027139965412592,0.0055355014301738375
-6.766678142054491,0.0133294653824889,-0.0011379607986959559,0.006852297321936852
-6.765230720114324,0.014655782157569037,-0.0011573080798860777,0.006405709034387473
-6.763992121660025,0.01215837915867567,-0.0010390814395512934,0.009264550311855638
-6.761490512206441,0.00886027727513787,-0.0008782135389008584,0.005147597386895082
-6.7605736426998195,0.017944967282349643,-0.0018463258556158887,0.011630518697099126
-6.758443776351559,0.014406061824553854,-0.001666166088830222,0.006728721574685573
-6.7573051520954515,0.01771185702549782,-0.0015853962100734304,0.005500119063588532
-6.755186058130962,0.01690837222487931,-0.0011082328550786388,0.004715846032609637
-6.753414190674554,0.013990309984874482,-0.001617616056151181,0.00643847975778121
-6.751226944092389,0.015270917289798168,-0.0016109181772187772,0.008046593771195551
-6.750778343890398,0.017211907009234563,-0.0018851662137708382,0.0028181614841579763
-6.747726546387641,0.020048619228562655,-0.001944699011998762,0.007628808058245682
-6.746585116012302,0.013363512629450626,-0.0008469116852223936,0.0068898474678116325
-6.745368651972239,0.010788111910174305,-0.0005778057413419004,0.007635605618836949
-6.7445828887360815,0.017337081905365308,-0.001219047416787483,0.004083159265712094
-6.742797190397951,0.014316693772763914,-0.0011219366558347544,0.00727356560057264
-6.741043780063475,0.013035726161246337,-0.0013681517337486972,0.008580838808124922
-6.7378281316517175,0.018651158318071556,-0.001668472412381923,0.007129045554138774
-6.73645308482738,0.017720483394492937,-0.0017247723842459494,0.008734724593980003
-6.734109192907113,0.01465275898737725,-0.001761959364081458,0.006578983101289205
-6.732847884836585,0.015318284455214983,-0.001794841453922901,0.008093558810548756
-6.732312092212223,0.017632965645359613,-0.0020555404675597524,0.00741366038244696
-6.730989760890888,0.019404347282509296,-0.0019831190088942323,0.007713498386503137
-6.7295856312299716,0.017613630217957348,-0.002147650590707904,0.0051989061267250615
-6.727665938959609,0.012308231758011373,-0.0010999210539488497,0.009952050507598785
-6.726617836986492,0.015232620450819117,-0.001212473321825919,0.0084666639284358
-6.724856465031262,0.022900409586070074,-0.0025939660651206793,0.008399282434475783
-6.723846773897727,0.008574433303454037,-0.0010601425242331452,0.00941422217134547
-6.72290206349315,0.021550476511071965,-0.0027632366460478563,0.009465583566447921
-6.720952763673936,0.016050390082803154,-0.0016623118044737006,0.009660283731333801
-6.720413589538052,0.014093804907472626,-0.0017647038771403773,0.011652297577837109
-6.718425331313771,0.019309767507465568,-0.0030109764535247697,0.0046209321427260275
-6.715271539709694,0.01692705246045663,-0.002567315760034563,0.006420166206201352
-6.714597544948046,0.013855407446710481,-0.001542504723779956,0.01268789547205671
-6.71272294159394,0.018178147559458017,-0.0027397360759876524,0.00839832487076714
-6.711617364633187,0.012776084154236202,-0.0013770194101845818,0.01232043683424237
-6.71062497814766,0.014581125288592256,-0.0016730609142083816,0.006696044339592721
-6.707684806452638,0.018205465051519033,-0.0027019134396392332,0.00743845084788074
-6.705428248397814,0.012611541276977023,-0.0017093626209295598,0.012493521758876436
-6.705020082543402,0.01509059458618447,-0.002172300217827549,0.011419791748384102
-6.701840804721908,0.013683016195945525,-0.0023393993383301315,0.008382355624383178
-6.699872616814474,0.015032084808956354,-0.002375675548269295,0.0062392700486014994
-6.699029384815996,0.008396741229459031,-0.0012639591349502925,0.010532072380509334
-6.698429737841837,0.01161522875465942,-0.0015912235572688653,0.012347116115327057
-6.695015547845492,0.009062047503427642,-0.0011776845350882188,0.013030662319953177
-6.694917669376505,0.010187198049106876,-0.0012090228217813636,0.017167566881474566
-6.693901655674158,0.017535642081404363,-0.0028201762701059933,0.004212757886724164
-6.692380169540277,0.014240696396558939,-0.002095597146988939,0.0026997107806047225
-6.690329640275075,0.009415777999848971,-0.0016080723380380046,0.012845958134719926
-6.688901153760886,0.006357702571870532,-0.0010633918286484631,0.012706583007694807
-6.687870653142668,0.00975270353627748,-0.00172405125295144,0.010646672709018552
-6.68481436374415,0.014099076755926055,-0.002282630641982077,0.009187282492707931
-6.683500494285499,0.007054446571377268,-0.0011220894124244064,0.014602730302974898
-6.681428019654165,0.006201514462542036,-0.0008496795985716534,0.01783438531894739
-6.68073946887637,0.005590584072238846,-0.0007528343903753477,0.017808935818499662
-6.678467362322937,0.006714561017689031,-0.0007740596768423066,0.00671045821603004
-6.676594857490435,0.007045910865148771,-0.0010610833201287768,0.016072661657608855
-6.67591162564123,0.009739834683662246,-0.00155707941823375,0.014244013911362537
-6.674349296444618,0.005674782635468727,-0.0007580553619267959,0.010422028365692634
-6.673392605481224,0.012990932395077077,-0.0021783782656883068,0.011236883324944238
-6.672119535184118,0.0049406581734847835,-0.0006821585292661284,0.013186710119303344
-6.670885224264788,0.00718371984872973,-0.0010827260402055748,0.014003744454612018
-6.669952122316374,0.0045185578210267035,-0.0006653597053207757,0.014872391494164897
-6.669396147309833,0.005681257468102235,-0.0006998200598863257,0.014753121475025482
-6.66682331857098,0.0058027459997027605,-0.0009758316120689718,0.013301996916673782
-6.665385046478745,0.008923087738481503,-0.00141332500339534,0.013107163513749248
-6.66495556438737,0.00701391453675129,-0.0010616811703715529,0.009267383300916164
-6.663091116979649,0.009105082218887265,-0.001326721619007717,-0.001127491475899689
-6.662715141650899,0.00793320671622817,-0.0010323553390006056,-0.015045662541822073
-6.661376257420137,0.008648836898324033,-0.0009917361203689381,-0.06082590497541315
-6.65872295979704,0.011194647793696305,-0.0013937154847626517,0.0071488538915692595
-6.658208389539311,0.003862533797010093,-0.00041725953725756077,0.0008869804648184647
-6.656921914167531,0.005547200055133947,-0.0007864279707274334,0.011292570466441287
-6.656235941106716,0.013021515784645957,-0.002314123165298247,0.010438176976222593
-6.653174099468914,0.0062307510787337796,-0.0006828710417701512,0.005774554182877184
-6.650850807390299,0.00869540464394482,-0.0011884180333896633,-0.0013227481646979403
-6.650785560924893,0.011309614074541997,-0.0014972352002407693,0.010288037523521086
-6.6470278675691885,0.009343829980332109,-0.001045645786177603,0.010155891934565451
-6.646391368432258,0.011151478147240339,-0.001778401318767346,0.006044609031502962
-6.644697601885529,0.008554664402307793,-0.001529088981166351,0.014446266277358583
-6.64312527632574,0.009386948630972053,-0.0013584940329551625,-0.004093077830720261
-6.642691689390538,0.008989740309078363,-0.001157695882873032,0.012215158281182486
-6.640681985936978,0.008630043236537089,-0.0012258034829750032,0.0049299328841047665
-6.639288793710681,0.008953383221656602,-0.001259095456207892,0.01019458577032079
-6.638063854915036,0.0061324117657692075,-0.0010631018203755293,-0.0013921572920414288
-6.636713327626629,0.007867316302651318,-0.0012587667760807046,0.0053026187839850195
-6.634850515919096,0.01109078505129644,-0.0012084521475673284,0.012454610088323886
-6.634161886902992,0.009438418600793025,-0.0012588461958922847,0.008603708669380237
-6.6328163140150345,0.0106786129667171,-0.0015253037681563874,0.011754132431065621
-6.6324529160074395,0.009743590251414708,-0.0013550423173043882,0.005716213027046276
-6.631914791057572,0.007440411649408382,-0.0011434859568652822,0.007968322595053782
-6.628117045600065,0.007755484649525156,-0.001115662419845651,0.00680636084026109
-6.626331914162763,0.01455478983629019,-0.002110969982269448,0.012499310276315645
-6.625079610252499,0.009624764990233984,-0.001357400239429991,0.012930377341137805
-6.62438504599268,0.010676204228057018,-0.0013879498213574364,0.0108454370932391
-6.623178303973398,0.00716099969565242,-0.0007806760770472573,-0.014511327330154075
-6.622419010574877,0.008469318843398485,-0.0010431804805468839,0.003215994173001686
-6.6205096065318525,0.007326932485949341,-0.0007712878693920362,0.010837219612435297
-6.619699143742625,0.004852767733917275,-0.0004090363702348861,0.009433792366284747
-6.618690441393318,0.007070676578661561,-0.000979117767106582,0.010196404121814587
-6.617425451082373,0.006163389555713628,-0.000999251550506171,0.0031490274264239656
-6.616583853349992,-0.000504738555340858,-3.429084052943321e-05,0.006528758282832857
-6.61552494380781,0.0035710517542176393,-0.00034693072257798384,0.008731540156457199
-6.614852090858273,0.0022847906978225516,-0.0004457414712489824,0.00018104748214774633
-6.613709529761583,0.0044333070748820156,-0.0007676598729187218,-0.020584833289752247
-6.610923803020035,0.013179021883059557,-0.0017554423012897,0.0009587123303581334
-6.60976580956012,0.0025949851082307115,-0.0006512492106168641,0.01180260548756871
-6.609100585965072,0.0054373052174939065,-0.0006869236538760944,0.007754821002532244
-6.608169955443825,0.0013155075313071205,-0.0003106294583125149,-0.003665731982973246
-6.607171684515298,0.0027828173279910236,-0.00033381719388531897,0.005772811719949657
-6.605608874590917,0.0014806243558149448,-0.00015990244746687832,0.008604643787646476
-6.604153906766277,0.0021922960129743675,2.4927093079976944e-05,0.006054671691442612
-6.603372814508243,0.010387277748896388,-0.0010097591086192053,-0.006410561409028098
-6.602689118148991,0.010627727100871839,-0.001456148711615824,0.012587172047692908
-6.601453097180877,0.006402188231584475,-0.0005433922112155227,0.011669998710507959
-6.599844354122871,0.007920560639728985,-0.0009275253053218412,0.012517822193793838
-6.599350799191269,0.003981873674499236,-0.0007482583547728139,0.001643639907034455
-6.597912061822349,0.004736104277253931,-0.0005403924655663166,0.004675121868238903
-6.597162877024336,0.006728578222981841,-0.0005069154743832429,0.005494023634627395
-6.595923401197335,0.0015352900643657381,-0.00010538004551688369,0.009204736675390901
-6.59495030164069,0.004047525170188038,-0.0003372662682623168,0.008026182715076633
-6.593527261207971,0.005516398702553187,-0.00046529425982849156,0.008936755053120292
-6.592023044442024,0.004918371991777279,-0.0006322758728236386,0.0028842313780094225
-6.589804663716724,0.0020093014927896544,-0.00011506252007914576,0.0063440424661909064
-6.589527462766146,-0.0004600135849918081,8.5647093649417e-05,0.005746104289150213
-6.588943465459771,0.005764887217904529,-0.0006433186964646792,0.00827712039004698
-6.586862364938829,0.0003962151683196357,0.00025784099425497285,0.006819231475047835
-6.586586850360086,0.004078732401084024,-0.00019033311887177632,0.0031562657009510447
-6.585369385710441,0.0026084267845841876,-0.00038526610323612266,0.01162420856950552
-6.584237063050627,0.0030728893977862077,-3.0004028623124517e-05,0.0086055403837114
-6.583191936409999,0.00015180699648371113,0.00033251340020265226,0.00484587958620719
-6.581878462787403,0.0027787249040381744,-0.0004812621375613269,0.013632540625267203
-6.58141360323177,0.005672206930704117,-0.0003880687415659219,-0.0038768832452308363
-6.579198978887979,0.005302362947295515,-0.0003195221986011135,0.0020108966917189984
-6.578255093001081,0.00479715483890034,-0.0007541504666055615,-0.00046717563053352563
-6.575396648107939,0.0037276147132655588,-6.086769372181933e-05,0.003200893264754054
-6.5730284990859165,0.0005506920371312845,1.263332391113667e-05,0.0072608378670885815
-6.571857450522726,0.0012940026865017162,0.0003444678696747599,-0.0028860686601540264
-6.570957097322527,-0.0013959216596492365,0.0004540516222711325,-0.00425106029594968
-6.568507474346076,-0.00030076014103884826,0.00040448890525917567,0.00016115209659271936
-6.567988962613413,0.006883155752770797,-0.0003978210594648524,-0.0004012463907637196
-6.566032596682325,0.0012058509822581694,0.00030775082327032867,0.004114912704237341
-6.565678721815117,0.0017364242816974348,0.00010366944359868385,-0.00491296599627031
-6.563833893658637,0.00248963857332919,3.555255090468762e-05,-0.003481444002891428
-6.562712678472293,0.005581314258548222,-0.00042924030558504425,-0.002324377423955248
-6.5604498208778255,-0.001048198707665496,0.000518817801082701,0.006742734808329358
-6.560019759025168,0.0037673414120818686,-0.00043115806455293034,-0.015388290117903556
-6.559522743249385,0.0048620014660375075,-0.00023991957516494234,-0.009320967932370043
-6.558081661865234,0.004617113609049966,-0.0004016098631320897,0.007156650140260542
-6.556534415996902,0.004870594302606562,-0.0003480577180331925,-0.015925468000287598
-6.5558208654458126,-5.1609295427896014e-05,0.00026264702461367126,-0.03326367614635457
-6.554908216326804,0.005245649504595992,-0.0003692023717004517,0.008959104455665778
-6.553528107697417,0.0012128551658262673,4.305806949394455e-05,-0.0040325573032365105
-6.550639851515206,0.006943441112777102,-0.0006494498577946922,-0.003671859185437916
-6.548480078113629,0.005712270184724902,-5.652368346175423e-05,0.007027539522784485
-6.547230291140585,0.006846686678066142,-0.000715518512699548,0.0002898030528480845
-6.546379003489959,0.0023273401339446186,-2.4878385032420706e-05,0.011260328459618489
-6.545178123796374,0.006328579456507131,-0.0005343211771753403,0.007731090395250329
-6.544672555220304,0.0027481645735409886,0.00011045548088661368,0.004361852538445556
-6.542605257858943,0.006377032253546032,-0.0005484642232427693,0.0028304797824947373
-6.54129313394661,0.006628093631908138,-0.0005129587243459404,0.006283478651959928
-6.539153223741173,0.006270648192339333,-0.00039750844142780986,0.0059784084035035216
-6.537292953843713,0.003147774124132745,-0.00020517140728384188,-0.0003725917768805879
-6.536636463701599,-0.0004906366529297318,0.0002814627503875548,0.008232963157190158
-6.536332842342689,0.002272825923306281,0.00019574612702481995,0.0022892631605868122
-6.534790381073288,0.0039140755588508635,-0.00041521747826830257,-0.0020183833755814846
-6.5333756972630335,0.005331734576698747,-0.00045057090492128674,0.007777521964257894
-6.532167495524093,0.006514015978240026,-0.00046284035045360435,0.005780376138821792
-6.53094183212492,0.003788142875387518,-0.00011815439778486851,0.007989759743878727
-6.528188673456511,0.003865106673453077,-0.0003124004329799389,0.0005527585826049795
-6.527751808661649,0.0059187577237697925,-0.00039377324261166794,0.00695742517966189
-6.526056482747138,0.0058912002240184445,-0.0005849680483325606,-0.008021346709736513
-6.525821795602154,0.005895056959501367,-0.0007925851469715553,0.011601137783092512
-6.524015347319024,0.004833318917246619,-0.0001691600947985309,0.010490524592638658
-6.523171349423469,0.0047193688033031955,-0.0003100386910825804,-0.002116162087695744
-6.5227300329737945,0.0026960970345827184,0.00023744702390069577,-0.018256056781467318
-6.521000990772633,0.006688730624547738,-0.0005737910711907958,0.010130446836397845
-6.518066295121145,0.0012455502797545299,0.00039158482694652905,-0.03277466646044109
-6.51768346460435,-0.00026606748821675694,0.0004525086763528675,-0.009481605184457993
-6.517163911897951,0.0020633414161342766,0.00015796979343024,0.0034190466998175128
-6.514482462136584,0.0026457718163987462,0.0001418587714725591,-0.023351256187107986
-6.513017752283033,0.0014288866231017795,0.00013439613560715016,-0.006249691571008162
-6.511868516576627,0.002487896091534125,0.00011638899405578361,-0.00020767114281748373
-6.50962693813468,0.006030740142466003,-0.0005164630352621567,-0.0004943004112153331
-6.508667715571259,0.004104491206128793,-0.0003919760566966099,0.004912141649426565
-6.507710186485517,0.003020689806837445,-3.333827159214842e-05,0.005956961930182596
-6.506440715745676,0.0014202734137819452,8.983517999586897e-05,0.004729083019897522
-6.505903118643085,0.0022878789338282826,2.6752045705009202e-05,0.009897949630277595
-6.503356945663756,0.0036642444079040787,-0.000206608897321309,0.010039670901026983
-6.503139923474695,0.005594998648243333,-0.0003856501694669894,0.00043211936473538514
-6.502049868008484,0.0014665077617473064,0.00024230103976263478,-0.004914757955956023
-6.500225542503261,0.00425066913898751,-0.00034916240319180414,0.0012801900619830858
-6.500007983607312,0.002134164184820885,0.0002460267314097721,-0.002406183342275277
-6.499187190856085,0.003407375284183679,-0.00014979640490632578,-0.002988576199552965
-6.495974835637895,0.0028589591893328366,-0.00014193470289050445,0.004018371151851398
-6.495444505223388,0.002632418338210008,0.00014896114695461682,0.003959620025705936
-6.493585757797903,0.004552827929864094,-0.00027979505236759946,0.010520771254060477
-6.492471976159658,0.0006612585772052328,0.0005441317109352842,0.005052985775969585
-6.49120665217934,0.004380139902115366,-0.00030003010453284046,0.0005975963097966414
-6.490224343383013,0.000619720151296517,0.0004458874742215963,0.0012072189802491157
-6.489352119313845,0.0021125140497704246,0.0003124251917485931,-0.0026435522829567895
-6.487173946302432,0.0030033703448157506,0.00029225159120938407,0.00394991927430429
-6.486419736765378,0.003024252906516545,-5.640198493657287e-05,0.0011726980346955912
-6.4853405133231785,0.0007751437290543597,0.0005602963188328528,0.007848495297146143
-6.484918936448757,0.002629190696632667,0.00022368248034853442,0.009375191681781928
-6.483287741702776,0.001383144100457983,0.00030498751437014245,0.004883007216671552
-6.482156091598183,0.0015197723707079233,0.00025873722027415746,0.00905031069019699
-6.480720956029404,0.0021191515235800093,1.4026538182757132e-05,0.0018491513008194456
-6.4786579777806725,0.0016799081567810009,0.00028383020566822886,0.011098959338758145
-6.476784913703287,0.0008146660576806343,0.000412988188771543,0.0022928467087266046
-6.475743486703013,0.0006956117330119766,0.0005179993735993201,-0.0006828419361900854
-6.473555391083016,0.0012065281754677993,0.00024396221759958277,-0.0030636019857071036
-6.46929351950746,0.0029256840633711317,-2.265188773824818e-05,-0.0027580886811717823
-6.466604879598949,0.001916322485294277,6.22756333451896e-05,0.012952262895950037
-6.465891687872347,0.0015518479628725372,0.0002036646100903004,0.008201174791266582
-6.4640335603933545,0.0009192650778017962,0.000238076106641155,-0.0001889013500160666
-6.462384074727114,0.0009659356236527174,0.00023917392052096056,-0.0011121388240486318
-6.459973448632866,0.0038718206355419595,-0.00012621531826783073,0.008142864922854414
-6.458174171207555,0.0007913857039669854,0.0004344605931375315,0.0025425056469438943
-6.456994191792764,0.0003318250863227173,0.0003944391323188883,-0.012410875342154418
-6.455672825559388,0.0023920358882560297,0.00019832531848027377,-0.002245297402825666
-6.454669648886911,0.001969043775215792,0.00011010542069860265,0.011263555088363639
-6.452383692199877,0.0026821870716403234,-6.994877093437951e-05,-0.028577475666322325
-6.451885088543704,-0.00037226333256650505,0.0006704323928536169,0.013052201706846575
-6.450462040012799,0.001837866141811258,0.0001124975092311221,-0.002638517470106892
-6.449082362918001,0.0008095688401515747,0.00042435367586392725,0.0071715582933511235
-6.448235300526306,-0.0020995304323927636,0.0008996162255127174,0.010126817718054818
-6.447071627912825,-0.00045345268539638274,0.0006378007712288904,0.008889988299659392
-6.445671456294615,-0.0014699035537617245,0.0008056792383053254,0.011038337429696957
-6.444810063038139,0.0009337460233491073,0.00026091921283252973,0.0024983522479003675
-6.442954447666041,0.0010568648007848278,0.00045186183687820526,0.009244313947621544
-6.442141026738158,0.0003539262981995257,0.0006411098483088414,0.005124135249774036
-6.441191371346875,-0.00015556804929731853,0.0006705036089812791,0.00891247628492245
-6.439799763411987,0.0012195269811172572,0.0002910993793302401,0.005722866044962488
-6.43874316821816,-0.0003184014051009317,0.0006014630624974903,0.0089301142228184
-6.437095697793298,-0.0013651981340030979,0.0006074361299825134,0.00606416029634681
-6.435455414104185,-0.0009927158249861696,0.0007167479144001816,0.011688056547795247
-6.435060744414674,0.0010228003385431862,0.0003897716696544746,0.006985110859846451
-6.431081685451473,0.0005383227836693535,0.0005350459858634669,0.010728678045537213
-6.429187735365591,-0.0013724253332694965,0.0009338536834567877,0.010826865832425054
-6.428819360173238,0.0008459315378323961,0.0005587698470674401,0.010100079710870891
-6.428297057528823,0.0001925870196934632,0.0007904135424373934,0.004626181748132117
-6.426197242737544,-0.0006093421209757399,0.000716818779878111,0.005661120528934
-6.423870363069341,0.0004886944969977654,0.000530917530516775,0.00475505322463748
-6.423083556331897,0.0004177901109915264,0.0007942165741292024,0.009744323672077651
-6.421487699561364,0.0009285994275814441,0.00039483860471045234,0.009348645004674104
-6.420572657022697,-0.0010112236235317526,0.0007924916344251443,0.011001521015566527
-6.418279569006627,0.003535087158518399,0.00018785145866683853,0.010894862615135
-6.41690878597091,0.0010909670620621852,0.00045506530090144953,0.009182685659185818
-6.415682776401855,0.001962156600009108,0.00023350900188210248,0.010751857543809116
-6.41474155576322,0.0010258287126927311,0.0004307421451679531,0.006922057610663308
-6.413283972740821,0.0033163642499847955,2.7954118516357834e-05,0.008049583848688606
-6.412756241777447,0.0012106773840440375,0.0002805714822600763,0.00979107688862906
-6.412184284313744,0.0028131356201517035,0.0003141982372237193,0.011219473112739584
-6.407559677800376,-0.0006477042308991351,0.0005498299186843753,0.00958555704633229
-6.405752718244055,0.0014230680868503806,0.00018520003884325134,0.008241973129320214
-6.405295441974554,-0.0016935371963242617,0.0009603792837349852,0.009359980252377997
-6.403728962909589,-0.002670546854062318,0.001219410645662219,0.013632071583379419
-6.399639474569995,-0.0019504904983377455,0.0008560021089635719,0.009621137805450373
-6.399471963593657,-0.0017209988077404646,0.0010606737226217743,0.014024706220885684
-6.398045461975717,-4.42906544697785e-05,0.0009199988813749132,0.008561355940565623
-6.396339838761746,-0.000252353072920231,0.0008655444783780413,0.004408918855587713
-6.395299506562495,0.0005993947139689853,0.0007289532525839364,0.009358180440320045
-6.394463420682825,-0.002747037374046919,0.00134257547535972,0.011031884399070274
-6.393211727982341,-0.002842961730678041,0.0012598037775592337,0.010297046360085107
-6.391257839908044,-0.0023325817647982115,0.001229728636893848,0.01055361155478835
-6.38999810184363,-0.0007568101558761473,0.0009335311738205126,0.008480774756017273
-6.388787883203516,0.003095550689747758,0.00042445027008849984,0.011299821970231418
-6.3855939556851435,-0.0009622799584935114,0.0009413269103941675,0.012409294659041692
-6.38455265198581,0.004195613890325927,0.00031507412747274654,0.010751220980395779
-6.382253600373634,0.0005283174856861892,0.0009017684666135623,0.012737522863679013
-6.380430950636484,0.0008552370228651239,0.00081769310667294,0.012938183434818383
-6.3789037333699845,-0.0009499909071891487,0.0010642729586314305,0.011824178857262453
-6.377775396913144,0.003488416465969776,0.0003071081055833891,0.010655898613835967
-6.376078514094657,-0.0015895664104613589,0.000997786148399443,0.010795196425107258
-6.3744418787289945,0.0017951710436229249,0.0005756867188963996,0.0099309396207651
-6.373941308405461,-0.002637544509174714,0.0011364411315230893,0.012489371698237385
-6.372320773820503,0.004901741882088709,-3.88989466403453e-05,0.010205366194250253
-6.370524594167616,-0.0005197790924966755,0.0007612741104859941,0.010057998943488815
-6.367077000461243,-0.002600831587619239,0.001083393385099751,0.011217208721745866
-6.365648102303178,-0.003121883377161102,0.001488814886867797,0.010746318281102367
-6.364949159986345,-0.003713125737024195,0.001496503673527936,0.011798268535752332
-6.363311443123747,-0.002648620023153472,0.0010480793142777186,0.011684490043169366
-6.361902225222689,-0.0015217312835679152,0.0007556991843433451,0.00961092073240293
-6.360720579051047,-0.003449954018593122,0.0015238407050023413,0.009594618570401009
-6.359771081417773,-0.0018108577822800493,0.0008300287751639926,0.010112580132079297
-6.358292158644161,-0.0031914191206448253,0.0012091713174172366,0.01154252107280345
-6.3563005845600005,-0.0012229599295689427,0.0009888213680690962,0.010346169529569953
-6.355322389739904,-0.0028285708424676146,0.0011199067431634843,0.010354236509717311
-6.353541629733539,0.00034154060851710713,0.0006548907198740778,0.007332879224458521
-6.352531116089298,-0.0023367755738708776,0.0011375080311457118,0.00790863062297413
-6.351865157382302,-0.00215886784091348,0.0011940467965009245,0.001560500513483676
-6.350371692696466,1.896794367569943e-05,0.0006858443643792477,0.009594471926747429
-6.349187403418829,-0.0015419419742054403,0.0010756484536780483,0.01190556105324581
-6.348372487675445,-0.0028177117632187452,0.0010777414623028682,0.0075738891999104635
-6.347702872881535,-0.0020765035305594613,0.0011065703809877072,0.009179140440690943
-6.345462519706531,-0.0016490258256832639,0.0006764931770395675,0.013901458955137351
-6.344354904005339,-0.00035038278902771675,0.0007114470031567065,0.01105992556554943
-6.343847311475626,-0.0019200830037387684,0.0011141402043594883,0.01047810510859581
-6.342611402161054,-0.0038433110893879565,0.0013244211561573166,0.010790338322629829
-6.341550501464612,-0.001749582482274652,0.0011370392065631963,0.011082729856479593
-6.340243958819509,-0.0032235175165899787,0.0012638106478635265,0.008824231001866786
-6.338285772543658,-0.0023747740084837307,0.0011376415297672114,0.010112096539019184
-6.337825052369005,-0.0036957482327952566,0.0013244291319688018,0.007850239246239841
-6.3364282293268825,-1.191813960283032e-05,0.0008043121793089339,0.00856120666446371
-6.335707074704783,-0.001937545899662216,0.0012792631778590078,0.009577426815283514
-6.33284182667295,-0.00310815336845871,0.0012208554411665422,0.007206682457869299
-6.332024109938469,-0.001904429434907467,0.0011547276502294047,0.00920043179665956
-6.33007466109268,-0.004072583770587973,0.0014461955613583879,0.007561697180879906
-6.327547746999625,-0.003015302172103032,0.001101926933016928,0.009355446929386415
-6.327082353755049,-0.0031062858133217046,0.00133592868238651,0.007008108345708248
-6.3248432063080084,-0.003931266799302872,0.0015130134630979093,0.010315162296810973
-6.324309569629999,-0.0019613582191152354,0.0011111246165356763,0.010306655747834235
-6.322712839415489,-0.004051521836947781,0.001104578288584578,0.011084294542182332
-6.321246036892027,-0.0013687234806713394,0.0011425883511453523,0.011203997397978789
-6.32042565470591,-0.003960363030667996,0.0015342009375249497,0.010663789238169026
-6.319013756869759,-0.005259858033855038,0.0018313767862004821,0.010036582915510414
-6.31886074876646,-0.004913117227350695,0.0015174736385603282,0.011305945273269197
-6.317197526157964,-0.004498416715751611,0.0015155604129213854,0.009250457275285586
-6.316000900400756,-0.004658759321917158,0.0019020224769792826,0.009243578242616395
-6.315168602812948,-0.005452992669189612,0.002131701025418016,0.007806626887432814
-6.313334352809102,-0.0030415351823698217,0.0012247589878597472,0.012039058530784845
-6.312513021769819,-0.005956472325900287,0.002024210973112042,0.00884103122626694
-6.311144601526648,-0.0035944764310644637,0.0010542389443254974,0.011529237450773756
-6.308409970501247,-0.004401487665939392,0.0017240352926139642,0.0064223418978876365
-6.307777557395171,-0.005032178123458808,0.001569486425117432,0.006614924015011749
-6.307343116365774,-0.0023542934187979776,0.001284719474319358,0.007537629887278059
-6.305220628326017,-0.00474868242550048,0.0013647351513441722,0.0072554647536927745
-6.304900640191528,-0.00339669167474812,0.0013488336666758211,0.006522375530423748
-6.30466774126261,-0.0035641611844591243,0.0012632658663211994,0.011646020231038116
-6.302692364720387,-0.006535355829992224,0.0018072076314342123,0.00974113254078761
-6.301824866674349,-0.004500549841412651,0.0018630853958173067,0.009313374117859112
-6.2997807490945155,-0.0037141827341935726,0.0012000881423603696,0.008220929583206672
-6.298062797689466,-0.004446256480843287,0.0015837493582956043,0.011354768076349265
-6.296172068544555,-0.00539698049200537,0.001767805144804084,0.007896388743750718
-6.2953031354459075,-0.004424161389550885,0.0017432000186647434,0.011577205251403268
-6.294498583092053,-0.006021243215419381,0.0016182512632356586,0.008567985807415066
-6.292419722692287,-0.004161720572147998,0.0016353869219523326,0.0072212516349559885
-6.29150292122338,-0.005179138304253875,0.0016216383616975926,0.008657683286437805
-6.290199914885406,-0.004283597615014786,0.0014915567433515294,0.009277097334646977
-6.287931656215242,-0.004951890351025488,0.0014423126037917274,0.011562819065470952
-6.286024069228586,-0.004734231523755826,0.0015101943000365187,0.009555649739608622
-6.284982154167905,-0.002264940672261822,0.001142677971272146,0.01335020418123583
-6.284118480169387,-0.0043384969270351854,0.001895849218901492,0.012342284055316642
-6.283067509808138,-0.008518563607170938,0.0022559008006699716,0.007478069502524912
-6.281965223531953,-0.004724438065045656,0.0018218195316467886,0.010787774325724253
-6.28117688882736,-0.0033202268948727288,0.0010723245095714557,0.007971140509795019
-6.280196884846516,-0.005348367479745276,0.001907258623087139,0.005835329326598862
-6.279319218975894,-0.007578833178892583,0.002223484569868686,0.012108888992326603
-6.277597318454302,-0.006539859649299411,0.0017588289999929702,0.009489535505557962
-6.277410589205618,-0.006160996319035135,0.00185066385193161,0.01150935145844131
-6.275374182981512,-0.004951328510451035,0.0015814038002075134,0.012636852973419476
-6.27422399762411,-0.0038850122303405047,0.0013003683677185955,0.011057446966938052
-6.2722750997325685,-0.0042340111362130384,0.0016323937415748172,0.011678646683242568
-6.271331812260005,-0.004024469368594451,0.0013847042350213369,0.010020137637826916
-6.270633374960102,-0.006200054644665809,0.001773435649455943,0.012334625788023525
-6.2675817774612375,-0.005993161898460684,0.001493244335183306,0.011905839439150802
-6.265188272332189,-0.00506548816952346,0.001545721608885914,0.011311201533709653
-6.263735377185141,-0.004781638003407073,0.001515523397285637,0.009939853978929183
-6.2630297353337525,-0.003740910298355277,0.001285739572569066,0.010106062478385537
-6.262451072629601,-0.0030925064848950534,0.0011972018001667139,0.009331930276101784
-6.260902088965543,-0.003843870000187491,0.001324774442197287,0.010987199587625136
-6.2602720696771375,-0.003544690460956731,0.0016056466456379503,0.010068771377372684
-6.2580881745167805,-0.003296237149513534,0.0013262839951565194,0.01205531444244213
-6.256899116874081,-0.0046795293234766075,0.0015946845698809834,0.009265706250525075
-6.254759778403529,-0.0030934853333457,0.0013611993178795543,0.010787780305235023
-6.252684804449544,-0.0028866398058314466,0.0014023778240964426,0.010656022595024272
-6.250647192497356,-0.004295864672819001,0.0015984036678528138,0.014433362301551721
-6.249893271426116,-0.005032584371451457,0.0016339532035531616,0.011867778053837479
-6.248841763814079,-0.005081786185557587,0.001940297831084835,0.010208204238026831
-6.247741353856173,-0.006903333393982905,0.002190622945010006,0.009621657323868224
-6.244766385722475,-0.0051156059622361845,0.0015995601490826552,0.010852540783600375
-6.243922593660404,-0.0040477269941918475,0.0014700352980024048,0.010490923333380541
-6.2428315742401335,-0.003806259284208584,0.0012514797816347992,0.009534127789433045
-6.240842456714115,-0.007059931356117551,0.002037285210494401,0.010371970476360065
-6.240353586696038,-0.0042651313975712625,0.00166726786658192,0.011325988423604046
-6.237480367229566,-0.003929537792149901,0.0015376186139535036,0.011279754658292672
-6.2355927416840835,-0.00465765772954758,0.0018825994354745022,0.010430848788222005
-6.23300719945514,-0.005829597940276632,0.0019635607530881023,0.010940259847604153
-6.232399727228864,-0.005055418728175895,0.0016940768952725495,0.008215572541644964
-6.230833158352529,-0.005530887503256841,0.0016251114332783124,0.008780327686772473
-6.229895287828834,-0.003658875946566077,0.0013754979292345355,0.0062739129002377225
-6.229382748303605,-0.005429114623667696,0.0017690749508980125,0.009537799932990304
-6.228047119462534,-0.006209629417331367,0.0017067880878834812,0.009157650715975029
-6.227240935207059,-0.005331389853488355,0.001600719961913047,0.00916876331714827
-6.226801175756434,-0.0040864683228855675,0.0017542694898561807,0.010744772302175848
-6.225966890749387,-0.007094111742079749,0.0020715434375406247,0.007677380138680064
-6.224667962450678,-0.006370460113047227,0.001968754620617673,0.0079015748407244
-6.224195525028853,-0.004571352066939294,0.001742409349188867,0.0059185839917031725
-6.222756302305689,-0.004527553047888693,0.0015363717382312885,0.008541775960721148
-6.221174864286437,-0.007937956572508289,0.0018760834621088418,0.00874283446448052
-6.2200528202465994,-0.007207462303581245,0.0019154534058792047,0.005887570705826839
-6.217611706523496,-0.007884379810623284,0.0021832651199926983,0.007952562124907693
-6.21722252786386,-0.00994635087489012,0.0024785212611318852,0.005666535149275092
-6.2157766300519475,-0.005082732484409336,0.0017094732896298691,0.005565358486852881
-6.214934466652637,-0.006067737644679755,0.001986784479977497,0.007751455091249525
-6.212945982729723,-0.0096321576791823,0.0025274527959274476,0.001339472227602348
-6.21274128345675,-0.0076732735181692414,0.0021405288528941542,-0.007558290387727282
-6.212309609363354,-0.007224200234518184,0.002063245579984677,0.009616547300067132
-6.211509988556411,-0.009283892539844232,0.0024468214558636325,0.003964224727556984
-6.209183414592249,-0.011582481264930064,0.0027903211705456806,-0.009942515153592504
-6.208820886630529,-0.011292750897902517,0.0028780269111764825,-0.017177082569174978
-6.2066691963473986,-0.009219004477162746,0.002228454567569378,-0.0019356506785889792
-6.205770319775398,-0.0089419536789011,0.002519311318821129,0.0070506007677371895
-6.205206991131325,-0.008024233933001067,0.0020912493558404265,0.0024652588728181967
-6.203421861044963,-0.009108502245149119,0.0024695984901215457,-0.0015965149462102064
-6.202322685295466,-0.009104975046823338,0.002223954605263378,0.002927299897798265
-6.200841271342837,-0.009069742570308502,0.0020507789935993526,-0.00450380876916881
-6.19859059383752,-0.008709297234808016,0.0021589303533705905,-0.007825777429701168
-6.198488957293886,-0.008163267902069424,0.001999497933653009,-0.010538964258618944
-6.197706894229668,-0.010166073391432174,0.002549422952060721,0.0016326297128898372
-6.195368211052249,-0.007721105048996319,0.0021639159925523435,-0.009608015766704482
-6.1950849247141,-0.008131494210123866,0.001955253330523318,0.006879801601972645
-6.194705259161024,-0.006314861752147242,0.0019208754886386268,0.005434049886792229
-6.193571725736181,-0.008298587752083211,0.002189232602144196,0.004242669954341938
-6.191678031021412,-0.005855245113563717,0.0015616175208261807,0.010683438679394622
-6.19014434460853,-0.007285225933520837,0.002220528980771381,0.003022979081615416
-6.1873934808772155,-0.00935013737713244,0.002339243113771221,-0.040492505707599616
-6.186195394019808,-0.009431501351457549,0.002402983029007567,0.0051759659654687954
-6.1845397829165725,-0.010503023437747894,0.002579728954766024,-0.004622776857309122
-6.184105027476387,-0.005330197163080756,0.001559226743365948,-0.0002760829661451069
-6.18332465055211,-0.006523082496959451,0.002075908100901123,0.005434513996335718
-6.182651513523994,-0.007499805969275345,0.0020938612741870726,-0.011561265235912704
-6.1817634950053115,-0.007073511588361539,0.0019480687757423899,-0.002309800731534065
-6.181110349028633,-0.005291231341296574,0.0017545711427742374,-0.0012157059224013448
-6.179443887789337,-0.008351932760260635,0.002223172766499049,0.0052122287040741126
-6.178184552408283,-0.007071595082618656,0.002136866708358752,0.010923854675213505
-6.176063639947314,-0.008679893110171125,0.002281421547972864,0.008493383167288262
-6.17586838524465,-0.007215964300229661,0.0021106505828986212,0.007634473215602252
-6.1747604132194365,-0.006447306827965658,0.0018914869855359959,0.009090087383112372
-6.17326999839516,-0.007106151946371978,0.0020828420058483757,0.011103983330885633
-6.172942597039772,-0.008468264665252178,0.002428299500455826,0.011291159976196702
-6.1694858107675055,-0.00817690024087295,0.0025772544367964286,0.007567465643005041
-6.168751546349309,-0.007103205391666691,0.002309916373421537,0.0016366189077958368
-6.16708874625472,-0.00618571143944951,0.0018456362096473042,-0.0032777340753637452
-6.166360671746346,-0.007078149273671114,0.002387716448013259,0.004844939046647198
-6.16540888137163,-0.008250384525497714,0.0024939442603056482,0.0001832840028580599
-6.164180505433712,-0.006470845070831755,0.0018237532030957327,0.009052207528507526
-6.161835456065733,-0.0075669579077965385,0.002247388274639458,0.008384236938128405
-6.160852672193731,-0.005269706322716922,0.0016361377800740446,0.00814390645091805
-6.159229251925887,-0.007131137906243971,0.0020340513927513365,0.005724264661157374
-6.157878152763106,-0.009894409226960874,0.002636070691458573,0.009466131194580164
-6.15664552702415,-0.007281364682529082,0.002046842489950824,0.007168790240190612
-6.15559303708625,-0.0057178185384208395,0.0017638319498492622,0.0033337989420306534
-6.1547775202740835,-0.008512545273083302,0.0024958026936714147,0.007943537212099751
-6.152329745101092,-0.00605869318947224,0.00202888823058523,0.010407323094616878
-6.151771910875127,-0.00863416903561413,0.0022860192287757976,0.0007096221816036026
-6.151338959207642,-0.006507261770713971,0.001967037152351527,0.00028685700704767685
-6.150066725289813,-0.008565964745046723,0.002356101173112434,-0.009396598966715637
-6.148515611503625,-0.008672628534774815,0.0021689166225072267,0.003995886567613902
-6.147745826938923,-0.008692977905327037,0.002355901715342596,-0.007942967727969907
-6.146458929246075,-0.007543553138286407,0.002245603212644955,0.005104047726849016
-6.145118136632668,-0.007491892741230003,0.0024013168575753754,0.0020740878079787916
-6.144239637172323,-0.007986234772276488,0.0024927113193338,0.00976665875401973
-6.143828750623558,-0.007712094749601952,0.002220488365025928,0.0047580985431147985
-6.140891103395941,-0.007975421882915387,0.002636942986102067,0.01058675140244571
-6.140074461739421,-0.006931432022610866,0.002227619694087208,-0.028116011170962865
-6.139100041079496,-0.008391718612226847,0.00211002088831629,-0.01912286534387551
-6.13794477791898,-0.007283501379248229,0.0023030329113794402,0.007902228488355138
-6.136918412802148,-0.008191936555908075,0.002192705869178624,-0.0025334744152863773
-6.135882529362989,-0.007935323962327923,0.002152366683240197,-0.0015813615037114147
-6.133997559260715,-0.006926953636941322,0.001932014052146213,0.0034681191907336116
-6.132966015962839,-0.008480812468587997,0.0022115490629411095,-0.012927044949116834
-6.131702676885871,-0.006444526002427029,0.002243560333898658,0.003252485170290036
-6.129608731296511,-0.00519260277954298,0.0017240292818005252,-0.004876807188786927
-6.129354434358852,-0.008853096197400658,0.002125171174308213,-0.008375837673686434
-6.128347224047111,-0.008085363077330302,0.002304856698690181,0.0020507299544278456
-6.12748399039199,-0.008176261331212908,0.0023620039084183697,-0.0020881171506376243
-6.126459279331824,-0.006721706410364439,0.002108735690610033,0.006234140116228127
-6.125549290802352,-0.005574824038908731,0.001749677764470791,0.007489288379057501
-6.1235557474410784,-0.006826292232481136,0.0018331623401065182,-0.0004549927300642731
-6.122504399980265,-0.008081573959517733,0.0020318873472668746,0.006147494145482035
-6.121673386476568,-0.00558630035649637,0.0018890313149037556,-0.008232301659873018
-6.119940346356253,-0.007114222093748831,0.0020711564034854423,0.003654328727616219
-6.11859334126827,-0.006603598625252635,0.0017407227782822387,0.005294525997199677
-6.117186851114094,-0.007398307057639863,0.0020045042261431912,0.006480452631738559
-6.116181249552842,-0.00625108742566658,0.0018950448610927755,0.0057860423464708485
-6.11419580947009,-0.007380161983050588,0.0021483968862598835,0.004347395664593476
-6.1133966935550585,-0.005947344051630432,0.0020712647973795627,0.008579591207278294
-6.111053153758706,-0.006473153230104585,0.0019036353221170543,0.007987519197445067
-6.1106212808213,-0.00703405284270812,0.002084537587279223,0.008856792435713705
-6.109149475015918,-0.006540561756302116,0.0021759176548730584,0.003989706700601471
-6.107382819610566,-0.00735617051808658,0.0019830623879743665,0.005877054343144612
-6.106792645219838,-0.006791366980249764,0.0020327944756333965,0.008185642192710682
-6.105694451108327,-0.00617676388780316,0.0019285383851121495,0.004954521747997573
-6.10467115259188,-0.005568642408654902,0.001868856077278904,0.005376738387326476
-6.103099037346572,-0.007383023651802425,0.0019580132144344856,0.00858571811605601
-6.1014169744926114,-0.006086589441404045,0.001891531875962718,0.008457875184250736
-6.100117093577427,-0.007048671058484623,0.002128079603558787,0.007773454527730386
-6.097721347171018,-0.00632809122463513,0.0019256166428277554,0.00832884226711414
-6.096627291660009,-0.006845773470772446,0.001899085354696925,0.0005937342095356062
-6.09545514012936,-0.006440108361585174,0.0020200375397645817,0.005212161222713552
-6.094579475432809,-0.005687554458999454,0.0017607993852237081,0.0035934246317117016
-6.093023783014735,-0.005900306081905555,0.0017041362463386174,-0.0033251985035020254
-6.092211004106857,-0.006138053250001877,0.001758070842795521,0.0022021706126052042
-6.090799534169092,-0.006279352708922538,0.0014889040528923687,0.00861517236272721
-6.089622146235759,-0.0063996791543856684,0.0016686344932573508,0.008317723006448216
-6.088093302496855,-0.006619740374350782,0.0015930334082879618,0.003590310890496077
-6.087396292266765,-0.006083271236082987,0.001835968787933463,0.008295133991148687
-6.085901455513305,-0.0076265135138185915,0.0017996242580093202,0.005009331736221603
-6.08533745414935,-0.0050227226586491815,0.0015178045875121786,0.009151269951963074
-6.082238166293115,-0.004976254376262812,0.0017412867181707933,0.0073311997658336
-6.0800160838464805,-0.005937322714612879,0.0018083912611624184,0.007224359311985207
-6.079148633430326,-0.0045034783554432556,0.0013777721162408615,0.001892091240664039
-6.076390566794285,-0.0068508799680475655,0.0016313560099782795,0.0045600294016868055
-6.075430395224794,-0.0047029139061362775,0.0011580565032383626,0.006960570046630275
-6.075004423255099,-0.00704091154695514,0.0017988108445863226,-0.00786484153445662
-6.072010616838162,-0.0026908880545609727,0.0008968970090137524,0.0038224028652938794
-6.070239867978733,-0.004583938986638282,0.0012274339138754666,0.0031688544263926443
-6.068180439365209,-0.006562194109723623,0.0017116898681349552,0.004071889059812262
-6.066838865028829,-0.004979712675303504,0.0014905358007609908,-0.007848727072242089
-6.065948748698134,-0.004359314151597111,0.0014103014813941653,0.0016876351252886905
-6.0648055892138375,-0.005173004017676957,0.001366595413745946,0.008891709819758665
-6.064206853833118,-0.004335962854480058,0.001418956985537684,-0.00501632804132244
-6.063893567100488,-0.0057845319946698255,0.0013143453229689267,0.00651173878202337
-6.061274166730514,-0.006165224235236615,0.001901536762043734,0.007140386090847182
-6.059001262851494,-0.004950565335764311,0.001377400107705046,0.007500633571324488
-6.056679874595307,-0.004474674109546948,0.0013447202583623922,0.006674312151717667
-6.0556390721405675,-0.006698698734597537,0.0016085101643982427,0.008240585016326433
-6.055022156393766,-0.007041328821591768,0.0017711301912398886,0.008963663122842544
-6.054070364332793,-0.00752731084758787,0.001847124242455695,0.0075982620403169145
-6.053056160399832,-0.006015983705363278,0.0016994435694733928,0.00947630086321518
-6.0511315451245915,-0.0069691966475012666,0.0018679869209288914,0.010991742678167214
-6.049328440817193,-0.006313167477563555,0.001541772162247699,0.006416373036422585
-6.046981938230472,-0.005815644106868513,0.001754665193399902,0.004406405556677697
-6.045737383169701,-0.006387820116733054,0.0018112421348557145,0.009557122183501453
-6.045544317133953,-0.006417552780317837,0.001487269252192879,0.006730943763266705
-6.043565084305292,-0.006772032166830833,0.0016886159712614201,0.00843286528406546
-6.041217410597249,-0.006875769193089116,0.0017913389293351238,0.00721083063717562
-6.040491729929621,-0.008300985178908307,0.0018850896722495544,0.007601995911848142
-6.0398627527594595,-0.00773818682892028,0.0021595101782449088,0.009278840190776242
-6.037516953684768,-0.006641950796917926,0.0019203014425845945,0.005575976111145981
-6.03734406552504,-0.006845848982543033,0.0017597562504907168,0.009419122767719734
-6.03501408273802,-0.008452429632419312,0.001899298576793892,0.00722357620763059
-6.033263073638467,-0.007259906799143845,0.0016671402471774318,0.0063151624130816245
-6.031626027132454,-0.009825670715350477,0.001982969085103819,0.005607405687566504
-6.030977219770997,-0.007593981171526373,0.001627772864946207,0.005023265207721535
-6.029611911428564,-0.006515478302617473,0.0017746187762934244,0.01083946363589508
-6.028197882342704,-0.007408472334189134,0.0021055823813727974,0.008647983413721777
-6.027190932267597,-0.011499824613788479,0.0022190108048667423,0.007053507028227673
-6.025607847060174,-0.00920244264539879,0.00195410020942154,0.006463423024930402
-6.0246030699158695,-0.01050859148225135,0.0020823773487552923,0.006572789042783488
-6.02414287447713,-0.009195492940982656,0.0021206822574170565,0.007350267589859632
-6.023427295736559,-0.008811197366693167,0.0019623625659028615,0.008903598238566067
-6.022401197895879,-0.00751761589742341,0.001781504299665329,0.009443380669085599
-6.020162580255989,-0.005722168743361066,0.0016170781676451524,0.00915984053356207
-6.019864194816601,-0.007493845432908881,0.0017669518352949308,0.00747227139452016
-6.018939008440611,-0.008081517717643738,0.0019614464562753334,0.008851119770507898
-6.017940386641333,-0.006976306051813631,0.002091385017160153,0.009099762380666286
-6.0168370846201285,-0.0073611711895547,0.0017818919956134273,0.009563105531828507
-6.015311283185669,-0.006026590099627322,0.0015883929538063673,0.007973560649704739
-6.014638945189665,-0.006428274744047,0.001507114921952227,0.006541242111126026
-6.011833609269962,-0.006252958326004054,0.0017249028015468102,0.009656078834043387
-6.010206556012231,-0.009434815659155625,0.0019884417718412065,0.007775994098993124
-6.010120214550712,-0.007544043198180818,0.001939886778736727,0.010529118680369837
-6.009170479737082,-0.006338526187143805,0.0017568122504716813,0.010733170221952887
-6.008870791953214,-0.00957068462217633,0.0022210122328277845,0.008779593412219802
-6.007191827921491,-0.006275638159581718,0.0014694639305412426,0.009463143531790135
-6.006298080139649,-0.007827780499049936,0.0016763274212494921,0.008860105632584544
-6.004485680619953,-0.006232364754259778,0.0015397657517906176,0.010209749919597092
-6.003615139935865,-0.005828165575745369,0.0013215064856550982,0.004424532515008511
-6.00255341035807,-0.006818111699895592,0.0016669168694736299,0.009874084510474728
-6.000401389466022,-0.0062343492926615965,0.00142598147276272,0.008456102840416495
-5.999554027726459,-0.004762889237260736,0.0013887661246148142,0.010444558520883447
-5.998804509679053,-0.007364799808089009,0.0018659485715259545,0.009089838614060073
-5.997002983024919,-0.007464091247266064,0.0019202855175461965,0.00832248816407982
-5.995518328998393,-0.005827883441251538,0.0015215921938221662,0.008603340700858745
-5.994291434008975,-0.006111027706623419,0.0017073744315409692,0.008155988854095998
-5.993010787728708,-0.0067967162898768885,0.0017010777741141047,0.0081626791484144
-5.991121687325981,-0.007657876620861907,0.0017396476705401173,0.007158993247713757
-5.989952209372532,-0.006599525685288989,0.0016447045402275841,0.007619376441709558
-5.987971248048444,-0.0060800405472901066,0.0013935231061473767,0.007666689019587626
-5.986269257701827,-0.007610285514008349,0.0019278654386875643,0.0073162493789052435
-5.984674386003583,-0.006166143920433076,0.0014735476268049436,0.008589901041803573
-5.984434524934436,-0.007747468405244036,0.0016336749376096344,0.00888460123933325
-5.983410052166945,-0.007289441789444355,0.0018658829155309602,0.005454559165047447
-5.982893759751947,-0.0076074320068671795,0.0019135694920183353,0.008026058354844674
-5.982395824447263,-0.00852496386473554,0.0019171046946914294,0.004182685883789196
-5.9803639722486315,-0.008740380846484829,0.0018925091288972244,0.004414421584511537
-5.97832538474562,-0.007883068884865098,0.0017835257391455412,0.004086008812700615
-5.977806522955546,-0.005852527302108022,0.0015181921355321198,0.005280417675259189
-5.976684039003743,-0.006514484562040944,0.0018224222988317926,0.00907971372946462
-5.976158462542047,-0.007430430433756545,0.0016391325588427463,0.0048747229646632995
-5.974829255313655,-0.007989901678634668,0.0017534937968521325,0.005386416666937797
-5.972684761414559,-0.00752948786377871,0.001982591032682962,0.00840715879351874
-5.9717553063619535,-0.00716501945393852,0.0015936673281954196,0.0066438397818617155
-5.970151275906737,-0.004374495722312235,0.0012346504304030922,0.004624495507227705
-5.968907365092312,-0.005992491836992684,0.0013722794929952183,0.005516098664769463
-5.967820804900664,-0.009232928931115438,0.002051525790138423,0.0056816414200760975
-5.966977255525323,-0.005206174218127717,0.001404128973791379,0.008937238722114979
-5.966448563764717,-0.007364584762963945,0.001702820702755217,0.004268481404315006
-5.965009929167398,-0.008801791540471268,0.0019481862160170887,0.006927680936667038
-5.962962781711173,-0.006597976399208632,0.0014726975847032082,0.007790779814528719
-5.9616241885695125,-0.007895511699170405,0.001834307978964287,0.005380828666689541
-5.95933810910149,-0.00445418817540834,0.0010625589599555353,0.0013113924189814205
-5.956952238358893,-0.006025892170026097,0.0014614978473896187,0.006192605570165876
-5.955237381376436,-0.006672662043553757,0.0011986373693451005,0.0019477682823012188
-5.95465838955771,-0.006988707653908352,0.0013226832825330185,0.006829389798952012
-5.954222692225562,-0.007875919155965291,0.001623565086410437,0.007753106398322594
-5.95207226400422,-0.007465609996728556,0.0017523096570257208,0.005387240393356056
-5.950484049969327,-0.008196338048176663,0.0017681617094400148,0.005751731271399988
-5.948270726260758,-0.00798008884433358,0.0016577789412667986,0.0057340427462319425
-5.947794909973097,-0.010643755931654883,0.0018906223310763313,0.007918310082116855
-5.94702148978521,-0.00799797107088769,0.001853040923974,0.004690999590370406
-5.9439075484421275,-0.008259641338489927,0.0017280532469198427,0.006515295472469575
-5.943690291289027,-0.0077140124654587585,0.0015708438705429545,0.005498023085041072
-5.942654477902822,-0.007576659836029305,0.0017847939818626004,0.008909460575936152
-5.94140717921385,-0.010978375848569328,0.002162502724277914,0.00727243560495429
-5.9399818131095055,-0.008925696252567774,0.0018454160345474854,0.0081230640422764
-5.93911846102734,-0.008755813915997245,0.0018448148277211921,0.006872739782019542
-5.938901273951742,-0.006995508038529956,0.0016123597827182577,0.005471370075676277
-5.938532870009916,-0.00727124417701475,0.0016937064766055412,0.003111603040999956
-5.937457676980517,-0.007337203811704274,0.0016805001882529498,0.007196957332827534
-5.9367543540150445,-0.01220259020064319,0.00235836290599614,0.007765945975628803
-5.934397190959939,-0.009838185870828535,0.0019178817942062326,0.003293962980736525
-5.934084403234105,-0.009181781882169048,0.0018809094175707148,0.005079293721617002
-5.932775910795418,-0.00896493714559029,0.0017875429993530862,0.005778493515521264
-5.9316504447719245,-0.009497325601743654,0.002108714962088887,0.005870410446353455
-5.9297987832971515,-0.007470980383057506,0.0017009087898447425,0.004468240733059359
-5.928957853390846,-0.007384096508788713,0.0018079450407649633,0.001114469577228433
-5.928103433891004,-0.009857031128919422,0.0016940805937097298,0.005030212327282934
-5.9262828424880745,-0.00993093184348935,0.001965495464005772,0.004909135562419362
-5.925326764814316,-0.00787348718286601,0.0016480135398548915,0.002856056313174133
-5.924528309992076,-0.007978197147138292,0.0016076964141409293,0.004734364850609203
-5.922987896534347,-0.010075029070688152,0.001988246011882824,0.0025556006095046524
-5.92161259782757,-0.009848436806977447,0.0018548381726986264,0.004438111218949659
-5.9210127844242635,-0.010724801270583536,0.0020926702764955717,0.006464790011852339
-5.919550547917646,-0.007875879218566199,0.001676084190035535,0.005264735563344049
-5.91679944008676,-0.010412321599233608,0.0021436733675387386,0.004816070219765972
-5.915971256357511,-0.00829702204779012,0.001912774291634709,0.0059765590781918135
-5.914482638097841,-0.006722562283479421,0.0014910169118498933,0.004834069643105324
-5.914041278286586,-0.008871841520315744,0.0017878268279008832,0.0047435294576024314
-5.913355523696388,-0.00956696667499534,0.0020199090045011025,0.005366671366024658
-5.912002549833421,-0.008680674328766071,0.0019166965841450067,0.0042249242072160105
-5.911181903492039,-0.008304275038175702,0.0017266062172904884,0.006004327657079885
-5.909458278097521,-0.007749299927955786,0.0015451367114846133,0.004388022832638392
-5.907960890074349,-0.00877213718977351,0.001848974190943953,0.0037053333839278365
-5.906118844866704,-0.008008142641647623,0.0017746547145266025,0.007566698086231623
-5.905373156897986,-0.010154835213707539,0.001989741417276688,0.007161727480333118
-5.902408362209118,-0.009699862055183401,0.0021681418386304526,0.006774528195473637
-5.901908124935192,-0.007488107634695747,0.0018131979641662459,0.007260268154616384
-5.900390772257853,-0.00763242963979316,0.0017346056912715263,0.006923823086420425
-5.899942523017117,-0.006350033924386329,0.001383452462634897,0.0075968705374294745
-5.897726895307859,-0.008865256021001699,0.0019538296607691085,0.0066145710520640515
-5.897362919077654,-0.006803437814837509,0.0016160740704857551,0.005518113189291982
-5.896124082372774,-0.007054898103666533,0.0015063257317524503,0.006456826866304923
-5.895400923679544,-0.006250723604896981,0.0014999462299920094,0.004333267623123216
-5.893900898124512,-0.006716952706252079,0.0017576005915883213,0.005138222673664022
-5.8918174963463334,-0.007427664281484484,0.0016230253565991397,0.003961555729228498
-5.891098981823087,-0.009218829200945397,0.0019415211692948519,0.0044932216300107375
-5.889035352668086,-0.008779249856332279,0.001991723374955957,-0.0007985799629619456
-5.887715265301423,-0.00643246116912961,0.0015207206975773695,0.004867043137486401
-5.886178501887229,-0.011378116980362271,0.002227860426545926,0.005840291567886912
-5.885563346737565,-0.009427347550306902,0.002038169749448481,0.004068316998030034
-5.8846940215383485,-0.009271906799675822,0.0018489592055612473,0.00951034876263591
-5.882557187665295,-0.006244683541235616,0.0014842323069880316,0.0022164555750519197
-5.881623218446341,-0.01063401342422032,0.002247962042909552,0.0036437699388293956
-5.8806725910012,-0.00877036587745585,0.0018513880039615041,-0.000289937571061947
-5.879491952361488,-0.01139293228131472,0.002305959435976581,0.0008649356095063932
-5.87880177910814,-0.007426282698730194,0.001504484090783951,0.003664244841533302
-5.8775533930168375,-0.008011870425202076,0.0018424126130378695,0.003663214683325693
-5.877022358640091,-0.006791195275027174,0.0016457415007667543,0.003989931803950497
-5.8755067451176215,-0.008347182090462407,0.0018459392557802247,0.004390173117720639
-5.874547733489449,-0.00803602684362625,0.0016495058294767396,0.001388538590316268
-5.873528691195568,-0.006932070419622298,0.0014969141012086055,0.002439355155843818
-5.872501038899114,-0.009710000919330358,0.0021147551178708622,0.0007853322153984203
-5.871007378925103,-0.006776681968478126,0.0013341938035530325,0.005715804381344129
-5.8701451669412155,-0.006549544834821511,0.0017320662866047163,0.0052135261734121184
-5.869113201486786,-0.00978258709810017,0.0017860212087107072,0.002062122335860109
-5.868076776688835,-0.005775448603007201,0.001496113681118466,0.003793904073413944
-5.866180876907467,-0.007824948358029722,0.0016940639626877815,0.0062077891332962196
-5.86499045131254,-0.010486815858479308,0.0023000000239489483,0.005721798151692162
-5.864046708163052,-0.00943728950416267,0.001852558647175451,0.004513097430619283
-5.863494131651895,-0.0070454887390096485,0.001564402739386839,-0.0010535599274443602
-5.862078855319766,-0.008564384350561272,0.0018277501537373943,0.004428517753401551
-5.859523903046036,-0.008340472252178266,0.0017924097747910148,0.004055098381065761
-5.857719763179628,-0.009106683897193615,0.001803542378765033,0.005956290914556051
-5.855754034563641,-0.0090880317239137,0.0018409359479311415,0.005759410934711107
-5.854816448898373,-0.007848672725981474,0.0017239608991745843,0.003042629979454732
-5.853683694650931,-0.009271070390010485,0.0020003440125407643,0.0046671614822738055
-5.853079785434984,-0.007824063918668973,0.0015413787802606316,0.003969947637813201
-5.852467641999071,-0.007367741418133649,0.0016867688935588957,0.005829258959687638
-5.850937554922369,-0.010511959673713862,0.0019468610333103734,0.00483029099830697
-5.8484963167090465,-0.008490685990556922,0.0018903122533432935,0.004115825517383966
-5.8473024686206525,-0.010231652117976225,0.0018517654793041996,0.006703574456879987
-5.845958506510589,-0.009098000401053049,0.0018544693457680215,0.0035300776806873073
-5.845214516356359,-0.010591880717005286,0.002117210393718774,0.0031517937809573686
-5.8437623440476445,-0.011617329250023553,0.002250337010454897,0.00011075715268018895
-5.842492845396666,-0.00972003039621898,0.0021040630004369497,0.004953272823713412
-5.841131085269529,-0.013340808568779786,0.0025358696989913605,0.003755014557606576
-5.840020636734839,-0.013327165632048135,0.0025634648608448734,0.0007836348457171002
-5.837814021561803,-0.014421589222216237,0.002857515585757337,0.0025351727626699515
-5.837173667187917,-0.011740818563839366,0.0024251462833745838,0.0036214542352319993
-5.836666703241471,-0.015691290163460835,0.002858146781731439,0.0028219557766768133
-5.83513489456174,-0.0114137816933461,0.002429329402050226,0.004216232911918733
-5.833913359872564,-0.01228211418504507,0.0025974773775912846,0.002411346907683208
-5.832305435734603,-0.00971927152530971,0.0021158822076656875,0.0011989661454685793
-5.83183990475239,-0.00813280304866366,0.001969262737276062,0.005117742219330127
-5.829525798122009,-0.011033134745986571,0.002287667422443616,0.005129120722245159
-5.827530726300815,-0.011893173770341936,0.0024648312811093283,0.005026456980299176
-5.826120253071348,-0.009810160506876848,0.0020619392567483943,0.004540314801225893
-5.8260294570543625,-0.014010939842957178,0.002831641082063652,0.004883697556581048
-5.824434982050815,-0.012109349241348159,0.0025227234852852657,0.0060049448514503
-5.823923029282128,-0.010489846196025228,0.002357852450564865,0.0020173005864078442
-5.822758886346957,-0.01475458003928392,0.0028486187100861524,0.003360793999739716
-5.82223853254778,-0.011852086382143346,0.002358550966797872,0.005684408992280131
-5.820153439130273,-0.012667517163402305,0.0024453546051577935,0.0035955208909489635
-5.818507435410861,-0.011882388474949376,0.002417499384195649,0.00512499648564354
-5.816864050091305,-0.011852698363696231,0.002556288077805196,0.0030987103733208002
-5.81669003137759,-0.010484514208399635,0.002204302703528466,0.0006867140020217581
-5.816145155858814,-0.011996426385071026,0.002505173639467663,0.0033817210727938732
-5.813794394542795,-0.014307947278643507,0.002705046306226798,0.004147758132541531
-5.81251911992836,-0.012513298234139617,0.0027940235404802843,0.003983552644186569
-5.812058704100981,-0.011429927179038393,0.002400642240390031,0.0006318290464652652
-5.811649558612024,-0.009986810215696763,0.0023973342680669502,0.005077991146214832
-5.809335743749865,-0.010609279674087577,0.0021479293775771256,0.0057986319889293215
-5.808650385851227,-0.01391105320308697,0.003029661289279007,0.004683424948385812
-5.80562581022201,-0.010549650794267722,0.0022470831944810753,0.004916571860766299
-5.804926685772678,-0.010235390880822974,0.002176775238288447,0.006263748694212423
-5.804044990409524,-0.008541860741893727,0.0020171923329307755,0.006240899501687528
-5.8029830375074445,-0.011531686575899558,0.0022470679476041767,0.0063871186945820895
-5.801138395080135,-0.011569870555587102,0.0024060263216068366,0.003694526221942967
-5.800654941739374,-0.00799184380977171,0.001826416128835849,0.005446957484751097
-5.799651453433347,-0.016594233087881726,0.003177992169847606,0.005409515595227488
-5.798963566087921,-0.010944538821466109,0.0023251871565261673,0.006008599137695327
-5.796058887470655,-0.012181044014496739,0.0022467702904459684,0.0034948361986368278
-5.7953725878095215,-0.010458750086251656,0.002108149590229078,0.00243195182258176
-5.794294603410371,-0.010985419899779074,0.0025497094656098535,0.0038061471766615562
-5.793397641366415,-0.010902733888541566,0.0024761083015075245,0.007276186302589162
-5.792213266591654,-0.01178615930763849,0.0024379082807835916,0.004612893432242523
-5.790774929108664,-0.010903486878676273,0.0023770993481963608,0.0058705788827528044
-5.789502588792443,-0.013101301079031565,0.0030045078380989557,0.00335770956919251
-5.787719415522528,-0.008893774167264234,0.0020580498645636123,0.0043907512942809885
-5.787258869563191,-0.010254137018301938,0.0024173713753173785,0.005348005980126313
-5.786773981989528,-0.012052551520585637,0.0025483698782973415,0.006338659792673876
-5.785341735607464,-0.010380496653712849,0.002421637485243006,0.004507517114364392
-5.78264702944081,-0.012467138047396034,0.0026139994240629533,0.004075440688198634
-5.781497676758066,-0.014236073717347364,0.002767364657697552,0.003920277525913474
-5.780035314777224,-0.015325136353809918,0.0029564292254551836,0.001373719122599117
-5.778278888525341,-0.01258424688290439,0.0027168734762809373,0.0009461146465011053
-5.776842035443512,-0.011719220769503247,0.0024491025544772413,0.00019709423052574883
-5.7753412899117045,-0.011524690056679004,0.002197424686709134,0.0018986569961552623
-5.77508501390043,-0.0116330074661972,0.002340555760392933,-0.0005536017149400799
-5.7735305185753285,-0.01632652593721916,0.002985917796613732,-0.010180435942984003
-5.771669272755301,-0.012384187246362373,0.0025508258350713715,0.0019848548574798257
-5.770570914794015,-0.01376072975436218,0.0025475859368147354,2.4136172765854547e-05
-5.767970715667613,-0.01030113901903531,0.0021654430641523466,0.0045889067761680806
-5.767577882521119,-0.012908563712455284,0.0027306981139425266,0.003244932833131622
-5.766411560652412,-0.012392139131715645,0.0026659139954439636,0.0031871488051112636
-5.763400268253571,-0.012614135936178217,0.002668930420629646,0.0034287890943206813
-5.762922501671843,-0.013873611984761747,0.002562136625219988,0.0022512914464885075
-5.762543251800502,-0.010162874564327923,0.00231502890964149,0.00510848766710646
-5.760925235167256,-0.015985283273913603,0.0030267069048578042,0.0033582544294515513
-5.760462955323775,-0.011852114509498147,0.0023272037791832335,0.004130517624680197
-5.758359759875009,-0.011994283394665758,0.0026105936247893227,0.005069111327725721
-5.75720229843591,-0.014719646294065677,0.0026570334593748867,0.003904823867697491
-5.754923704354525,-0.014861450141232793,0.002560744965192343,0.002240701125398693
-5.752518745612878,-0.012735409591501006,0.0026487378304358,0.0038619891129584513
-5.751877030471506,-0.012360716372805577,0.0026598783316987918,0.003362040557923708
-5.750216641522305,-0.013260139987610664,0.0024769911088237074,0.0024203691276738293
-5.749378456386781,-0.014708594740177066,0.0029361425141142313,0.003559615393198484
-5.748012557229298,-0.013919838783145892,0.002767004178072997,0.0002500848406341433
-5.746995676329455,-0.012514079126718524,0.002509045543152137,0.003242994090114019
-5.745168874199209,-0.014774848231360375,0.0026786985486801558,0.000902820142911438
-5.743929641281302,-0.011912622796687953,0.002805931519403423,0.000605670548197901
-5.742271763924452,-0.01042392725700423,0.0023012125631819264,0.002265286472527927
-5.741832681653227,-0.014672548631265384,0.0031871206535400093,-0.004385817240203357
-5.740488310862379,-0.014123392170952587,0.00273021860767767,0.0014300876152710882
-5.740217535337067,-0.013820635072095327,0.0025834426177858767,-0.0009199198744728332
-5.7384136548342575,-0.012077870765047844,0.0029128986053031576,0.002726272709273063
-5.73785511593033,-0.015165691575701898,0.0029031561934959762,-0.0032263060163271744
-5.736583407944601,-0.014402346279200794,0.0030369838317116315,0.0022431884678958377
-5.733886366959966,-0.013799844191535312,0.002858884108486308,0.004168594595268008
-5.7329478694652325,-0.012670925964820773,0.002667250048976729,0.0034834602365050827
-5.730728615229952,-0.012400785221365585,0.002832596030666777,0.0032072000593228647
-5.729991444288017,-0.010495229910275019,0.002231467806324175,-0.00027818187238389116
-5.729029606442395,-0.010907238777800771,0.002279758121255258,0.004965725623208627
-5.728578535476469,-0.010314390984707924,0.0024500851921224883,0.0037818584682579744
-5.727073574117172,-0.011690551359720852,0.00258664640008267,0.0006321929900602873
-5.725825384941994,-0.012667698027032246,0.0030444565640156637,0.003930126538956092
-5.725409701906201,-0.011801291557650036,0.0028515327384469025,0.0036110663603749617
-5.724069418642565,-0.013177432602360319,0.002754488442592267,-0.004057884675544507
-5.72297095232863,-0.010610792850067807,0.002431526358561933,-0.001907412500531335
-5.721245203115475,-0.012458499609868164,0.00258601828789175,0.003456171303613359
-5.719189677480077,-0.011993938756282314,0.0028150190243045087,-0.002686424693337375
-5.717920331792446,-0.01036426212735773,0.002419404859696704,0.0026585410196297444
-5.716379621532585,-0.01078556267326689,0.0026208870985604134,-0.0022112013997623633
-5.71531405650441,-0.012011107142134261,0.0027585658270760025,-0.0069205651302123
-5.714115902529857,-0.010736038952582757,0.0024449320239479625,-0.0020499314783657377
-5.711490067893902,-0.01203083361852027,0.002570092200462817,0.0010835373872411659
-5.710531090890001,-0.012646378865506812,0.0030498132299911374,0.0023585948158493957
-5.710396638284868,-0.010830166808186655,0.002841626702426237,0.0018953664798885723
-5.70888722882775,-0.01112589072483252,0.002996728252419896,0.002592712899245485
-5.70777502081718,-0.012328264234716632,0.0030670807381771325,-0.0007857816748584221
-5.707013034736648,-0.011172929901399982,0.0026273785946467464,0.004177691128459442
-5.706452452337946,-0.01176592797904323,0.0025979541164075854,-0.0021588577232995745
-5.704576086772323,-0.01203912016875546,0.002826806400770591,0.0016596340691846993
-5.703470982124994,-0.012554644783564436,0.002705534902171813,0.0014031711984279515
-5.701494237200041,-0.014765589301661474,0.002964528702339239,0.0021135776985476314
-5.700444200580461,-0.012329123619984683,0.002716798980136392,-0.007424787514921101
-5.700073728417898,-0.012247561829044002,0.0026757803817375335,0.0026407769617460054
-5.698334885897518,-0.011736772264644597,0.0028269796379346928,-0.003471504801185703
-5.69702795198159,-0.01081300103723211,0.0027256678689875206,-0.00012211576057161232
-5.695873818441835,-0.012007946023070017,0.0029692465610521683,-0.016531469212345714
-5.6953771954049515,-0.011098219315322629,0.0024133300403831777,-0.0016322986643857536
-5.694532554859446,-0.012142416173561366,0.0026089744242150776,-0.022275437782660768
-5.6916930443244205,-0.0099916596973347,0.0023763892750138797,-0.0031673750876968936
-5.690522716512623,-0.011670416618092115,0.0026868029848966433,-0.0036817544969343355
-5.690344859962269,-0.012578061393121205,0.0026941023684844403,-0.013197759797981132
-5.68872606633073,-0.012088892118983272,0.0025572216484197104,-0.04463701204469607
-5.688457723734922,-0.013130309221277144,0.0028139495459274817,0.0012568135948018717
-5.687277812517934,-0.01240839262855677,0.0030678933230954067,0.0033677584992963766
-5.685506409442643,-0.014201221912902693,0.0030704463325170717,0.0004760662040621355
-5.684317698322914,-0.013738248995337514,0.0030052646695049165,-0.012999827573807243
-5.68304856072704,-0.012202489958691965,0.0026347914996367092,-0.004934693074741495
-5.681783885796089,-0.013337773043236956,0.002960862517550433,0.00020059062751517527
-5.6799181399592955,-0.014001628458076983,0.002679769228619645,-0.008781368464531977
-5.679702361453954,-0.014970238008793909,0.002857829567583296,0.002992459305056507
-5.678785940767914,-0.012940519047009465,0.0028176447446430766,0.003712895320456676
-5.677765839400427,-0.011470716358207119,0.0022364813760954454,0.003544412498530917
-5.677352889725705,-0.011887497980949914,0.0025758463700547947,-0.006109657187231362
-5.675765392491069,-0.012633453545564681,0.002317968519844111,-0.019200323469269094
-5.6738875466384995,-0.011669254251512221,0.0026143755223954836,-0.001452170531847532
-5.6729820282229095,-0.011932487515259485,0.00278712310769615,-0.0002663810507171603
-5.671220777100915,-0.011058984591934787,0.002216095446744979,-0.001428596180230829
-5.670127391244554,-0.011807841083559135,0.0022372575166841164,0.0023408530236816044
-5.669428777254009,-0.012071529798038785,0.0025204261619443304,-0.008123256705193416
-5.667938189889217,-0.013762175088628299,0.002911158589103176,0.0034129054675407634
-5.665155408338967,-0.012337138283020058,0.0029503154245524603,0.0008075031744688397
-5.6643659687870525,-0.011143323750774684,0.002558180343659292,0.0027721394912172824
-5.663420090655525,-0.012923470061337696,0.0029124986414972914,0.0013842053861329356
-5.662700643051533,-0.0134061248251432,0.002502328963876302,0.003941831521281381
-5.660128617113041,-0.013179432333058363,0.0027058827756713333,0.0026331943020122123
-5.6595581195863955,-0.013570431860548142,0.0027847159818524393,0.0036537487692213056
-5.65813184647931,-0.009997847546626757,0.0024501240725468216,-2.342575219683972e-05
-5.657741471109556,-0.010276713986558175,0.002174487070558199,0.0029928622742539535
-5.656583129208499,-0.01099274302791922,0.002451099274075509,0.0020613024478164823
-5.65500728668384,-0.0117652934338123,0.002354629882783665,0.0038822655650081034
-5.6547752023074525,-0.01288809329481073,0.002798440971051925,0.001884188321131893
-5.653757872994598,-0.013554010200084676,0.0027432976034503648,0.0015473221732650276
-5.652316512375904,-0.01253065375572538,0.002616739675828124,-0.0006144173076098146
-5.650716545672609,-0.014817495212168083,0.0032137045409993572,0.003105213906790048
-5.64880205587255,-0.010670602526339421,0.0023643136231211123,0.002526619839503147
-5.647791886407533,-0.014612932698609183,0.0030307870986540494,0.001195389420795327
-5.646636959881824,-0.014076772373706756,0.0028306696232271726,0.0024884079450194028
-5.645655011575431,-0.013843764521904134,0.003159206941951417,-0.002214639023716407
-5.645234366338005,-0.012744599756081516,0.00302491885893037,0.0023087914428865574
-5.642296738008435,-0.011762549066781713,0.002767893493150063,-0.0023586547431732915
-5.641735669758742,-0.014135148887330199,0.0028366898843151384,0.0021460058402036765
-5.640133721590936,-0.013460227644230634,0.0029578183262338395,0.0015978081969687757
-5.638844668284119,-0.011892314854613072,0.0027721337928185564,0.002599782285509971
-5.636650343283689,-0.013078629394033113,0.0024837169493662366,0.0007838759863051273
-5.633996917787251,-0.011899431812723698,0.002664916354329304,0.0018426844605159147
-5.633281024607122,-0.013303305341053152,0.002652897788793078,-0.0033007792622075697
-5.632109763449827,-0.01333471991240045,0.0029112570392508964,0.0011494389708917169
-5.630320768201309,-0.01078999669934366,0.002230772238425985,0.0017431355428580144
-5.629890317330313,-0.015137080742264305,0.0029434701687761924,0.0022794567743355614
-5.626956957128911,-0.011025948338033607,0.002533529322803087,0.0031384854993917245
-5.626350270893275,-0.010318784803072507,0.0022225954442498573,0.0019999380260027544
-5.624942196912695,-0.01225787278945238,0.002729275967984773,0.0022602325711788113
-5.624671392594516,-0.011168338327392942,0.002370024974399603,0.0041448075177475925
-5.622492123422968,-0.013145188424686396,0.002933180821565285,0.0030987822987900092
-5.62081189168126,-0.012485644157504411,0.002502795053247758,0.001979734619338802
-5.6200870970268175,-0.013997794056402038,0.002745642719642479,-9.51376522132426e-05
-5.619567815279818,-0.01266201103381106,0.002389766672236911,0.002044716589350432
-5.618851842044107,-0.010687169320316612,0.00240430138932193,0.0020003275564475405
-5.616362561947793,-0.01091626420274129,0.002539097377409308,0.0017822921044036173
-5.615952736462579,-0.012227430200638968,0.002648959263411289,0.0026176818709598274
-5.614762813549736,-0.015582274779277955,0.003025124436972446,0.0008135386728554328
-5.613585754599376,-0.011137897426272704,0.0021906316197052127,0.0033857302820806522
-5.611988212033114,-0.012750881444621574,0.0027344373254186965,0.0007755239636806955
-5.610881488709568,-0.011720919447282636,0.0024349483654354047,0.00031874402300032797
-5.609477176111906,-0.012152190595377328,0.0023595892389592565,0.0022106420778114965
-5.609259420560575,-0.01157766277320238,0.002440850992505654,0.00089953443248261
-5.607883679399055,-0.011357758146068505,0.002351938514434571,0.001679487386629518
-5.6077027004234425,-0.01200492139831387,0.0026537488567990354,0.0017835268252041788
-5.605385031104841,-0.011655230987871643,0.0024532068738315096,0.000854894456684127
-5.603479275008579,-0.012282009709414616,0.0025735863940727468,0.0010668258386772479
-5.6030292288557035,-0.011460945130461208,0.002305418369471989,0.003183635518171562
-5.602302824634932,-0.010856593480549692,0.0021359741932943386,0.003337236227493321
-5.600625677700423,-0.012742738883401621,0.0025234991928605754,0.0021372733813763175
-5.6001879845296525,-0.01066585270190688,0.002264080538128764,0.003066188547980708
-5.599126330323586,-0.011731549177255041,0.0027017832324424907,0.00224912471518301
-5.597845401218137,-0.01207505006890333,0.002631898049405162,0.0011486970812561758
-5.595049133618105,-0.010670830287732955,0.0023887994977420867,0.003170392416249959
-5.593801303395853,-0.010602330818834922,0.0021380557522698894,0.0021606299190668208
-5.591298094109259,-0.009295338494486927,0.001988431689806443,0.0029226519202850175
-5.591151626510745,-0.0100006780355917,0.0021686614497192338,0.0028724197494629923
-5.589828137767679,-0.013760587969370982,0.0029511357377402883,0.001660165671756736
-5.587841725835688,-0.011598003436866254,0.0024563196798447024,0.0005771702237438569
-5.58533980127718,-0.01295821063718791,0.0028362889558139403,0.0017391382030377271
-5.583709964578557,-0.011150610502495627,0.002618148767000859,0.0029624002814998018
-5.5823230835305635,-0.01231060579594879,0.002562481545353357,0.0015331372163359936
-5.5812443891004975,-0.01452333583591723,0.002912944514733805,-0.000395306286914896
-5.579468367085086,-0.01380095482352701,0.003117820089676811,0.0026853636347527864
-5.576946936951575,-0.013448522109106794,0.002968604890160301,0.0013750421581186932
-5.576105308695425,-0.01241618248812844,0.002575531161742566,0.0006016343182112488
-5.576057567940561,-0.014650408162537758,0.0035114702429908475,0.002975113486942666
-5.574932058574184,-0.014835862687890396,0.0027779801504792387,-0.0004459908456542661
-5.573839447781787,-0.01259061488271625,0.0028020814585488314,7.277643289386665e-05
-5.572176783588139,-0.01752508093164412,0.003274143062786113,0.0005027173704287141
-5.568428916560343,-0.010942277379995981,0.002206335621514149,-8.005753209039928e-05
-5.567658646597789,-0.013147607386789181,0.002576019715046414,0.0008469637645213121
-5.565697237342074,-0.01765021965245968,0.0032506247457931787,-0.0034675787304910667
-5.564473070242568,-0.013648150472597723,0.002700909322040988,0.0002598911710548385
-5.564063377729178,-0.012350612082569382,0.0024556761193347864,0.0002707797982391242
-5.562656885181731,-0.0146359637896798,0.002845239267309096,0.00010298457646061672
-5.55986937546183,-0.01747970442144256,0.0031121761539112374,-0.00203487349747298
-5.559457537234862,-0.015312134061735979,0.002914085180525237,-0.0005610066206674913
-5.5584959918839,-0.011824353822911284,0.0025139516848931526,0.0015231997031093826
-5.5578369973084945,-0.012360096826512288,0.0024607869508672885,-0.0007098356800380615
-5.555208748262018,-0.01628221117353665,0.00287569528160391,-0.0010153739193046285
-5.553964892662252,-0.012648854479884062,0.0026225756282415237,0.00047506170492208385
-5.552223250367095,-0.013856448250924351,0.0027185879986414098,0.0008165332577668577
-5.551076823909006,-0.013030732319493437,0.002441088768544239,0.0007205569635906272
-5.550085166741864,-0.012611916978355585,0.002466504426023255,0.00032476900605215653
-5.546995265551138,-0.013428333902770637,0.002574578964237534,0.0007906902127656179
-5.546715972551277,-0.012775296599140496,0.0025161236932058754,-0.0013170653398472693
-5.546119886170977,-0.012989760901982046,0.002506350744616178,0.00046490247784254364
-5.543965779522711,-0.015929490118513686,0.0028834898561585693,-5.8532502906902186e-05
-5.541381923175554,-0.011838176752816799,0.0022745631184520215,0.0008455333122630929
-5.539401187304319,-0.012327483213887797,0.0023238320378827755,0.0018353258205835268
-5.538529452873067,-0.013415250211390858,0.0025395575948293126,0.0009242444299899536
-5.5365593117438525,-0.013401687125337371,0.0026191277861982182,0.0011976678694349031
-5.5348711895696425,-0.015629471983541872,0.002796633841249028,0.00027271872037432646
-5.533427655947991,-0.017465658152643334,0.003098217156252335,0.0009436562682672494
-5.532538380280075,-0.012187508796856941,0.002558821289449027,0.0004927590462218842
-5.531408498258632,-0.0148083179992628,0.002937043996309157,5.896342965259002e-05
-5.530252979530032,-0.016801633818260567,0.00306227519652244,0.00011588530704737153
-5.52763509353544,-0.01885976462983845,0.0032714893145921195,5.1173886363290964e-05
-5.526884320894888,-0.014985567185918012,0.0029381466324964146,2.4922475410250016e-05
-5.525243200376686,-0.015030667146149868,0.002897703338926865,0.0010055260928159713
-5.524350297429193,-0.014795751509159329,0.0029066972713356672,0.0006484432417602512
-5.5217297504787055,-0.013366479620270957,0.0026276070007486742,0.0004457281230685082
-5.521192155987309,-0.015753277020665903,0.0029084333178818335,0.00029094616817614666
-5.520213856566252,-0.01615937027441568,0.0031121159202538583,0.0008169213088456045
-5.518493822716226,-0.01211851644143812,0.002489147817170193,0.0004685146263810216
-5.516170067446096,-0.01547739684349384,0.002917057755575263,0.000943423891470746
-5.51467237220538,-0.011901211307188153,0.0026721377597160715,0.000613389455640917
-5.5138402251608545,-0.012156871352764925,0.0024781908391148435,0.0009538268007336863
-5.511964163958083,-0.013803511105372063,0.0024839606557329453,-0.0005873910473046277
-5.51139779065488,-0.01672259514111263,0.0030859546578927382,-0.0022815012052543235
-5.507273985547359,-0.01457742276807326,0.002967521600816021,-6.4449996731014e-05
-5.506037310265127,-0.01416892579798843,0.0029001786679159146,-0.001036849929844592
-5.505378446426761,-0.013082276810460421,0.0025906135392946552,4.123887091877539e-05
-5.503873422679577,-0.012511583712822157,0.002327490956763155,0.001193149837717994
-5.502736177983649,-0.014612243492725345,0.0028977652761639806,0.0004828303359685915
-5.49995088824138,-0.011619730002449407,0.00226724564828083,-0.003181013409353167
-5.499413765245049,-0.010920401628318714,0.0023803430512741217,0.00010935973426079711
-5.498484506992881,-0.010683234571897845,0.002132741754512334,-0.0005762807303604686
-5.4978698181399075,-0.013773593593549977,0.0025578721212621397,0.0008520021232080093
-5.496244247026747,-0.01309814037816765,0.0027286063482505948,-0.0019035141856122454
-5.493323318144584,-0.013430215897655107,0.0025184747844528756,0.0012981377978157807
-5.492037653039565,-0.012495365183799489,0.0023663981278261924,-0.0005599297114643554
-5.489715220056145,-0.010986500157155125,0.002180270360481352,-0.0011793283433492031
-5.4885111117322225,-0.012408942561304988,0.0025947818151637425,0.0010933993265876325
-5.486923729138896,-0.010168559859436228,0.0021871454648390936,-0.00034213163631087543
-5.485736212097866,-0.012378678097813284,0.0024093482044856705,0.0005181183209530222
-5.485283358656429,-0.011210135448319431,0.0023879461911786985,0.00018096989224720378
-5.484818130991459,-0.014333243171730205,0.0026610914512877125,-0.0008713890593610262
-5.483753982014055,-0.01445154597245867,0.002643651653849715,-0.00015816151237542391
-5.481639957398645,-0.012420817509410896,0.0026185671245432,-0.000486610829261604
-5.480439071379255,-0.013126524232957869,0.0024795031958744045,-0.0009194667938621668
-5.478806964798481,-0.015741332526717954,0.00277440512484264,-0.000905284495908131
-5.475724036124104,-0.01274521264767468,0.0025918792749384588,-0.00016202908442622163
-5.474698092755601,-0.016707313157496576,0.003021406676369901,-0.0021062521311467535
-5.47330882636275,-0.013465226169693936,0.002546128871235675,-0.0007955135872334568
-5.470264436301038,-0.014603947043422005,0.00266317933937411,-0.0008103323442900571
-5.469336021142315,-0.012677615606009763,0.00243732379695823,-0.0010740278276854447
-5.46813793779809,-0.014777965639599213,0.002603770391982454,-0.0014518882592274858
-5.467794861149719,-0.013410071480034026,0.0024106644187041676,-0.0009135075495526234
-5.465930606919309,-0.013469814006530405,0.002409690012133613,-0.0025100815007938647
-5.464809897292627,-0.01604178437291778,0.002823874504538392,-0.0012406990598112734
-5.463504049900138,-0.014434183047691054,0.0026153290901526397,-0.002650579850371215
-5.462328577972587,-0.014920805087979074,0.002700801665173434,-0.0013162546404251476
-5.459855969480238,-0.015225511745297966,0.0027768947989519847,-0.0021367293050847747
-5.459589554828234,-0.01494636066875334,0.0027684510257315297,-0.0009458030979507114
-5.458618530739601,-0.013331896049612112,0.002426254854198274,-0.0008086123247788207
-5.456655132178422,-0.013253623416824867,0.002420078465819686,-0.0036505386478042794
-5.456075575457324,-0.014225325810227852,0.0026476832456218398,-0.0017874000540372597
-5.453881284972184,-0.013390838310134266,0.0024932561876338842,-0.0017515842689295534
-5.452449176950859,-0.011541452716548044,0.002118724613651388,-0.0017573379422636023
-5.449633483768821,-0.013282650903538898,0.0026316243690377434,-0.0003113291795981753
-5.448719052048364,-0.012174207633155923,0.002325247204538591,-0.002219517728831083
-5.446949048108341,-0.016269682693094124,0.002939221201628643,-0.0006471486686237842
-5.446054392501572,-0.01312672723711125,0.002498518632433555,-0.0028235142994752064
-5.444867873903894,-0.014203686754922088,0.002668384584319221,-0.0013091516992204378
-5.442489479495931,-0.0121735492449675,0.0023223670599075963,-0.0009629946199817426
-5.441150765398153,-0.011673126857931522,0.0021157670937637157,-0.0037619701355953885
-5.439713935756575,-0.009960589292693263,0.0020068871417464806,-0.00027934251640560846
-5.436659626540688,-0.01328840024160295,0.0025140269907122843,-0.0008923605684776523
-5.435753633265257,-0.016529716128833596,0.003186751374131955,-0.001459273487381824
-5.434771915466111,-0.015437867866729484,0.002500866632345531,-0.002771225969526345
-5.433465406866608,-0.01778789277311667,0.0033222237582938847,-0.0010390911374064922
-5.430559878827012,-0.013230330403660565,0.0022751723135511293,-0.0019563013689481226
-5.430369986834645,-0.011490603919295902,0.0020180771336279803,-0.0016689300216592485
-5.428211554869117,-0.01734170447328096,0.0030542784337288255,-0.0012452452100437234
-5.42789342442846,-0.01108851320641975,0.0020399863185999825,-0.0012902162954947596
-5.426201451651893,-0.011221224377249567,0.002166129404966002,-0.0021598642874449125
-5.42501168581699,-0.01129890786277966,0.0021912579047627754,-0.0016581329473453422
-5.424742269839945,-0.013743750214460825,0.002545176823576555,-0.0013889561449375058
-5.423735584959621,-0.011327581000967849,0.0019634566332844203,-0.00274752686694081
-5.421625541354692,-0.011339674613114326,0.002011422177733496,-0.002346768279330297
-5.419614445937064,-0.014098085791289683,0.0024302498333011835,-0.0027159741007113606
-5.419357334660403,-0.014215856503449231,0.0025882144279572097,-0.001863528509331578
-5.418805952017311,-0.013721993311491956,0.0025343021934435173,-0.0018378346732094593
-5.416946283357844,-0.01302597132032281,0.0023405805715088135,-0.0020098844475440777
-5.4153434188534995,-0.011620627616894749,0.002191407810906361,-0.002771782408546907
-5.413773855582838,-0.011441811742299772,0.0020035700408012184,-0.0014684773832793054
-5.412651094412251,-0.009902968933574811,0.0018334788449569418,-0.0013974286164857162
-5.408997746322184,-0.012034755767846154,0.0021558521405406947,-0.002479768920520022
-5.408293440502376,-0.013989566573811826,0.002408607596315807,-0.0031920934363727452
-5.406619511218533,-0.010521342105977568,0.0020554068147102555,-0.0029359353194958362
-5.404799728658569,-0.012682333928730926,0.002166046019152299,-0.0035119658352748273
-5.404378002591955,-0.011918763236958408,0.0022642218113069217,-0.0044506462253201175
-5.401317828361219,-0.013180698123995289,0.0023915069974818656,-0.0027757556261264523
-5.400180458107348,-0.012829855670735892,0.0022808021827743124,-0.004087219161967537
-5.398153458579619,-0.013388437840588284,0.0023393277150264413,-0.0020029023144314284
-5.396892008688995,-0.011107550174277522,0.00198518060124938,-0.0031076019776276652
-5.395897486046531,-0.01542950232302731,0.0025961190964986056,-0.002448900909032371
-5.3949998076841545,-0.01545424452993805,0.0028680858609437263,-0.0024085496107402243
-5.392924067723447,-0.01009703106014257,0.0018387057146652154,-0.002601488093963606
-5.391691682392808,-0.008659208621548547,0.0017412778031629479,-0.0025571186551523488
-5.391090427481243,-0.014343949775313905,0.0026771780297157807,-0.005165791575333974
-5.389501261142206,-0.012825529472189413,0.002456742809071384,-0.0037687311720450553
-5.3886847038097585,-0.014573898991074813,0.0025557720787446774,-0.005538004728258607
-5.385687676730757,-0.011968484444827721,0.002305474591861955,-0.003270379786499376
-5.383051741874995,-0.01455769909992393,0.0025664977567429444,-0.004586902901961927
-5.379955834018214,-0.012903777751897468,0.002386230070365625,-0.0035285394204791335
-5.379047837603929,-0.015127295025584658,0.0028034379525655193,-0.004648079827745081
-5.377206807471768,-0.010491309479563919,0.0018509291253706586,-0.003557144819541313
-5.375656824292512,-0.013244294214633726,0.002320646931761524,-0.00458805370141868
-5.375295196308489,-0.01090731852508747,0.00199967697360259,-0.003126600852780107
-5.372537210093257,-0.010664642525673248,0.0018692372064418145,-0.002488050488513631
-5.370983959595939,-0.010149545870377011,0.001874318443696374,-0.0024770936357626132
-5.3701504449528885,-0.010559021776337899,0.0022114993280538385,-0.002982833406696295
-5.3689624618205976,-0.009683560636717463,0.0018180418440172574,-0.00300009998038753
-5.365782540017544,-0.01690693683730801,0.0029789775610600624,-0.0047892127480162585
-5.364227151139053,-0.01649739690718111,0.0028789975550823203,-0.005066435412070098
-5.363633679243247,-0.013820638802586353,0.002338976596902384,-0.003642849879491337
-5.362252987239664,-0.018015136258720234,0.0029835012043218276,-0.0020935678765550097
-5.361489778442244,-0.01299428115179575,0.002323284962690272,-0.004869702636611905
-5.36041757224478,-0.011635461641605368,0.002153805411904391,-0.0038537127831892635
-5.35873355507473,-0.013155617345117806,0.0024436677942253505,-0.0038645882949487507
-5.3582692889546,-0.014960333316095406,0.0026517773712825235,-0.003312128570256287
-5.357092043939158,-0.017097614710320033,0.0030504251202952957,-0.003772515034582137
-5.355440098530597,-0.016638385727788734,0.002964852465682922,-0.005376184692669869
-5.354785042488585,-0.014408417918286941,0.002786929882641248,-0.003184091392698602
-5.35372282188646,-0.014641121579912259,0.0027620453668433195,-0.002542495822425071
-5.351767289899682,-0.019259166577299477,0.0033156037932130663,-0.00432127444799864
-5.349967984491189,-0.011981940729763446,0.0020444762610033543,-0.005125002774879664
-5.347945440837885,-0.014630607940729186,0.0025789841031748735,-0.006217383133340213
-5.345358510161436,-0.01678932089493745,0.0028275170623540363,-0.00587877582975146
-5.344332182549602,-0.014323455009965744,0.0025864701947698075,-0.004558811826330446
-5.342872605422455,-0.01437260244309088,0.0025528008584373182,-0.004240463976039335
-5.342196208858795,-0.014773517457958726,0.0026516012538613538,-0.004751931157385355
-5.3412183192207605,-0.01718136494385323,0.002942666255530009,-0.005202622270602619
-5.3388670233586994,-0.014450063249610559,0.002524001045888221,-0.005134255449051476
-5.336770856923049,-0.015912802344026995,0.0027612250822017788,-0.004460512029958116
-5.335468759035889,-0.017558563143148367,0.003038751866725415,-0.006067644082366682
-5.334137622839847,-0.012101688325016551,0.0022310433874138695,-0.00456091027925532
-5.334010720610682,-0.013798551902111223,0.0024646618675812676,-0.004479571561025713
-5.332604053097295,-0.01330734018225326,0.0022879024483741205,-0.006148373353783899
-5.331618955148593,-0.011797611351328612,0.0021529334081267894,-0.0034678554628600547
-5.329391965385612,-0.015340014690042291,0.002541538177027035,-0.006547380894083229
-5.324149553455687,-0.015476274303856768,0.0026616811465207564,-0.0062981322573399615
-5.323959393340396,-0.017835979922114917,0.003013176098742547,-0.0065517350888122
-5.322131894210651,-0.018911059763594036,0.0032347890216211446,-0.006301650278933053
-5.319370918314114,-0.020553568238646503,0.0032351851101473455,-0.005676562936508681
-5.318238262421579,-0.016487878280456277,0.00278321644447994,-0.006238957189919754
-5.31751967227845,-0.018764909447400606,0.0029713655557255278,-0.006008257289516708
-5.315784403886802,-0.01732062078571213,0.0028306927738885423,-0.004721643295781022
-5.314102578296741,-0.014884323527145452,0.002521013118362405,-0.005730655715088902
-5.312922438827121,-0.01672686868252929,0.0029442196783412214,-0.005701477569028489
-5.312002621324552,-0.010888160711763762,0.0021101953416543585,-0.005426402779967413
-5.31149532485483,-0.012134115589458962,0.0023112296435790153,-0.005937864101850411
-5.309773757584941,-0.0125052592247353,0.002076610196433,-0.007829381015487814
-5.3075015665173355,-0.011693021428989593,0.0021809987914859314,-0.0049020984215227825
-5.306043327263382,-0.01883164924810444,0.003179417182382687,-0.005924528994661536
-5.304666719783071,-0.016457317853204208,0.0025733920845664865,-0.008897381813776065
-5.303685821534074,-0.013287610722355916,0.0023428055742198213,-0.005496281854370251
-5.301396131428197,-0.014724845739484693,0.0024505560602394766,-0.008969120802047419
-5.300975935819633,-0.015221358882233733,0.0025290388352807542,-0.007774440156832677
-5.299876624733597,-0.013921710086569743,0.002387662313508926,-0.007374764291970654
-5.297542930613502,-0.014402160765679264,0.0025252517118271724,-0.006144728589811053
-5.294976384513934,-0.01148987388890047,0.002151790598089598,-0.004877143187800438
-5.294430336451257,-0.013411351909974086,0.0022905782739272283,-0.0043697589126294
-5.292374473746289,-0.01673548760493145,0.0031931945770411457,-0.00557592524571993
-5.2907666447968795,-0.01504413376437884,0.0026528145378646637,-0.006199342990065646
-5.287850658278417,-0.015173601335655467,0.0027487194357775483,-0.006103637411226105
-5.286679583897446,-0.015681093738987774,0.0027769506500822214,-0.006345413924892785
-5.284513850599798,-0.014336031642271228,0.0024673580979853007,-0.0063438366050322425
-5.281439863607907,-0.011761707014946297,0.0022563449350693284,-0.003922052477539378
-5.2802646862559275,-0.012372502083559944,0.0022354935990218073,-0.007571348526806367
-5.278576635196866,-0.011408982070805233,0.0019654528476019954,-0.00832582897395705
-5.276646349128975,-0.013303409883185213,0.002460413847247087,-0.006997327497495373
-5.27367557597066,-0.010415395293357485,0.0017679167474444258,-0.006049368148239481
-5.272930491054258,-0.010304667692032633,0.0018707470560875338,-0.006494950339297173
-5.270697291521885,-0.012207651181557996,0.002067775385894275,-0.006393660454876125
-5.267252819436365,-0.012777759383742803,0.0023219035651274003,-0.007054231979222141
-5.2667245225967285,-0.013722924447641687,0.0023468336203405094,-0.00694865987085933
-5.265235867622857,-0.013764283174219459,0.002425005641039433,-0.005723912670508215
-5.262471200804903,-0.014170163390707778,0.0024508480357587604,-0.007235605819988738
-5.261218670838141,-0.009216248338772272,0.0016612804130854968,-0.0054596950913170655
-5.260360893602449,-0.0109885026440466,0.001965698005213765,-0.006924327030357752
-5.258112264496263,-0.01302132504531426,0.002285189024714056,-0.007671984966989017
-5.256668032572825,-0.009739534559602483,0.0017523683538818392,-0.006764093584303033
-5.256415583869807,-0.011652542650905911,0.002148111068924181,-0.005850940178027232
-5.255070691819607,-0.010418311477433743,0.0018177035005841743,-0.006754058651787391
-5.252870344473008,-0.012678296784944197,0.0022373292495571425,-0.007369256669994289
-5.248596829673714,-0.010679182580462979,0.0018880455732662898,-0.010429550852266042
-5.247953053663552,-0.011045449401247057,0.0019504379863294933,-0.009116822767113767
-5.245283256300944,-0.014020646797748134,0.0025046971332767657,-0.011174909092906816
-5.244438648379067,-0.01025010028359081,0.0016467578183530815,-0.007878761175041077
-5.242864193371617,-0.012989545232388417,0.0021937076842769108,-0.00984693641000466
-5.2412435877667924,-0.010705875569359485,0.001818162338205253,-0.010215894500717991
-5.2394248034192294,-0.009655362671364152,0.0017889007305453447,-0.00647032178830886
-5.237937284311971,-0.014645662829340713,0.002388954705279114,-0.010400049601700627
-5.234922452270672,-0.011639699693090708,0.0020582528921091157,-0.01100594073759711
-5.233540344815514,-0.012180356290618267,0.002030891137460898,-0.009190443529575886
-5.230638260824966,-0.011648444838251334,0.0020333726847192794,-0.00839496393616311
-5.228656408381292,-0.01240714984419758,0.0020999713484478925,-0.00942832695977299
-5.227664187697174,-0.011635809488828143,0.001982849031424909,-0.0074144232465191496
-5.226789380244728,-0.010254500727935668,0.0018315053600510857,-0.006032217941201544
-5.2248463061084305,-0.013742955178385063,0.002358918662315387,-0.009213740085135173
-5.2233699612907385,-0.011773662525897392,0.002092629364168678,-0.006328413393223969
-5.221170628970328,-0.013510516626584241,0.0021702827838976572,-0.012626472109181105
-5.219500491763975,-0.014630769721655085,0.0023979861904247987,-0.008626991075395387
-5.215801478596618,-0.01129639060973448,0.0019411244192154334,-0.00903797671967951
-5.214084286822445,-0.012622310354917047,0.002157500154534121,-0.008676989468523756
-5.2127303487216174,-0.01275602456422698,0.0022299385110564848,-0.010768204589130546
-5.211812544846326,-0.010473154938765591,0.0018839220688509901,-0.007835641209126477
-5.20903226521548,-0.011826371731876216,0.0020708905557345653,-0.008732618434237853
-5.2078930226148525,-0.013175028205832934,0.00234127924006426,-0.008023011071682046
-5.204734100925853,-0.012798725669564349,0.0023158492170850978,-0.007549781203346287
-5.204264172065401,-0.016301129557193986,0.0027176220312993354,-0.01308562243059094
-5.202627223436519,-0.014058038305323893,0.0025222859597383656,-0.00715489465345993
-5.200623661198712,-0.012024794042020271,0.0020387763212974873,-0.008509082009954918
-5.198118946371696,-0.015309689698688426,0.002436843252651116,-0.014091038464322794
-5.195314101261175,-0.010091360688936995,0.0016842509756041595,-0.005978941033719002
-5.192865407902801,-0.011806368771325902,0.0019643062647892976,-0.008048490547374184
-5.1911838468069105,-0.010345133388554098,0.001621247752916385,-0.006606397910649975
-5.189794434510599,-0.013789734348851649,0.002246918058839033,-0.009410743172554924
-5.188069851228783,-0.012478292882161868,0.0020479614757562196,-0.010151535517425541
-5.182603357669938,-0.016937508615770452,0.0026660957365264946,-0.01001778611540319
-5.181090309194524,-0.014599799224001257,0.002426273234757652,-0.009245621989415727
-5.180879233809691,-0.017285319846424115,0.002767339818400991,-0.009179502762672737
-5.1792856253049795,-0.013402050383453665,0.0021593832492592035,-0.010870583086334821
-5.17654561160339,-0.014124503403961881,0.0020981245579986987,-0.020185996519465944
-5.174907401452344,-0.01053566705419353,0.0017926787146567537,-0.009071058464567816
-5.169064843833014,-0.010480835471420676,0.00180987262967461,-0.008035940647031819
-5.168169156413304,-0.013879436361086045,0.00227147930339835,-0.008812092996104672
-5.161002263896659,-0.01332335867012866,0.002342223618942856,-0.009458625374813538
-5.155684044664485,-0.010829251274694208,0.0017523812508656706,-0.008670615994262864
-5.154809614615465,-0.011852583482619045,0.001892613173612123,-0.010846785207021077
-5.152464001176106,-0.011008827470531333,0.0017846827524713193,-0.009656503044461686
-5.151196743600839,-0.00956404277808742,0.0016301330780958692,-0.00795015798472011
-5.145606092426704,-0.011590564958250414,0.0018312451682971546,-0.00995345584908191
-5.144166582214267,-0.008586809830523814,0.0014022038111489948,-0.00884390883849177
-5.142708889824563,-0.011216333107367716,0.0016395828046435604,-0.010587459032607023
-5.141363837815968,-0.00825370937584597,0.0013443069718043043,-0.010038183916953682
-5.136263591305877,-0.013044578733078615,0.0019893412364439494,-0.01081102629878323
-5.134586458252774,-0.009106396686592844,0.0014850909985193346,-0.00893309006149734
-5.132301196567443,-0.009913132022957759,0.0016757892050431346,-0.009408091299241274
-5.1318891998823695,-0.010340454519127296,0.0017551174496354103,-0.007789694767842281
-5.129830035722361,-0.01171026871763868,0.0019345884809211873,-0.00788831424333061
-5.126368543149514,-0.009179906099496331,0.001478935907625825,-0.010405918614179858
-5.124065174362117,-0.01099437058273619,0.0019524808280521647,-0.007978410751672544
-5.120953131420526,-0.012353109225267386,0.0021458137052792806,-0.009797195149511908
-5.119114018574565,-0.011256049794504654,0.0018374041438764751,-0.009701294883701077
-5.114287646741329,-0.010537213867665944,0.0017943484991472915,-0.009978974360256312
-5.110145241615924,-0.016338483244758704,0.0026181604649050234,-0.012363003832440224
-5.10719698392125,-0.011381532615601488,0.0019944627367490097,-0.01332906393020178
-5.102989074772335,-0.010851005215860587,0.0020705929294850033,-0.011089805086495352
-5.100816192063382,-0.012575350799651747,0.0020781684412061797,-0.010923259924786056
-5.099443451771755,-0.010258957118707787,0.0016935058102223984,-0.010729364424136393
-5.097774845139722,-0.007201397843288908,0.0013013204269456521,-0.010989671403752415
-5.095193488321208,-0.007989881227576032,0.001512283017781613,-0.012444697168773073
-5.0912245236588145,-0.00865566998204252,0.001719484155576636,-0.013806102131069146
-5.089935296175077,-0.009007511491616117,0.0015597415584157686,-0.013085271856069468
-5.08010536461005,-0.008140348098502125,0.0014485583754020928,-0.014586213318682154
-5.0775820530127485,-0.008262183156321793,0.0014080081874939276,-0.015307840610499808
-5.074635245348121,-0.007456535591990402,0.0013445229970852491,-0.01298142756538198
-5.070485562291911,-0.009091793856299385,0.0016032846626155258,-0.014590252487102998
-5.068542032694927,-0.008731103098984363,0.0018518314705350525,-0.01370044779062427
-5.065386224914409,-0.010160835468352909,0.0018652348751884186,-0.015269075961421704
-5.063924290576864,-0.011494588607715728,0.0018983904865448064,-0.015559069586849855
-5.0626570041657155,-0.00920631492983941,0.001908568105693896,-0.014771658028401387
-5.0567561799990415,-0.012292220524651122,0.0020369076467791104,-0.014452342472867509
-5.052673208230563,-0.009251791058544291,0.001558761242373305,-0.013810519134329942
-5.050590793843443,-0.00868630248196478,0.0014169666209872542,-0.01254185742143836
-5.044083069132111,-0.008568096472191276,0.0012851631972582236,-0.013401672731533058
-5.041801965700029,-0.011258501211834101,0.0017534096205315082,-0.01816240717051109
-5.040256380072087,-0.012606400341954208,0.001820327722586722,-0.02086632620141354
-5.03816478517333,-0.009477523947897543,0.0014798345075527639,-0.012743348441796446
-5.037008604500339,-0.013477997631819234,0.0020879774706818823,-0.020595353139117117
-5.033080882933356,-0.010394491422429718,0.0016200059422169122,-0.013768269866179834
-5.030997350214126,-0.009798118668853968,0.0015413906378554875,-0.01276731520436591
-5.028937355120997,-0.007761012006762305,0.0013073224427031492,-0.010864581809392548
-5.026901629209985,-0.011256138256736693,0.0017378167707934708,-0.013257621389348946
-5.023645462489853,-0.009083485021133868,0.0015233849425357986,-0.010843613221406099
-5.020689959560493,-0.009256217708625293,0.001400662562758623,-0.010997641456318643
-5.018497789372746,-0.009811016251375008,0.0017140626928135456,-0.011228940758698255
-5.0160890574175605,-0.009443528612913244,0.0015350677505811868,-0.011300121415791405
-5.015460213290808,-0.009947511580095453,0.0014964849253563998,-0.01377420686838685
-5.012930201644356,-0.009874439701121701,0.0015617800747015852,-0.012895111980391512
-5.011648086075566,-0.012436130594109238,0.002115065158488139,-0.016030788002152453
-5.0051196808051435,-0.013057923878337017,0.0021208040951799356,-0.01493684850895657
-5.002929604286561,-0.01602416605474542,0.0024960044736621594,-0.01692556867659426
-4.999140722702788,-0.012331041983172709,0.002135954877158884,-0.016446114743085303
-4.994538974691288,-0.013036702412197622,0.0019892914983588067,-0.015072858995325298
-4.992976452801629,-0.01371483266047727,0.002151983324382599,-0.015767516863331152
-4.976567370895422,-0.009925032835500397,0.001561593168990621,-0.017205515019997286
-4.97435297390176,-0.008959006607627244,0.0014102340077429484,-0.016710264811013523
-4.9711657335019,-0.010248989896298539,0.0016294981427821694,-0.01690650086689508
-4.96774836784059,-0.01169758831212258,0.001818778594402516,-0.01639827350180078
-4.963330616371881,-0.011447414445364254,0.001875969540025781,-0.015118212090199019
-4.9608769010756415,-0.009229064994778024,0.0014256510475575037,-0.014629754180852605
-4.9568382331780825,-0.010583712800632543,0.001833834038707646,-0.013560892549592873
-4.955979590882121,-0.009058685665630204,0.0015309786327108244,-0.012804504059381317
-4.950643385062828,-0.009213274620873749,0.0015657188814325346,-0.01448024867450672
-4.943807339346004,-0.009155162958151159,0.001459348662338793,-0.015475446781328997
-4.93328394807802,-0.010660512727985875,0.0016981789471762208,-0.0161191263917898
-4.920933780208011,-0.01044613203052753,0.001609230757376941,-0.013805033290970367
-4.913296385888387,-0.007970078064023488,0.0011901694069540588,-0.020072461091690714
-4.91167234382777,-0.0073713240058556504,0.001083723411065015,-0.014132316357688786
-4.910564296010315,-0.008788357799937474,0.0011957311280120203,-0.020919777746074078
-4.909912043226834,-0.009330856497799167,0.0012003858560733914,-0.019831971594836507
-4.904340220052929,-0.007500257251945507,0.0012279554660594258,-0.017722345678213913
-4.902441997644775,-0.0057929100315709334,0.0008542682679178077,-0.01382741802230069
-4.8991892686885095,-0.007960668938018315,0.0010543492632092983,-0.01609234960761565
-4.890133160357628,-0.012643197887310047,0.0017654281452668145,-0.025875473644777453
-4.885494096704219,-0.02193938410071486,0.0031484326510174926,-0.016353310999891686
-4.877313563231292,-0.00468398322660343,0.0007466294784957137,-0.015050596275034285
-4.874754076921509,-0.014162202389994613,0.002144495302811376,-0.012926341553453218
-4.872926008746353,-0.00520847916372721,0.0008204355611850157,-0.01552444168935277
-4.87276592933648,-0.007350588190048594,0.00098457167842897,-0.015336119902961541
-4.869977563787126,-0.013410949065936621,0.002074190014462906,-0.013946731275604163
-4.86467173388969,-0.014675357741584289,0.0022138136694751292,-0.013539428672752455
-4.85400659924649,-0.009188214176353621,0.0012115669815595392,-0.014483436959019212
-4.850219572947224,-0.007399847089692437,0.0010432601141178068,-0.015768761631889523
-4.848098724914763,-0.007344807137927791,0.0010478364252722158,-0.015636063706662824
-4.833620278755061,-0.007623995240467861,0.000980390092523716,-0.015257685925383074
-4.830314273389639,-0.009148079452640916,0.0011906876919068954,-0.017996799512645226
-4.82749286153576,-0.010165005048075196,0.0013304516029801069,-0.019993791122475426
-4.825700839977431,-0.010468140628155468,0.0013346396650589926,-0.01968508824022483
-4.820669497949672,-0.006912246494908299,0.0008819010259756063,-0.015584234243623336
-4.81754051043697,-0.005156268424502628,0.000653878329582702,-0.015019569527304141
-4.803728446434085,-0.008072351580244122,0.0011267522604534621,-0.022713747607759547
-4.802811583405742,-0.008348101416562215,0.0011567580192806226,-0.022429163400014936
-4.802233183813619,-0.00824313438693304,0.0011349053644977274,-0.02193239837123531
-4.765659138415718,-0.0029832864710704742,0.00046796813199905326,-0.015628449884996738
-4.764714495647523,-0.002981498647315778,0.00047084377717011665,-0.015464526515080977
-4.763432818871955,-0.0029809525460292624,0.00047414226895903407,-0.015743167083025145
-4.746923755773065,-0.007348797980826951,0.001005453587576874,-0.024917782240003215
-4.745199922715084,-0.007363654563008956,0.0010026727697623817,-0.02493925143848124
-4.710790533946964,-0.001959292323171124,0.00023404333951398777,-0.012817189746322212
-4.708195231943485,-0.001981340434100259,0.00022944613540825325,-0.012464816218537214
-4.706853139012754,-0.00199086400448554,0.00021852694660786943,-0.012166736554328976
-4.661492442523617,-0.002921882092002767,0.00035382241368921293,-0.02196419044350695
-4.659472429811603,-0.002732550617432621,0.0003298246900065615,-0.021649615457296687
-4.656091019529802,-0.0025377059135197407,0.00030438423158422824,-0.020942580670094434
-4.004645565479968,-0.058397141634077325,0.005098444136412115,-0.9422982216178349
-3.675782138068134,-0.0759008903652596,0.0057853705827206284,-0.9730257103390488
-3.6743181478342155,-0.07553495307112376,0.0057654676837686014,-0.9737481623069801
-3.6659413554233655,-0.07476337729126906,0.005661035488279726,-0.9788156623187602
-3.39937360751128,-0.07449751878168018,0.005190444610309644,-1.0174640969665016
-3.388035233210602,-0.0758105137468947,0.005248847682853777,-1.0193209672245238
-3.385186683773792,-0.076475469422295,0.00533524560617984,-1.0206968177239584
-3.352424630363983,-0.12637249236737755,0.008479715906924479,-0.9791294613971965
-3.3441669838695223,-0.12490791440887225,0.008365724493071549,-0.982307134183687
-3.2926043480999843,-0.07801670985194194,0.004776811046277604,-1.025776742768757
-3.1584462785548384,-0.10878625650281833,0.006638244216662762,-1.0011585751617709
-3.1506024998037554,-0.10306128936792192,0.0064634473059306365,-1.0103542595080306
-3.1481473608461266,-0.10329347817126153,0.006470218033325621,-1.0101144450913524
-3.1148948233612384,-0.07529015993283587,0.004715878176805137,-1.0452078002111906
-3.1008447972422957,-0.11059102757417588,0.007031917308988718,-1.0170406227757502
-3.098447569450501,-0.11086102287130258,0.007081486802485195,-1.0199134362227862
-3.096328683797595,-0.1105230110871649,0.007064141493952585,-1.023110217560457
-2.987460498787334,-0.10160886898072298,0.005096387186356544,-0.9995420110152968
-2.9851140253348736,-0.10080991821980356,0.00510712122188786,-1.000153885189708
-2.9682556458913605,-0.10480009131674317,0.0054199127545731494,-1.0053821241465877
-2.915019577588255,-0.11614941344942888,0.0063572625206872995,-1.0033385319281554
-2.9133885670901534,-0.11384898408902558,0.006186964139117298,-1.0044489707720674
-2.908257189630277,-0.11424678954741839,0.006252167386130493,-1.0006850370301827
-2.9038491030281324,-0.13085362918356802,0.0074686602571125285,-0.9894972478582222
-2.897102615465136,-0.123466414265734,0.007256734533406185,-0.9971696942957976
-2.8928192390326593,-0.12798371512024084,0.0075398656585874265,-0.989885362324061
-2.8812254522612055,-0.14143262530176665,0.007961494993234829,-0.9788235042157732
-2.8763463024398277,-0.14355363029294319,0.008039903852414685,-0.9792393190004404
-2.8696449866704543,-0.10197778738382357,0.006523790277391674,-1.0114368733114554
-2.82358200191867,-0.10031696820096915,0.004517067697671034,-0.9995673677755262
-2.8149017065722672,-0.10290255321713833,0.004539997869488913,-0.9966870929521684
-2.809575367089814,-0.09956333986366284,0.004668693434804874,-1.0081664921717886
-2.776242981991952,-0.13112428707563906,0.005426608046466296,-0.907100319664664
-2.7695641618625677,-0.11840488387841648,0.004534928470915466,-0.8776017208915652
-2.7642211895145614,-0.12063458682214416,0.004684273386041473,-0.8828128898568232
-2.7574681204777294,-0.11237303600155349,0.0047779853893112605,-0.9002374965504887
-2.7542120680934197,-0.12301021495601007,0.004122587852124192,-0.8552067780474797
-2.7416581107709024,-0.12028154596189636,0.0055260915971013895,-0.9122140302486023
-2.7155777181313447,-0.09339318965419992,0.004779891024655887,-0.9043216219012532
-2.707775083533802,-0.09225810480793352,0.004362767920473455,-0.9026245765056776
-2.704988153100673,-0.0913831645921891,0.004158599056043894,-0.8949247962160592
-2.700767642590059,-0.09912340201482696,0.004507226467821322,-0.9092922625943807
-2.6826133114860427,-0.13942042041434644,0.006460876517753454,-0.9090151292592564
-2.679861933716276,-0.12448612631827025,0.005650785036139822,-0.9135300345786636
-2.676030422900167,-0.14858078033615965,0.007657791757866622,-0.9366611891886889
-2.6740617540944944,-0.11520865017601867,0.005189639072993683,-0.9125516562258827
-2.6673857529663754,-0.1311934309047613,0.006612207463301506,-0.9331135843206816
-2.667052923681178,-0.13063480158181298,0.006342132264383934,-0.9232375822641399
-2.6293394004206694,-0.04011256567274491,0.0016239911345351157,-0.915854776424443
-2.6260821567208112,-0.07551405801236588,0.0031339248903343732,-0.923347409431021
-2.618511617756694,-0.08248874274339948,0.003439058298030504,-0.9215630419481008
-2.607192772034221,-0.07923948044358636,0.0036176675614389936,-0.9215163279666271
-2.5938980585237914,-0.12696151504034484,0.004792551875521965,-0.9611745921710492
-2.5902093279413183,-0.13538737749872926,0.005184745301624788,-0.9731841038173802
-2.586963921195925,-0.13167719551571946,0.005031959164086513,-0.9690794999292056
-2.5819295859735147,-0.11429344709146969,0.0037088113804139944,-0.8843793556872024
-2.58117184920137,-0.11483180954722312,0.003746998268749528,-0.8865544742976025
-2.570321301909157,-0.1052994538632409,0.003613191657272043,-0.8909898899721644
-2.562370460103309,-0.08499537419331037,0.0029833639541386498,-0.8809154187115675
-2.5586665022297437,-0.09375334023521191,0.003578686682348202,-0.8977785370930478
-2.5572022651722217,-0.09658028008603656,0.0036106540052747915,-0.9018381994348691
-2.555473948331845,-0.1393815269325578,0.005185081707679033,-0.9130747165418185
-2.5544695758334854,-0.13563858491651545,0.004978319795140104,-0.8887946050048184
-2.5507734943854588,-0.12846626597572375,0.0048806746702802295,-0.9013187241893985
-2.52895837232296,-0.14736933185492346,0.0049634871011839474,-0.8518502931151034
-2.5236657944648395,-0.13178370719830498,0.005581974618643553,-0.9083454166211409
-2.5216396780572525,-0.13264046536405646,0.005940064362800679,-0.9006187643164093
-2.5183447384620314,-0.14727894311555723,0.006581035048494756,-0.8654861433268272
-2.5145418225128964,-0.13065984854064464,0.005512117717499451,-0.869770402144402
-2.5106555975539173,-0.09482703461245316,0.003483031577107817,-0.8572289759407705
-2.509464230257809,-0.13367619165691436,0.005574550898442132,-0.8681538316178499
-2.5062177650102533,-0.1164176671757478,0.0037920911073506445,-0.8221736254278909
-2.5032170209878983,-0.11987451870147477,0.004351621428780557,-0.8405286414442765
-2.497744468089752,-0.06911252036493643,0.0026749490049450438,-0.8713915785730754
-2.4952831808806226,-0.14384269864497298,0.0052629301521421356,-0.8295049030864166
-2.4927147912174954,-0.12237708222911604,0.004748819901799131,-0.8579574766814702
-2.4904250152910663,-0.0817821332292526,0.003295008928625239,-0.857999357575674
-2.487824467901136,-0.08993953190437236,0.0030536122994189166,-0.8350253442916226
-2.4862433298264537,-0.09222750457955031,0.0030154084636336157,-0.8307544053503452
-2.4819469301527857,-0.08320892575852556,0.001996396680890194,-0.7940572031657084
-2.4736258093173635,-0.11762971757460534,0.0033848969480745057,-0.7913455225103482
-2.464739802618466,-0.1123871061304656,0.004019856198617458,-0.8489388121903311
-2.4626957249575328,-0.11392835749063948,0.0037242081860163617,-0.8440001281819487
-2.460248342518278,-0.12327256406627533,0.004488133408129485,-0.8553306428270531
-2.4577598983821987,-0.14490667809794577,0.005189439574447026,-0.8526925022595224
-2.43822552945019,-0.05165395301574399,0.0017482448079583382,-0.8449006139069901
-2.427106252980857,-0.09934571225720105,0.003578539666444646,-0.8255034206575679
-2.4224349298964047,-0.1109154854401048,0.0039523097584589105,-0.8281914544384634
-2.419807396136368,-0.08848157771337159,0.0038682715076805083,-0.8411073908272646
-2.414968198993744,-0.10237628437925292,0.003923756580506104,-0.8291895687618317
-2.4123435591035913,-0.10549157379407068,0.003996475010126756,-0.8409282243175955
-2.4078044130562666,-0.10349078667532853,0.0040421453920562594,-0.8464662392189055
-2.403907498969169,-0.07828708945390586,0.0029279364668042653,-0.8610187383477814
-2.401513288580804,-0.07472138554748091,0.0029430951883467485,-0.8686991959305005
-2.3927012650303476,-0.08998194525251507,0.002703748015254483,-0.824258809660043
-2.37922084411074,-0.09386435151769644,0.0026027130325615424,-0.8371286277464308
-2.375556615508986,-0.09387705871685714,0.002476188241103896,-0.8366268089511552
-2.3719222391017665,-0.10015964453089192,0.002450599329401768,-0.8240046487686707
-2.3563584423518473,-0.14047437089971013,0.004762221589222965,-0.7982398847228604
-2.3524757593161936,-0.1352878119371094,0.004501040254947981,-0.7953989709215353
-2.3481656847971637,-0.10149947723026846,0.004141092234857175,-0.8377559142559209
-2.3451411592925755,-0.125237590765222,0.004193257749665496,-0.7988928429301712
-2.341230076732571,-0.11965271120986433,0.00501781212502726,-0.8464978162301076
-2.3388150266310888,-0.1249549352108116,0.004718806743361636,-0.8147925303007671
-2.332872400057667,-0.12962075225658556,0.004938776067310675,-0.8287009595917271
-2.326572971757986,-0.1356437183962302,0.004352287843707247,-0.7614215712719905
-2.319704614015135,-0.13579612517537884,0.00426152903371603,-0.7663557584248131
-2.317828919846692,-0.1321374729114361,0.004188794399543942,-0.7671245906166052
-2.3110021136589496,-0.16794959698372286,0.005210465601218705,-0.7909076698080774
-2.304570250354859,-0.14889833656125562,0.004784992030472355,-0.801055760340652
-2.302059873401504,-0.12901429845440193,0.004296123333746934,-0.8198485526962617
-2.2996775112035963,-0.11215688033465529,0.0025086089003212826,-0.8163825030767788
-2.2947455857866763,-0.12081297440900951,0.0025337442356934067,-0.8012634316950704
-2.294086379181618,-0.09619646247390688,0.0026998107096927694,-0.8381033377358704
-2.286283205666906,-0.12878178565016873,0.00458377917645302,-0.8116505890398958
-2.2854213955608684,-0.12080187359201289,0.0045209562984878625,-0.8147118801498142
-2.282513890517315,-0.11632916011827368,0.004169874072607981,-0.8147382462722222
-2.2755690026130293,-0.11865435119193413,0.002815276928206977,-0.7880235992646537
-2.274690284506468,-0.11792719347764687,0.0025378873814478806,-0.7831481552393785
-2.2651587480242212,-0.13344520381955885,0.0038122537957110698,-0.7749587056525176
-2.257052685770261,-0.126107173495819,0.003543209712558322,-0.7877528482979747
-2.2538207362161033,-0.13397367363462362,0.0032186766645624404,-0.7669321366901208
-2.244783439140444,-0.13122740945163144,0.002656334211363092,-0.7657261947095244
-2.244464830059024,-0.12596334576365567,0.0026452424040633005,-0.7446071661737396
-2.243204693313319,-0.12935875461236554,0.003074121244297118,-0.7730236374760886
-2.2379846518344997,-0.13606471833695633,0.003001296141460868,-0.8063531346765392
-2.236360695749336,-0.12944781819582546,0.003016590841209925,-0.80130819056988
-2.235786951640122,-0.11952639203958874,0.002322998207450873,-0.7451435066002775
-2.23256114631554,-0.13739792475901194,0.0029593394559727653,-0.8206434761252259
-2.2303900804772927,-0.11247498416080769,0.0022020134597394037,-0.814382429637781
-2.2286100201629195,-0.1239144825688976,0.002524333427983988,-0.790749842358828
-2.2274370005099136,-0.13468191862778192,0.0030228171106521694,-0.7936108659698226
-2.2250812014249157,-0.12037675995938452,0.003300227785328313,-0.8403055612240682
-2.223123111899045,-0.1414497562437816,0.003403848927291971,-0.8194693884354809
-2.2219634671728565,-0.1018801667697374,0.0017228364281609413,-0.791960820641689
-2.2200336123621796,-0.14143797878893158,0.004415802739277834,-0.8235633338972406
-2.212387964943895,-0.10673591290414942,0.00267290468653857,-0.809848172133926
-2.21118768645758,-0.10835183861633489,0.00270378714190354,-0.8075793407476135
-2.210215223785638,-0.10626167373806222,0.002424348608574264,-0.7880709469657419
-2.2025179020302996,-0.13441951329048257,0.00413662223057914,-0.7789546646665905
-2.1953618956085754,-0.18619622805945207,0.003756487546846654,-0.751852245616834
-2.191135926405704,-0.16644436740837212,0.00396974790728504,-0.7233579793383635
-2.1890366766231413,-0.16893963487960934,0.004339970748607865,-0.728208424668606
-2.182416533117083,-0.1465098483082154,0.0039137171692184836,-0.7579900743070416
-2.1799116003866725,-0.14435437639230467,0.0042273968658676254,-0.767654828612968
-2.1721005800838307,-0.19309724537185202,0.005039555163840877,-0.7211753259498599
-2.1643683079374063,-0.18818945935871514,0.003101146806717223,-0.6519104530063209
-2.1566046494097018,-0.20836388275338155,0.003994400602402891,-0.6554954028128736
-2.1511288961683963,-0.24919956887238387,0.0035032878973859116,-0.5948197268211758
-2.1477294375172065,-0.239691564017349,0.0035085377296868235,-0.6108349597826755
-2.1439101216130623,-0.1492974946819292,0.0025140236744237497,-0.712341447539061
-2.1414944490016063,-0.15834741188050477,0.0025610203253935734,-0.699062986098631
-2.137270741954595,-0.27452318259901776,0.004394842202422395,-0.6109673316558561
-2.135907012467647,-0.19609456829017632,0.0027071857044114814,-0.6615730247646057
-2.132004583441606,-0.1506675824054159,0.0024895978348622983,-0.7174743486396413
-2.1308358999736194,-0.19920641316949114,0.0026958903546809515,-0.6656431803814529
-2.1274428058635575,-0.15903484925624992,0.002793772991156446,-0.7445662137022652
-2.1267697430500183,-0.2465888504331764,0.0031347448879641775,-0.6006641688091559
-2.12172309804652,-0.17684747789792005,0.002265730874029132,-0.6723789108300914
-2.116410532377896,-0.25996911743611867,0.0020322128203825343,-0.5683197897713845
-2.115717267525499,-0.19723028572529325,0.002507450479308425,-0.6470784050435089
-2.108512251535359,-0.23602477219861628,0.0016108094499459806,-0.5800709164676034
-2.1080650814530113,-0.20587081423073347,0.003032872795568034,-0.6591643378996567
-2.1028428818568043,-0.23981591909546082,0.002601989196693518,-0.5727046476020864
-2.1000158197704013,-0.24406023185155415,0.0018306775255049277,-0.561129442325963
-2.0953582066451286,-0.23489822254834564,0.0012503916464998402,-0.5526357538049934
-2.0903039995443526,-0.1608023952659927,0.0023442534017711135,-0.6694047650210615
-2.0858545480938977,-0.22704621326871344,0.0025647603747981124,-0.6100487341638048
-2.08510669727654,-0.19019269528869748,0.0021754505721982707,-0.646344120617621
-2.0827489666135843,-0.19192959418328756,0.0019346143061019431,-0.6291853164896919
-2.0767749639840267,-0.20612800160798406,0.0010864623716008714,-0.589770797504968
-2.0754584262877356,-0.24401259348124488,0.001658404261531161,-0.5696484609288622
-2.0712503771623743,-0.17638199413662672,0.0020490419656370835,-0.659673280521745
-2.0674145741886534,-0.1947789800363296,0.0017110596469545305,-0.6263157008188347
-2.066152305183917,-0.21029163301054687,0.0023148399886735475,-0.6199037133412992
-2.0649883429804743,-0.20624045310847586,0.002415140289281184,-0.6375823254161265
-2.0634501234972085,-0.20621785954851088,0.0019394223550391774,-0.6218456277798232
-2.0595542712015504,-0.21372826181376942,0.0017341413216107745,-0.600379494095949
-2.054582996506552,-0.19448276622293423,0.002186397993785311,-0.6241599529308679
-2.0517235577204396,-0.18514514568862078,0.001767125011661694,-0.6521265662620077
-2.0488786084115196,-0.17309038351359135,0.0008827918262216864,-0.6035701064988833
-2.04512898299512,-0.186578677177517,0.0019445273811131577,-0.6067595909144079
-2.042107416687833,-0.19096430287712443,0.0016244848536825043,-0.6255377559044915
-2.039092823891659,-0.21264783473546464,0.0021816746766958246,-0.6201492602334133
-2.038552481037247,-0.19040534676805296,0.0016916810515568272,-0.6047443219481863
-2.0338917563579124,-0.21203121690326165,0.002520124136004518,-0.6162146948515654
-2.0326506749467668,-0.19624343845500727,0.0024192435249563134,-0.6193574472478997
-2.029724581673715,-0.15650612522798993,0.0030413988025043063,-0.6917459505713788
-2.028312825785524,-0.1629632789476528,0.0025100687175854935,-0.6721027651419553
-2.023911919122194,-0.2293719987698192,0.0031740522799733857,-0.6057661272104641
-2.021891193055532,-0.22273239835292438,0.0027338167789391164,-0.629830510775133
-2.019372548568108,-0.18392418298363045,0.0019363767246015154,-0.6380828577974792
-2.017647101004759,-0.21886028294471394,0.0021285076986865886,-0.6068175184011919
-2.0130341573601958,-0.17145209593218017,0.0015462467317271364,-0.6612624700141447
-2.012381406996509,-0.1932337679139223,0.0015358110315092633,-0.6460722621722964
-2.0061184905188614,-0.20770929033948918,0.0014457626071925364,-0.5989317369523474
-2.005220208621546,-0.15582187609760073,0.001209657449534205,-0.6661282451375284
-2.003964148361031,-0.20373363773654218,0.001083490272935805,-0.6175620675550051
-2.0020828786224043,-0.15539540469098584,0.001358468388525314,-0.6737051850117793
-1.9961266325714142,-0.23560517556946162,0.001107536898501956,-0.5624733447310424
-1.9929393829070357,-0.1964665861473808,0.000982167650520704,-0.6117292555587845
-1.9864877753066383,-0.20941910261982843,0.0011303160525149962,-0.6017873543866746
-1.9784528638608265,-0.15869252345523288,0.0010658890839511455,-0.6585153586952662
-1.9768387071594578,-0.17500126733912633,0.0013772277060296353,-0.6390949986176157
-1.9742839650912356,-0.18142178376192397,0.001590988364291905,-0.6293112897955415
-1.9714558741354231,-0.19539363486904932,0.001736375548964672,-0.6004904449908613
-1.9683446277685512,-0.16416208564529639,0.001254551213448542,-0.6312646322630694
-1.9637098380602902,-0.1635398941394292,0.0009800764028902397,-0.6630563680972591
-1.9620811920039842,-0.15129120895059284,0.0014646188916705779,-0.6899269356330523
-1.9610794724128977,-0.17012712343484077,0.001996186683050141,-0.6423698904935331
-1.9595232441763268,-0.19901441977439407,0.002403482831455531,-0.6072449818299837
-1.9564680666503675,-0.15668878744585368,0.0013854108630586906,-0.6416923727259136
-1.9536671772083065,-0.1509623879724036,0.0008254023401206084,-0.6273405726609541
-1.9480862459028039,-0.16035434766428078,0.0016883885672317324,-0.6361363974913533
-1.9454208278221983,-0.15723473682504324,0.0014014391488780047,-0.6496688454761885
-1.9415724061538935,-0.16311186747268816,0.0010344791946845964,-0.666676846633267
-1.938662468610957,-0.1401047277449304,0.001875957765717043,-0.7073939843115254
-1.9361961578182092,-0.14026179096844862,0.0016489908689082968,-0.7213076819901821
-1.9331904526381236,-0.149290838381393,0.0015955965831401082,-0.682851797617028
-1.9306507656569651,-0.1544282794116299,0.0016262350436100313,-0.7164054147170674
-1.9297858016510832,-0.15894298202884966,0.001690679564273628,-0.6865652836162334
-1.9269781572438525,-0.2355213158295585,0.0024723624388212117,-0.6206269997056371
-1.9258895810813375,-0.1500976992034432,0.0022804005715990196,-0.6928124775029857
-1.9213766823734326,-0.1415888939968796,0.001698028027200394,-0.6823181313145652
-1.9197063949423254,-0.19968125959467145,0.002061946560333359,-0.568776951741672
-1.9171039439143616,-0.17459041737665268,0.001810182254459399,-0.6186797976968931
-1.9160334938312673,-0.1666483897551232,0.0025124172642270698,-0.6561040400875907
-1.9117163825370758,-0.1544062940955353,0.0013538819973597184,-0.6206468947785908
-1.9079701272398935,-0.16884954358854473,0.0015470667203096344,-0.6073028807174873
-1.9045772689374676,-0.17463823641608658,0.001559074171909476,-0.6052404652868403
-1.8987271999643611,-0.14969794790835886,0.0013160808386394464,-0.6440193917228493
-1.8936846595097465,-0.15140596181988517,0.0014495354434735362,-0.689954167252048
-1.8927228220203625,-0.16671035081964372,0.001420212539825747,-0.6539171602110834
-1.8893322944850153,-0.16481761468888673,0.0011965778345142508,-0.6285827921131646
-1.88856220302155,-0.15998223851797821,0.0015468771944316577,-0.624519360689367
-1.88732467454802,-0.17129964232214898,0.0013376368250779445,-0.6598439507822355
-1.8867407869543433,-0.15109109185025538,0.0012269132715624362,-0.6902998145197269
-1.8783762448890493,-0.17668624610419,0.0006458339970746324,-0.5772571910479071
-1.8733832463929234,-0.14610304187992984,0.0016501157648197938,-0.615919460383645
-1.8721727443577738,-0.1623204281380656,0.0007386791027255064,-0.585506422954778
-1.8702668887128497,-0.1393460273481753,0.0015476392963796831,-0.6265208232611217
-1.8695302426157734,-0.14813757733908695,0.0016610277415154819,-0.618862458581528
-1.8654495443476014,-0.14693593735265742,0.000490731809230212,-0.5810855461935487
-1.8623853006380453,-0.17278114520463259,0.0010351002587756252,-0.5625342979630105
-1.860302113557209,-0.13532093221557506,0.0015449297281487644,-0.6389870042715431
-1.8559834588721293,-0.1715725769254325,0.000991586942438043,-0.5673841735613848
-1.8527485375096464,-0.15103969060105918,0.001068846404858004,-0.6056522818507974
-1.8486457165931267,-0.12306491433644444,0.001066813413467376,-0.6546325692673314
-1.8461979385781897,-0.1096763401862958,0.0013860002305619726,-0.6869418375820343
-1.8442998841170652,-0.14570040849182547,0.0012689366529697063,-0.6227950142451926
-1.8430735647461447,-0.1374321192101781,0.0009257738312902236,-0.6447615220056125
-1.8344790749268596,-0.1582678729116619,0.0009467119753312425,-0.6294636894611506
-1.8339610983872188,-0.15437826082506273,0.0012676089303462733,-0.619906790194406
-1.8321626292134285,-0.1787320025276398,0.0018209795488358463,-0.5903620017090323
-1.8276287366014505,-0.13301727451255263,0.0011564134050262862,-0.6450046323498699
-1.8262745602993482,-0.12885072704865083,0.0013860818191402155,-0.6501486395477751
-1.8237002780264557,-0.14976319973606644,0.0013188476694079353,-0.6298705279908808
-1.8216665600433113,-0.16776727039189965,0.0008295670303260915,-0.5805883567109231
-1.8205259008024293,-0.1517667167200149,0.0006459590962053397,-0.5888430869013805
-1.8133822549168597,-0.14429487479363592,0.0024090727332038465,-0.6141097353379995
-1.8099902578115012,-0.14665808039712708,0.002010676188960708,-0.6027435978772352
-1.8049022692211412,-0.141046381930241,0.0017668298319212928,-0.5906690832260312
-1.8036560370821895,-0.15314179618040288,0.0008442655520771269,-0.5755466436068734
-1.80033364941495,-0.1488621544672519,0.001657567911853939,-0.6122199973047814
-1.7975413352783811,-0.13241467176140478,0.0013160701197870558,-0.5912858418618763
-1.7922316687519584,-0.16963284501623352,0.003932561394145682,-0.6546702043743985
-1.7893683323250786,-0.15868936154217045,0.001296738992518314,-0.5805909294524779
-1.7861103440057453,-0.13358177809914124,0.0009718937863491823,-0.6109296820165389
-1.7842007519357155,-0.119333817035317,0.0010432937117774905,-0.6311991424359645
-1.7820117426484288,-0.1382679671444069,0.0005527553132768248,-0.5806580026441692
-1.779945714761977,-0.13756643724383927,0.0010191996837492757,-0.585113797889074
-1.7771524949692132,-0.14354169663637897,0.0011682742341493344,-0.5926328812561685
-1.7756899429256627,-0.13641290201683745,0.0009667018671622583,-0.6293405914705579
-1.7744964109486496,-0.16813583338116042,0.0011942401488253913,-0.5424447721031488
-1.7719233163861834,-0.1396178256653579,0.0008847467333425976,-0.5877743316437015
-1.769983522425218,-0.15474810162927213,0.0009282928708789076,-0.5632854267977297
-1.7690803984160306,-0.14642559525219737,0.0011410730526396056,-0.5907796908363223
-1.7649162204546944,-0.14500581414677444,0.0005100748746275475,-0.5827735232840496
-1.7642526252370347,-0.14933730193728365,0.0007766325973081765,-0.546153955145918
-1.760951205168213,-0.15676172094807908,0.0005148336591245825,-0.5712507663081495
-1.7595510213277155,-0.13950091763817749,0.0008887625114550748,-0.601916754673676
-1.7552628157811139,-0.17126236110359838,0.0008829943452022948,-0.5488399595867832
-1.752300848063268,-0.15413495817854736,0.0005483850951902713,-0.596660224753581
-1.7517438042135596,-0.14516955545986582,0.0006421899583165001,-0.5630503536452303
-1.747572766551808,-0.1550289686574222,0.0009502847884547925,-0.5847909014984879
-1.7415287101420127,-0.14495868303024165,0.00018071052455528828,-0.5850925898585397
-1.7379653430390256,-0.1513187751506585,-0.00034943503081178844,-0.5351053980153117
-1.7363400845499624,-0.2142254822689671,-0.0006743697467129153,-0.5158157657142269
-1.7354439008727975,-0.16971914262620968,0.0005734924728121479,-0.5678841910876001
-1.729358114575007,-0.15608766523052992,1.3238851683923796e-05,-0.5736339057271524
-1.7247843541792232,-0.17378126567247093,-0.0005785285685432956,-0.5280013937337426
-1.7194857086958188,-0.12920449453206387,0.00017169941173724427,-0.5842819303364338
-1.7184063736630582,-0.11930462459392079,0.001275901105579619,-0.6025778852279858
-1.717432507544515,-0.10733241195154712,0.001134948972597598,-0.6155860480577149
-1.7112124866973597,-0.12699197442918764,0.0007352922950879493,-0.5745782537238173
-1.7094246137816647,-0.1607952176364188,0.0005089321389722966,-0.54097390060065
-1.707359344917139,-0.12842051500666898,-5.306601524038529e-05,-0.5694854936251404
-1.7053753379962797,-0.11714289450187883,0.0003707545353908379,-0.5926668628117536
-1.7024702609623221,-0.14677894423732782,0.000119057427110507,-0.5488670315814117
-1.7018433329766771,-0.13601198038888587,0.000930270400499872,-0.5867851269702968
-1.6999876676667827,-0.1620835613351846,0.0001336535893920207,-0.5542404154935351
-1.6970219058547293,-0.1409327245390665,0.000554632615354848,-0.5877979840162975
-1.691927866434742,-0.13265174989323522,0.0020478731235298543,-0.6514048597436497
-1.6902718714611853,-0.1199695611264127,0.001559187631392085,-0.6496209696626932
-1.6866396950525842,-0.11136953942468314,0.0006848822777969672,-0.6367593982802207
-1.6808994406624325,-0.11081817791904505,0.0004688936235726021,-0.6250543933615047
-1.6802650625333975,-0.11334449009530119,0.0005793065364661266,-0.6162341918647741
-1.6772187563454055,-0.10915701385209746,0.0002158199124480145,-0.6237950168487691
-1.677034657865745,-0.12730158815400383,0.0006479218998171054,-0.6086154545839396
-1.672151121580616,-0.11971384344998567,0.0008145378428230586,-0.604548517882287
-1.6711548935178668,-0.14579051283073094,0.001031319249881535,-0.6073036861301613
-1.6699604176713767,-0.152582824998267,0.0014726486951608653,-0.5998750846805704
-1.6685948054795867,-0.14007364822083831,0.0008895468919493736,-0.6018825362167551
-1.666771052464697,-0.12629820325320318,0.000720923384222034,-0.6019856870805927
-1.6586600121697834,-0.10874335033870079,0.0007571767576249244,-0.6095476891314289
-1.6485987899789087,-0.11731872676655157,0.0011687769955420826,-0.6229204648238075
-1.6473172271788172,-0.12586652618717264,0.0006683590457934598,-0.5968055379294585
-1.6433728061984916,-0.1342309427105539,0.0009690644185135732,-0.616832137004075
-1.641832020942117,-0.11463842002340842,0.0004340829007584621,-0.6394886107266827
-1.6412848702353617,-0.11393120097774553,0.0010999920500048951,-0.6016648095753007
-1.638324972641725,-0.12947475689734106,3.535059589834607e-05,-0.6364750455349429
-1.6369516310906382,-0.11948868839751688,0.0009039686458506398,-0.618945986001847
-1.6338070576934,-0.13876134095005513,0.00025632465669668796,-0.6103983998761251
-1.632081164638591,-0.1368705921216026,0.0006425463716264325,-0.6202828670635737
-1.6287386380895443,-0.13183979936395301,0.0008703057358326142,-0.5959870608967117
-1.6257116616912397,-0.14179332404204423,0.0014798621138758013,-0.5996208387406424
-1.620584596537809,-0.13422956498965877,0.0014532352308508458,-0.6048458925962757
-1.6177751142049321,-0.12682833402420618,0.0017566015356922364,-0.5876994429349849
-1.6166617283839768,-0.12048916502929355,0.0011335403337395654,-0.6012887486245306
-1.6140634965793652,-0.13627092446878514,0.0007670852496874913,-0.5916522385678101
-1.6102083665389137,-0.13919453364644357,0.0020279154167424053,-0.6128273183898444
-1.6086223764358523,-0.13612331550201903,0.0007101902044746614,-0.5954390093617743
-1.600737826604921,-0.17265853080161472,0.000448466694696621,-0.5476027987962585
-1.599617223489123,-0.2072924258096937,0.0001781354115347208,-0.5095330171644663
-1.5990950359728289,-0.18121563630372228,0.0007092028047606923,-0.5288939112368068
-1.5951496235216778,-0.16804775286538198,0.0003418889897950422,-0.552962797114117
-1.58918802282355,-0.1503318417520992,0.000363105903932528,-0.5752017840303845
-1.586691527160058,-0.11705650565384962,0.0009802192265239095,-0.6017774971040997
-1.5848943209832145,-0.11570932571741677,0.00048334754354412114,-0.5951059197193574
-1.5836783282924838,-0.11262160668016909,0.0011956373651694917,-0.6146849005828273
-1.5828707800182502,-0.12532681787895197,0.0005300451517256347,-0.5682487040747936
-1.5809334033747469,-0.13089023187761092,0.000494795869936984,-0.5649165590566393
-1.5800342805956173,-0.16671984210146729,0.0003997110618432999,-0.5358027599391655
-1.5766520891374156,-0.13565758675146167,-0.0002626780055503879,-0.5636044969602696
-1.5738082126736985,-0.14777436693414064,-0.0004359561728440478,-0.546808559328738
-1.5717801353568095,-0.1064342473772381,9.979483848181466e-05,-0.546515134290359
-1.5703742627167032,-0.08703862210070464,0.00019319030292348457,-0.579499207727696
-1.5670312445088959,-0.11026953315894991,0.0002750060562117697,-0.5635569031240277
-1.5643738920047348,-0.13234644741322224,0.0009204479990440014,-0.5794425892255185
-1.5638673666882912,-0.12029648714522428,4.188605062664285e-05,-0.583226877795109
-1.5579207531833523,-0.11770608202357981,0.0008895724043396049,-0.5902715674361924
-1.5521217199717718,-0.10643486434138616,0.0007295362661130908,-0.5890996615376273
-1.551157146445197,-0.112930182141313,0.0016475984257753832,-0.5976477112032342
-1.5502472667367369,-0.13501842243435627,0.002044569741896544,-0.5956373812265209
-1.5475072276530197,-0.11931251963172379,0.00038694610575557703,-0.5742844277305202
-1.5425153276684038,-0.1348331546744922,0.00014681001333289242,-0.5712502121614503
-1.5359965405813594,-0.12860731047020682,0.00011935714187454148,-0.5676060671909814
-1.5338248594230068,-0.1376964116501749,0.0006470297959328584,-0.5707700817855283
-1.53008282034126,-0.1152393981428095,0.00044201432784374126,-0.596825833295536
-1.529616815637153,-0.0964915049496919,0.00042817912221227204,-0.6043213101590038
-1.525897625228813,-0.10732791805129649,0.0002299388228607778,-0.6006989985007397
-1.5252071790319819,-0.1132522474481234,5.222172744384363e-05,-0.5764790066569013
-1.5223860330146197,-0.09322663750876722,-0.00014639779272326904,-0.5793085769409265
-1.5195324319884336,-0.10035771329504632,0.0006864688992095662,-0.6009289406776404
-1.5141028709276125,-0.13591547381967173,0.0002065933851604365,-0.5570759843620605
-1.5100281476567436,-0.07839444620808801,6.911623790249838e-05,-0.5817196935950782
-1.508048192092763,-0.10289336777147928,0.00012544492994350962,-0.5828833796002345
-1.5035599389290446,-0.08582637340660401,0.000401750492834277,-0.5937444198887666
-1.4988164301831395,-0.08170726083886534,0.0001423364293008803,-0.5888628793665646
-1.4957598757580592,-0.10262481017910832,-7.411571048562162e-05,-0.5538584250831443
-1.490653064260678,-0.11731258754876053,0.0006225643839224784,-0.5450391434122417
-1.4876152907964872,-0.12612124808306044,0.00011745864096928893,-0.5396822173715756
-1.4858238048680172,-0.09646420516409716,-0.00020343194165818173,-0.5612942584625175
-1.4827272257551054,-0.11259322699224623,-0.0003475117671086038,-0.5411083197058142
-1.4799918509603862,-0.10639699239461207,9.809943638570688e-06,-0.5495620213975919
-1.4779966148552786,-0.10109682452108587,1.6168422587697195e-06,-0.5461651625585985
-1.4770627772773237,-0.09064306143881525,-5.5590662300653354e-05,-0.5413474961829832
-1.4732629957049521,-0.09842571703998251,0.00030512591504947787,-0.5435203655439694
-1.4694390569328761,-0.13966313305151126,0.0006621481406868865,-0.5255307387422447
-1.466114452715168,-0.13678166281738302,0.0009895191031142922,-0.5352642924043788
-1.4648851023647815,-0.12606730889769632,0.0007647622710825358,-0.5450423610693064
-1.4601353407152828,-0.13339555610552162,0.000537269720133731,-0.5132743309995548
-1.4559202806356082,-0.14238593170359765,0.00052405741144336,-0.5385677627386994
-1.451405910277504,-0.14861170023741227,-0.0005766848819010826,-0.5328604618473585
-1.4508060277612653,-0.14114796084091505,-0.00018107393834452957,-0.532670314728251
-1.4462531310950504,-0.12540403914083517,-0.0011151681585222,-0.5260305765396686
-1.4441429599516824,-0.13830100678474053,-0.00034690982755174643,-0.5086274457993658
-1.4403408186570474,-0.12995909012017412,5.928361057444861e-05,-0.5344785215400284
-1.4384079485345298,-0.15381267817556588,0.00019247648888920797,-0.5319923440282371
-1.4334927634926882,-0.16583397915803266,-0.0003016261557013978,-0.5124550642800496
-1.4313299226234422,-0.14696583808819394,-0.0005869504271056407,-0.5174067174480822
-1.4284221040386114,-0.10228260654753213,-0.00044043399138050097,-0.5103768596306147
-1.4229103401114638,-0.1191110525450058,0.00020949783358453953,-0.524796720832248
-1.4195747641693528,-0.12012379992192304,0.0002227821722416484,-0.5244996866315325
-1.4171278069561535,-0.11724061921524166,-0.0003774176874257362,-0.5245442390871634
-1.415878815646662,-0.1107943475580186,-0.0006444697528169469,-0.5369548800241789
-1.4149969402923277,-0.10692720549605349,-0.0008363875290150417,-0.5176501512235677
-1.414562023503226,-0.11851699462142168,-0.00011828531971776781,-0.5128323076883694
-1.4130414141642675,-0.12014683680470778,-0.00013356830379831447,-0.5201363070215815
-1.411394916509111,-0.12298905460114957,-0.00013050597268766872,-0.522774495119681
-1.4085439749057036,-0.11657274403506944,-0.00028593303516280684,-0.5236358679483459
-1.406943127437165,-0.10585917397759088,-0.00026737738520877776,-0.5306461417163821
-1.4036008021770774,-0.10478547334159398,-1.9967800534982566e-05,-0.5277640931316949
-1.4018892011202673,-0.11070047721431815,0.00016648852886880683,-0.5265537349583198
-1.3974595723710834,-0.12481925759942329,-0.00015526164599346842,-0.475826205533471
-1.3961950649591512,-0.15296003670797573,-9.591225404476133e-05,-0.4795015806513766
-1.3936356180927243,-0.11766681004833118,-1.8106989403081798e-05,-0.4849840231754671
-1.3916798002378357,-0.1449504519379626,-0.00046654810614891524,-0.4597195271619571
-1.3904302423957804,-0.13737470808048485,-2.9217026888490107e-05,-0.4854667386788092
-1.388478550707804,-0.13586553512967325,0.00012824178373110342,-0.4781019380797973
-1.3862524746796807,-0.11135349265311313,-5.396393142304547e-05,-0.4880357697178336
-1.3835502396804271,-0.1331840392127662,-0.0004603745716321129,-0.4881885709927287
-1.3825331420254707,-0.08560844653988756,-0.0003352021718571226,-0.5365558266978204
-1.3788945376416277,-0.1383517044778036,0.00027401266651854074,-0.5010749444944117
-1.377908539154039,-0.12836290415521256,-0.0003012104177458143,-0.4961930012078701
-1.3745382204408778,-0.13564196028260708,-0.0005087677413727032,-0.4745754643203245
-1.3727261507777098,-0.12786425234499557,-0.0006171502782496659,-0.47378777328497806
-1.3704208484258222,-0.15100059342589048,-0.00036354463277077744,-0.5009609854504448
-1.3663692258274869,-0.13289461718648904,-0.00048712553078726124,-0.48117686840142626
-1.3656500198281607,-0.13256469640012775,-0.0003741564262969981,-0.4742246542361942
-1.3644740253147616,-0.1158640368094321,-0.00015711451039866035,-0.4944201885455424
-1.362569667203132,-0.12413303218151354,-0.0005810914736733174,-0.4916834479644731
-1.359644134519598,-0.12470261644476782,-0.00024939637602585854,-0.47096790547898987
-1.3557845927210213,-0.17647661277994103,-0.0010785260457452355,-0.45285329223591914
-1.3533028689881597,-0.08123345852143665,-0.00046343942283071245,-0.5141139529218338
-1.3509162914048485,-0.1323201517701671,-0.0006749143970567725,-0.4682250877969822
-1.3491179943007952,-0.10834586820267082,-0.0007104264972114836,-0.487219101545561
-1.3439130645244222,-0.10341068148808358,-0.00021058485070366435,-0.4875382089320524
-1.343160669180537,-0.10943581420213219,-0.0006575946834903371,-0.480112716327182
-1.3418415495234914,-0.117300791824951,-0.000566487536271005,-0.4757884097606793
-1.3392779980222937,-0.11191785745738826,-0.00040658626383928556,-0.49530174609876326
-1.3357887201966758,-0.12238110236642594,-0.0003301522026846109,-0.47611437338293394
-1.3337017966267792,-0.12228536757100564,-0.00040082013442048627,-0.4835841750292088
-1.3317761104077643,-0.11337180355320153,-0.0002706495209790872,-0.4857323577465756
-1.3295086008555634,-0.09515820314668416,-0.0003325078378854474,-0.49218186941046377
-1.3258352710977122,-0.12191626686589667,-0.0007139428453857675,-0.476538816028899
-1.3248708921195096,-0.0958037109825487,-0.0003095501320512557,-0.4943593015669605
-1.3240798085525434,-0.09243708912671339,-0.0007710526013415031,-0.4728379654789038
-1.3219284805797957,-0.08527348892488869,-0.00024014389325311263,-0.4662258151360141
-1.3168386792697213,-0.09722040184244582,-0.0007118967598521096,-0.46961524823499523
-1.3152193540621497,-0.10524996791600216,-0.0006616388351476549,-0.4638031438242904
-1.3061022440851677,-0.08622622089478843,-0.00025366292255600667,-0.4738707314907089
-1.3016816403610854,-0.09085279123520028,0.00011358898152878813,-0.47586544611073023
-1.3000981540875902,-0.10529592703725049,-0.0004025453721616519,-0.4565046588471313
-1.2991861447430968,-0.11738223270219357,-0.0005086484960993749,-0.4493704571444361
-1.2954480729051676,-0.0941427292942848,-0.0007657772336321011,-0.4606097683869795
-1.2909383794933587,-0.12004066919176726,-0.00019230784548882063,-0.4584379886133387
-1.2902694974380948,-0.09404885856085579,-0.00013769132213499436,-0.4546677318728818
-1.2866582655401602,-0.11752952043176329,-0.0007366181665659026,-0.45551035431633197
-1.2845766833675896,-0.09712988298389073,-0.00021474542998218039,-0.46006183276314805
-1.2833313913298439,-0.12860282403140744,-0.0005384638714509985,-0.4489957055825815
-1.2825977698541868,-0.1036935544448954,-0.0007000138386155262,-0.4639056860707809
-1.2802892037780536,-0.12130591454527971,-0.0008716450823286878,-0.44522211611724355
-1.2787829443955645,-0.09883429502799276,-0.00034784087876141637,-0.46156238363494934
-1.2759696363682427,-0.09150433828676055,-0.00023688818390195585,-0.4854092168066387
-1.2745038978669982,-0.09788707222102262,-0.0008805561602942034,-0.4488012501212008
-1.2725321714677231,-0.09673998928379175,-0.00044778465526566373,-0.45393990817337243
-1.271001535327235,-0.08934852718392228,-0.00022456495898613804,-0.48082316533583375
-1.2707862684736182,-0.0807985719635177,-0.0004343075965287422,-0.4619350977776261
-1.2677554082391624,-0.09529969801850176,-0.0003502904962646686,-0.49403225037741727
-1.2665874795123755,-0.09415510504794704,-0.0006402983383121868,-0.47255063681353454
-1.26304744933998,-0.08463485013507417,-0.0003203303961651808,-0.46815928783909677
-1.2618662668792744,-0.08245019483599024,-0.0005436606887213912,-0.46951418482929125
-1.2589907938580223,-0.076988598326586,-0.00026779680466476033,-0.46525267946503446
-1.2566970170324856,-0.08807567272205222,-0.0006022014831310465,-0.453390769240308
-1.252142443743575,-0.11561945931669321,-0.001241186270254982,-0.4208486517389623
-1.2503730433818052,-0.12296392411590919,-0.0008005071493687433,-0.4140086541645798
-1.2468829013646319,-0.12643200606904795,-0.0013103953381791418,-0.4212416137905833
-1.2446094696643746,-0.11257852345674031,-0.001115830858349067,-0.43417844473299905
-1.2426131832083103,-0.12447726247820717,-0.0012212406056828014,-0.4247748962544155
-1.241594768198297,-0.12911831254957434,-0.0014177572862079854,-0.4358164471201868
-1.2366736695312337,-0.10392856069156385,-0.0007141969021655496,-0.43856159852551563
-1.2349985200882494,-0.0985650725369646,-0.0007395318627168038,-0.43487947572810975
-1.2321232253969965,-0.06956541609183653,-0.0006856367303058283,-0.4236254519822336
-1.230588934877969,-0.09269489411034249,-0.0007509476365078661,-0.4280747613035494
-1.227438986769846,-0.06019511242115365,-0.0006112507159262365,-0.42406362634671074
-1.2269337726423704,-0.08286969378763183,-0.0010068887869063266,-0.4271479184098969
-1.2263641028815095,-0.052245644410457946,-0.0006942330604318813,-0.4238129561038831
-1.224228873859708,-0.07970798737088668,-0.0005653509916672634,-0.43884835803510164
-1.2216970236323876,-0.0657708573221711,-0.0007242664388623412,-0.4193890273298555
-1.2204248375519087,-0.07205987392320388,-0.0008559224824398822,-0.44683197475259323
-1.2176614886684543,-0.07093169693550265,-0.0006625175837097537,-0.4423449461565184
-1.2149081769705823,-0.09186873271316517,-0.0006226809537580899,-0.4403773657904029
-1.2136928305107424,-0.07123987927766474,-0.0007561290497083708,-0.44114391360515104
-1.2086028639701727,-0.10690397103415464,-0.0009279520850332707,-0.41577846138688096
-1.208510266703618,-0.08015671670923719,-0.0007210921598040762,-0.4313608754129453
-1.2061964383970452,-0.05814448766485762,-0.0007311048908847367,-0.42273088312859186
-1.2043838499369992,-0.10488399582882223,-0.0008650802236280337,-0.41846165420469433
-1.2012197089337584,-0.05194894449943588,-0.0006511429023308243,-0.41420219296859717
-1.2002599226300081,-0.05854928144887662,-0.0004977692685860386,-0.4216115757664935
-1.195761918513143,-0.0611107820490645,-0.0007654078950869871,-0.4137836000836797
-1.1949868781982669,-0.07372519431411559,-0.0007311486316255057,-0.41369657538597054
-1.1872358158748726,-0.08565304429283072,-0.00029997167650874616,-0.4170696797014076
-1.183963951693553,-0.0712395038148414,-0.0004976467800028393,-0.4196836716868826
-1.1812916046824464,-0.06409005507536598,-0.0008191754596587402,-0.418637119021305
-1.1798725438785647,-0.06788232524817309,-0.0007506348088700117,-0.405320174038744
-1.178211679144789,-0.07101748611751897,-0.000619939047277621,-0.40359264175625603
-1.176948503400273,-0.060300005285764,-0.0007477847091101774,-0.4270293091670049
-1.1718405890611436,-0.07644296011931512,-0.0003133155101427816,-0.41212635989016533
-1.171137406293579,-0.06733770352473052,-0.0005222014707731639,-0.42440642851489857
-1.1668020758411621,-0.05828351025123514,-0.000389412570768379,-0.3935152966791861
-1.1643994670640814,-0.06148152374675296,-0.0003935918033205956,-0.42125031112187256
-1.1624625709724943,-0.05030273370226709,-0.0007745313254495772,-0.4417658694732156
-1.1575127405653065,-0.04654460305532137,-0.0006544401333217162,-0.43534557948709396
-1.1552797934964496,-0.07928830188550798,-0.000439341408250297,-0.431023938891909
-1.1536523822985225,-0.04537261352033327,-0.0007249900565458743,-0.4391739712087143
-1.150455290075909,-0.0455150931964255,-0.0005350873347111551,-0.4348797389556102
-1.1493220552557035,-0.060055641260260466,-0.00039752451676038824,-0.4333597727106144
-1.1474076637623252,-0.09431015290516054,-0.0003601841905875585,-0.4044198806186788
-1.1464657375806926,-0.08866893512415354,-0.0004297543587174823,-0.40574693121311484
-1.1443746033718605,-0.08780591907897442,-0.0006071376110467975,-0.42604540855116424
-1.1413876067306077,-0.0900128458985357,-0.0008225331801309313,-0.42543427023057157
-1.1377269148779856,-0.11359302705083645,-0.00038071009814685905,-0.386926120390814
-1.1347189394588029,-0.09728694155333238,-0.0007356821192721185,-0.39226900756799493
-1.133731098903383,-0.08978132085751675,-0.0010134253345216392,-0.41860975055213445
-1.1318601357609814,-0.06406341146688779,-0.0010363643281348937,-0.42307960263765343
-1.130680922561974,-0.05165892983968627,-0.0005795849004604536,-0.4169527787301969
-1.1268131265975587,-0.04701451146906786,-0.0006671319834726532,-0.40296182578731693
-1.125618689119714,-0.07625454790634602,-0.0008999017521701921,-0.4211981902730067
-1.1236110734824905,-0.06548246671805812,-0.0007097976114629283,-0.4156582056055947
-1.1204965913887877,-0.05755753751578517,-0.0005167773907594298,-0.42193498374952826
-1.1176418610040488,-0.05943838109788261,-0.0004029439086972395,-0.4008005900262258
-1.115919039272198,-0.06135686840378063,-0.0006550623857824251,-0.4106572903595142
-1.1138604901756812,-0.09857028184490421,-0.0007217047668278115,-0.40162712783528737
-1.1123387496609718,-0.04109446902709679,-0.0004887803173874961,-0.4171586254200529
-1.1111503911621932,-0.05305319672448343,-0.0005376135070030573,-0.41891312884812226
-1.1100221921703661,-0.0518189490575987,-0.00048487933908497415,-0.4012399564825262
-1.1084677039210495,-0.06794317845589264,-0.0005069374562994988,-0.41520707926529904
-1.1013703098438172,-0.0606213484634675,-0.000665414485476576,-0.39292849203269087
-1.0948404065296067,-0.050444243994755014,-0.0007077187458281187,-0.38300293301959304
-1.0937177390500734,-0.06600775546458167,-0.0005479271872500703,-0.39698775043858603
-1.0912854281634083,-0.08150947690448053,-0.0007721993241157908,-0.3879189310199255
-1.09064248068646,-0.0651118266513673,-0.0007058737042186897,-0.39515508525994797
-1.0905635055657428,-0.08365941786694311,-0.0007181754711284728,-0.3873800927851976
-1.08308277257886,-0.060690356444590705,-0.00052252284338302,-0.39286462235719594
-1.080810122086446,-0.054758993156158856,-0.0002898523129197435,-0.40363920687332683
-1.079620565369341,-0.07044254469107841,-0.0006198336171030295,-0.4017948502741352
-1.0734921809198559,-0.10535518720495228,-0.0008527692415994395,-0.4062735074671902
-1.0702433256801505,-0.10769887023519877,-0.0005871232578293057,-0.4247037899235487
-1.067567247006796,-0.04563300442874427,-0.0006272140825324596,-0.4283777117041335
-1.065240839670523,-0.06967826296262818,-0.0009839064265125522,-0.40920683726879337
-1.0632007707335709,-0.12404964120772968,-0.0015398221643569102,-0.37739994532105114
-1.0610718431336648,-0.09464564878248753,-0.001293505444217531,-0.3933418492954972
-1.0596640561951487,-0.06746848825837684,-0.0008504513695671165,-0.39988664098647736
-1.0577651847484444,-0.06600032409045033,-0.000873668761235579,-0.3883338859990387
-1.0574166028348086,-0.030155559742380066,-0.0004902573148741382,-0.41099027281867656
-1.055160782064688,-0.059974821996576916,-0.0006767443870305836,-0.4002195175194927
-1.05371163125336,-0.10060040039681498,-0.0011078858004130443,-0.3435403742111518
-1.0525112583247318,-0.0961050482936897,-0.0010464464803862632,-0.35578783356273075
-1.051237554176841,-0.08505308173339005,-0.0008753357396614513,-0.369813145531534
-1.0498947080518126,-0.09689770646267704,-0.0007746840425374793,-0.37624040998767405
-1.0477232399234544,-0.09947811573713879,-0.0006486874998183319,-0.39358858906997496
-1.0385722509247681,-0.03613089847126556,-0.000567861820168209,-0.4135412723229451
-1.0348493242804657,-0.0794941905520278,-0.0009446404334026185,-0.39834986742792183
-1.0329424725719347,-0.0720130125401734,-0.0010243335381104125,-0.40374090565113635
-1.0317019777644387,-0.0770864246836321,-0.001580025534298243,-0.40930665115213855
-1.0302680350894713,-0.07999823501634785,-0.0009854192158250993,-0.3991928692046299
-1.0288516361152344,-0.1117846438258113,-0.0015839453983394285,-0.3802753408081689
-1.026507832530575,-0.07934723867735106,-0.0014359537145813154,-0.4103278212950119
-1.0233982415417457,-0.13064524979948475,-0.00199805622799243,-0.3761942043693183
-1.0189373509459023,-0.181461895721004,-0.0022507266482668423,-0.3085207124978684
-1.0168949202392232,-0.184495300264876,-0.0021882697422632522,-0.30588108130673947
-0.9850862135869387,-0.1126734874427134,-0.0012774117919581607,-0.3669433564572326
-0.9817429453710452,-0.12211882928416185,-0.0013756582243409936,-0.3560552886604735
-0.9768013255520979,-0.13114925251630088,-0.001495942781409365,-0.35368017426523374
-0.9751480912152712,-0.13818679750552693,-0.0015506009901333129,-0.35072658718887545
-0.9734671829844189,-0.12512417772583545,-0.001437874677947209,-0.357344141197153
-0.9694991204289113,-0.13629937894486494,-0.0014873921880475085,-0.3467188491956839
-0.9680796949252172,-0.06614314570143842,-0.0010753158360375518,-0.40679847035478733
-0.9606390668340072,-0.08145131268480668,-0.0012216108002248316,-0.3958708337398319
-0.9565270999833804,-0.1115987793202567,-0.0013770831763943048,-0.392483310943865
-0.9527070860158794,-0.09078402687346285,-0.00121864691174064,-0.4029658025143117
-0.9520572928744068,-0.09289750910654287,-0.001229360217682652,-0.4007643362837136
-0.9447188890693768,-0.044385394274083625,-0.0006722257158664326,-0.42627285387145897
-0.9414419280125665,-0.040121666181179516,-0.001071781631589232,-0.40262155396459043
-0.9395781536573058,-0.04458804681497729,-0.0006898126355146421,-0.4266685015888065
-0.9387697017019012,-0.03836522591764806,-0.0006967267097241278,-0.4242720975986291
-0.9294790569653846,-0.023813828241642406,-0.0006606822402224419,-0.46854418963879646
-0.9260502089725917,-0.046612038113857265,-0.0011331737522710696,-0.40322303976705304
-0.921727653501056,-0.056173850827061125,-0.0006367706035982075,-0.3916977761492271
-0.9210351164798791,-0.04023943446640181,-0.0008461999705530591,-0.41551134247230176
-0.9173827100630033,-0.05864759696867934,-0.0005092058846910464,-0.3893212063684387
-0.9152196071396258,-0.059353066765245314,-0.0005414643329949001,-0.38922711391756276
-0.8984364746777463,-0.08121837290558585,-0.0008791940063542244,-0.37735134871695886
-0.8941880706774836,-0.08549881594127126,-0.0009312898427469713,-0.3749179292672779
-0.8934451487394379,-0.08717543038367735,-0.000947456687210523,-0.37486265685819903
-0.8322110877655666,-0.02994085673949951,-0.0005290680023902472,-0.39385380385279445
-0.8310591394612155,-0.030651892223787905,-0.0005258900622694305,-0.3932677190750262
-0.8286666462673942,-0.03030758717015894,-0.0005422847677041533,-0.3910000968578086
-0.8241823511046314,-0.015176613316026226,-0.00033338648393667916,-0.401913108535833
-0.8240864579560951,-0.015972815461633066,-0.0003438001300962056,-0.4011127489401284
-0.8221775032588089,-0.016514868691626012,-0.00035695843075260795,-0.3998700229507378
-0.2694811986638279,-0.007511304276454179,-0.00023156767101570935,-0.19728078502798654
-0.2685935712713502,-0.007502273022459583,-0.0002311732882823591,-0.1969317632903726
-0.25168564528597726,-0.007640569794730266,-0.00024836987680235334,-0.20490499413454014
-0.2502628542014267,-0.0074812274743058646,-0.0002439659337560054,-0.202708937844969
-0.2463769011555143,-0.007506569163537897,-0.00023194128865029596,-0.19719623635069514
-0.2452179196353187,-0.007437365276176895,-0.00023027387413316206,-0.19486428448340645
-0.2287562174448097,-0.007608143069719706,-0.00025797955805598833,-0.20491110917426825
-0.22658055110964753,-0.0075332391332785095,-0.00024151741486551627,-0.1995637928992229
-0.1695896674765817,-0.07889348748758607,-0.0018382345910153142,-0.28959518345854
-0.16266534487708428,-0.08232013534197775,-0.0018503478270708049,-0.26955554175453295
-0.15716053799481708,-0.08185815199926669,-0.001823290111269702,-0.27118018612078787
-0.15296382724091998,-0.08188912284252266,-0.0017995257711510095,-0.2710754453426258
-0.13029069480850528,-0.08760970941527169,-0.0022439777662135933,-0.23258072655053794
-0.12733896203074374,-0.08352382744339627,-0.0021908288161225794,-0.24865110412402655
-0.12278709872518011,-0.08625573630055842,-0.0022216003842022653,-0.23634130591672917
-0.11361078637821666,-0.08996893388407949,-0.002214094269598619,-0.22229679390309912
-0.0424360630169529,-0.01330163120174208,-0.0003726430662261006,-0.25680547027337614
-0.04000361363528191,-0.012862804046707844,-0.00020578744559111368,-0.3176610094022965
-0.037938887789539216,-0.012808529251976978,-0.000250932244606852,-0.289862656828182
-0.027914350511057184,-0.013808859434239863,-0.00016730889203784912,-0.2803536216137473
-0.02591174357080582,-0.014191987665012062,-0.0003218369686321549,-0.24598961660583038
-0.02160965917428233,-0.014765232160192194,-0.0002635190209995214,-0.2549488059663575
-0.017042336655283832,-0.012093476976840725,-0.0002984588779736305,-0.2475261630011764
-0.013641730463445339,-0.013476011751922307,-0.000198923902494807,-0.2687273338348728
-0.007307831489926343,-0.009635818413578958,-0.00019107227252702257,-0.25717645948371004
-0.0033274193216278167,-0.013727752235775917,-0.0002837491581801735,-0.2386079149913726
-0.0019115813519803493,-0.01211551249884428,-0.0001706686810861869,-0.2641063599958288
0.004708118306993405,-0.014789794329920386,-0.00021460810661502822,-0.27865228880581683
0.01102508809198407,-0.046901278407522604,-0.0006374267357286224,-0.363496988771433
0.0347311124311166,-0.04462617320891313,-0.0006359947580780747,-0.3645239073584005
0.03622159335547731,-0.03996040727989961,-0.0005440636706212965,-0.36404065767086796
0.04553105652434738,-0.04821644030589099,-0.0005981917590344806,-0.3293101266443526
0.08251204451523617,-0.041972425715557274,-0.0004128316162355041,-0.37717209695568904
0.08734980180326514,-0.04117094140547573,-0.0003036907186557364,-0.3831570524038666
0.09283466307123511,-0.04110846691213242,-0.0006981054960582527,-0.3873774571683876
0.10509228413268185,-0.04705237936004818,-0.0005817643479531302,-0.3572317743434012
0.12101992560096064,-0.043427145751155985,-0.0005392132845800594,-0.41435326647283943
0.129539225047123,-0.041808012564442165,-0.0005251806634244561,-0.4374437519541616
0.13477473830603037,-0.05309485705123197,-0.0007700251829079974,-0.3779726898855394
0.14335673863762094,-0.05759507894496657,-0.0008813083815623832,-0.3388440237929055
0.1477651437549573,-0.05274555089905301,-0.000739000257040279,-0.3446229024547034
0.15016583368938133,-0.04380608340003049,-0.0005746726807910758,-0.4088227439330313
0.1545334779222899,-0.03379066326882625,-0.0007464343036453989,-0.4144008436639781
0.15620716411340138,-0.05658736634977788,-0.0006866723067841219,-0.3189250146993559
0.1635923513873586,-0.040216027164105606,-0.0008129095397914457,-0.37931250383021914
0.16890889784042298,-0.047729020469506056,-0.0008172102924996217,-0.331851308367429
0.17540165137387365,-0.048144891012794,-0.0007336466709117487,-0.3569539686640643
0.17959880392738875,-0.03631988608867422,-0.0005222854344290437,-0.43375247722235655
0.18254051934439625,-0.039579018399463595,-0.0005532250087817239,-0.4080479873668393
0.1919463059423293,-0.0417210944404634,-0.0006505808811608781,-0.3989010245386516
0.2054262341853016,-0.03672547731167336,-0.0009955387588155948,-0.43111916114841276
0.2156417524854513,-0.041716015538101336,-0.0009141031020528748,-0.4098861184315837
0.22013506790236775,-0.033679574627280884,-0.0003714716485186082,-0.44638285805746936
0.2226655335612175,-0.037040012636806355,-0.0010456760045323972,-0.3945462186833026
0.22439812569549036,-0.0365825793689643,-0.0009065855317780337,-0.39477749871525125
0.2274065434288993,-0.03356536890830559,-0.0007548091827202528,-0.40147682881973884
0.23140819185242914,-0.034636252069209575,-0.0008934283363966549,-0.3996012913913554
0.2355285189972713,-0.04044304649806074,-0.0009936354550332982,-0.41316434737868846
0.24800485884101775,-0.03170221700344597,-0.0007058746076048348,-0.42523199227642416
0.26080299438185967,-0.04657102028320361,-0.0013446134642058375,-0.4428476984687474
0.27013116264592346,-0.04497691120677518,-0.0009336863501159764,-0.414107879649887
0.2751734235877226,-0.039373768227715565,-0.0007755840831754409,-0.4321774563082091
0.27730751668765075,-0.03618203136806402,-0.0006622200749682096,-0.41915661284875666
0.2832655509527684,-0.038972821938252696,-0.0009033362129762147,-0.45871356175174904
0.2907372128414167,-0.06934722431911264,0.001083546598169533,-0.3585124149023321
0.29606040418290197,-0.04111716265714195,-0.0009582298335408934,-0.4265168718039029
0.30200631258731203,-0.05638835056323842,-0.0008303756818846638,-0.37524961937743684
0.30452720289519564,-0.04833579171989058,-0.00042849209661923447,-0.3599826610758358
0.3066981760578232,-0.03876016957456152,-3.491244928591843e-05,-0.3032440840402942
0.30816556734663786,-0.04103135084290817,0.0003896026897417908,-0.40525524555301895
0.31275996556285995,-0.06029770828902213,-0.0005144828069643427,-0.34417307353203547
0.3147074548060632,-0.04892490394207252,0.00020229409994227827,-0.4004498094028466
0.31699502580377786,-0.05995907148297904,-0.0002913163533181622,-0.328257178261125
0.31998984162787514,-0.03887932430692621,-0.00014774042474266513,-0.3807415969900167
0.3238462580695472,-0.024898809523035727,-0.00029026309477124404,-0.28253134398177254
0.326455689838363,-0.03375830966430441,-5.525085122369221e-06,-0.3773919418139525
0.33242080899487414,-0.045046400382512515,-4.469072315585272e-05,-0.37950649142797666
0.3348630901911939,-0.02164550509658621,-0.0006505725668832738,-0.2918516602740729
0.3477926135647452,-0.03424568744789967,-0.0001343786464959485,-0.39207166639436286
0.35696526117476585,-0.046062248717348264,0.0008316603197923136,-0.43883685099928227
0.36174143321774244,-0.04800310212872075,0.0012056363049018995,-0.3833869914349714
0.3692831981693693,-0.03953805069711268,0.0011380291097740146,-0.4242453134238694
0.38910623168985126,-0.03750553256505627,0.0006655429235438152,-0.4628591542715068
0.3939746253440456,-0.03443981738700108,8.95427187278828e-05,-0.47780958414900876
0.40624358529086024,-0.037465718896775996,-0.0002667355168809789,-0.45681351432165146
0.40977358790057744,-0.03904312295917316,-0.00024995508020743667,-0.47848439665716175
0.4219999761119184,-0.05720686513658287,0.0002884396354694056,-0.4380409978181231
0.42734171874368987,-0.05981381404578578,0.0002116639814166037,-0.41413343268948766
0.4298315963009259,-0.05591996548286755,0.0002865059381550323,-0.4580200320844091
0.4376821545082667,-0.06335402693997454,0.00032412162470111383,-0.4418526750868564
0.4404002755417853,-0.06234216200021638,-7.421481422518054e-05,-0.44458743719086524
0.44813599643214846,-0.05562901130232088,-0.00026930059704425625,-0.4308159627869131
0.4522034693146041,-0.060559736533619964,1.1906740573737515e-05,-0.40468056758322013
0.45459654987571596,-0.06411020335854715,8.661908320916304e-05,-0.40342974937410137
0.4589038022269243,-0.05618119194186315,-0.00022480094701851514,-0.43506230871288804
0.46270535018824555,-0.06277030749865005,-0.00016803250890838113,-0.393843652812139
0.47404616440019287,-0.05239159468879789,-0.0005265061824306869,-0.4638052029847929
0.48072897394936587,-0.04017993034344764,-0.0007901948593076191,-0.5169630063896684
0.4822355541238916,-0.052632857431740586,-0.0007692486452597496,-0.48093288015668106
0.49096078560498035,-0.054465186559823506,-0.0010521259327777512,-0.4844143186763629
0.4974916426350889,-0.05408956797191023,-0.0012966585183596898,-0.48194176785026194
0.5017869975602055,-0.04727445580107127,-1.8506349669998274e-05,-0.48301507938904437
0.5076047736240491,-0.06247152164539096,-0.00029182193647601744,-0.4488178588374234
0.5117406689413398,-0.07918168214967458,-0.0007609185644916105,-0.3777154011603136
0.5143859873607283,-0.06685434896248449,-0.0003602594428965455,-0.43423676901090646
0.5164454908965714,-0.07108355605485385,-0.0011534448364947088,-0.4563545469361401
0.522967545536893,-0.06568593926142598,-0.0006463520701461259,-0.44825366745822326
0.5270309335151867,-0.06730810594265224,-0.0007295099217959199,-0.45747832853824594
0.5302727899249825,-0.06296003328988806,-0.0007895368028486953,-0.45822575730236687
0.5405666394680118,-0.05944093535725372,-0.0008547624939299109,-0.4551955338859395
0.5435593925185362,-0.07022787365939369,-0.0014278661913242128,-0.4770404343057469
0.5484248585031103,-0.08731701706526843,-0.0022475031009458373,-0.42926761705921307
0.5544688699986812,-0.09113093696119036,-0.002521560207667626,-0.4645661492550661
0.5570690432437921,-0.07498438881939654,-0.0013940313716222868,-0.4608730698484517
0.5616477377940298,-0.06881497852193316,-0.0014350299597189978,-0.47274631153169216
0.5690873854308811,-0.09912153762019378,-0.0028843310479123078,-0.4168410509287946
0.5853946130620481,-0.09990126110177447,-0.003133393305158392,-0.4549699609855143
0.5928579984023061,-0.09621796882317916,-0.002610590315124087,-0.4638199540209172
0.6102379816969807,-0.0661273356386332,-0.0013189114875004474,-0.46417447468086964
0.6217251489718035,-0.061938790173819806,-0.001099898735608035,-0.47465222316754013
0.6229423314805093,-0.1071434378353342,-0.00429255179106452,-0.426827037919311
0.6284151735882838,-0.1032935457691916,-0.0031758147444697496,-0.45932299336668386
0.6328113926301041,-0.08262307360050195,-0.0025896686167920487,-0.4686422263673574
0.6411510344405679,-0.08845222345440631,-0.002805637985164079,-0.453801134525819
0.6464609282920569,-0.09589626971089488,-0.002983478651485155,-0.46722117339289854
0.6496571581359862,-0.11732575348560023,-0.0036735015733842013,-0.43658797627092727
0.6523198729134937,-0.0843471684313517,-0.002743739630025551,-0.458932187396218
0.6549081122464768,-0.08138050743831406,-0.0024230543591557377,-0.4886924340500255
0.6641674733823679,-0.11933964772848045,-0.003530311949735682,-0.431299496893882
0.6677403692022745,-0.08712227518686959,-0.002451892354292556,-0.4577924739690594
0.6738850072959804,-0.12690163481036176,-0.0028486016090134786,-0.40202765729695067
0.6850601281378624,-0.10398039724655028,-0.003756083991957178,-0.4171083215745093
0.6882741825129509,-0.13791430562873694,-0.00449714150996128,-0.38197878227199034
0.6894593405498427,-0.1367221400695257,-0.005020273931722712,-0.37455416318696194
0.698021064552786,-0.12478481968487964,-0.004539414139062222,-0.4023834548161479
0.7017871456773592,-0.11411435107401417,-0.0029996046041943884,-0.4120573887937623
0.707933344699994,-0.10980336759529191,-0.002938744178925482,-0.4143168985007582
0.7116325620763232,-0.11655802348924584,-0.0038062638232791825,-0.3838707864967522
0.7173423551693263,-0.09188856278726937,-0.002641372597693002,-0.41174151285103017
0.7230867653120513,-0.10250886291481583,-0.003824239014342266,-0.382101930624275
0.730884877047286,-0.09756480148853414,-0.0030073832017709053,-0.41066640851709535
0.735665569141438,-0.08132031101827512,-0.00215034621297062,-0.42345273612942874
0.7366772595436852,-0.11344878473502375,-0.003652347376482774,-0.4107082327728683
0.7393758473800289,-0.08942013531087818,-0.003133653417275089,-0.4455270650722843
0.742516777516296,-0.08452531246481618,-0.0020653709646675737,-0.41422520135480856
0.7462838058667021,-0.10532405402263166,-0.00327978796656544,-0.36694059186134204
0.747931280935399,-0.09101714027885091,-0.0020173233269862785,-0.393587661468909
0.7515674642925908,-0.09858588465111191,-0.0028536072371848345,-0.4290408877969108
0.7571285550995606,-0.08981889965406376,-0.002793918088246975,-0.43368179464227724
0.7603432927254495,-0.07245015072397745,-0.0022562494976857807,-0.40642620862771295
0.7650952145911211,-0.09385530889978211,-0.002714921408966461,-0.449221248502051
0.7673656705598266,-0.07185317551751473,-0.0028606155828927835,-0.4509088479980112
0.7715523692524062,-0.07479012423808258,-0.002704831679292702,-0.413521047239352
0.7829917819190347,-0.06668096745153823,-0.002100394895467633,-0.38716096410859563
0.7847026340730441,-0.06264056856644153,-0.0022297918058585414,-0.47079190138296373
0.7888229760068936,-0.0802906345891991,-0.0024989535935614282,-0.4698286794659916
0.7916317897467884,-0.06343371764711907,-0.0019583817673427995,-0.3658240913256436
0.797659723115863,-0.061714658386368054,-0.0015414260137547088,-0.39767806808322875
0.8004362802373026,-0.08559712042112266,-0.003085039694862508,-0.4033977101927312
0.8047494585892344,-0.08825997133729538,-0.0026783660561331517,-0.3691493211091328
0.8121442496443693,-0.06633781741788464,-0.0021933466406934524,-0.3710051409519965
0.8145030926564949,-0.044887222454867357,-0.001725614921912289,-0.3355752396848221
0.8191781615318228,-0.08336149325792822,-0.002380585908584121,-0.36469479033922586
0.8198959026954046,-0.07640674500655341,-0.002693862910256248,-0.4038461503600113
0.8223272921765089,-0.08949880023293888,-0.0028296465875515234,-0.41415452061323815
0.8265869699995574,-0.056611546674823474,-0.0019361965376316365,-0.36070870348061074
0.8330237364869404,-0.1216626475886922,-0.0027705932368158573,-0.41224518972472096
0.837827300260096,-0.0798317859484521,-0.0029321459697223733,-0.3809713796994438
0.8462659232813783,-0.0919607251424661,-0.0014780543844127067,-0.36848605205685764
0.8480231746663054,-0.10711341649908765,-0.0020188576083536676,-0.36210178559605954
0.8511302230454953,-0.09954610479651071,-0.0030963651870177644,-0.4308207881168992
0.8530734317949049,-0.08407473056328883,-0.0016059514813245245,-0.3400955597895181
0.857147344084503,-0.0843744258696647,-0.0018727149666861683,-0.34889374623537495
0.8610222993984252,-0.08728519848598246,-0.0026113562369142187,-0.37286251238118795
0.8644201507698044,-0.10418941544733176,-0.0023083123906057967,-0.3712500432620322
0.8687609115739688,-0.07829823164974758,-0.002840476625761794,-0.4552681803672847
0.8742957432726538,-0.10444386204219498,-0.0028345823534194577,-0.38664505311039393
0.8798627693408007,-0.1641516843345612,-0.0032181691694784242,-0.4082124309553331
0.8808259568840215,-0.09607524129241711,-0.002965759532796013,-0.4225303649133391
0.8880803950969801,-0.17361107538463874,-0.003639491013004132,-0.43262418698435035
0.8920630019604602,-0.17069847384486436,-0.0029193584327622544,-0.43622148593786175
0.8999641568744806,-0.13847218756806673,-0.0027512319474563276,-0.4644083724703929
0.9013255718575071,-0.1859306884546984,-0.004014434353922385,-0.41338191194531476
0.9069166263587221,-0.15237770725204625,-0.003950680734815778,-0.43053703415223926
0.9102186101492119,-0.16052133354795864,-0.004264045135847659,-0.4148534789481904
0.9140677838949255,-0.16443400466692684,-0.003903581855145316,-0.4193219259414153
0.9248092225372877,-0.10621445721713456,-0.004427946700062534,-0.47467688771945366
0.931587245020617,-0.11832897823085933,-0.0038754781837945164,-0.46181013724694076
0.9366134493786981,-0.08894473424517806,-0.002842390555360577,-0.4823618356062551
0.9404547237095648,-0.12433276599107021,-0.003634957697135315,-0.4619922530348153
0.947287897826334,-0.10584882462305512,-0.0035211720214873687,-0.4790379854002366
0.9511700886807334,-0.12722606496633176,-0.0037168645623723217,-0.45427376452961055
0.9598654318915474,-0.08435269452605836,-0.0035651198430596697,-0.4877549797052281
0.9635954568735131,-0.09903838117535542,-0.0034638218244406153,-0.4688822812453907
0.9712631447591219,-0.10710297078040273,-0.003365402811709046,-0.47929302817808744
0.9778492912860839,-0.09917102502741137,-0.003112413805422055,-0.5156511659232497
0.9823738698530826,-0.0901851563233249,-0.0035766008212680545,-0.5179745426396147
0.9878629559376154,-0.08567132180152522,-0.0025155236487116694,-0.526717589014665
0.9915277279683202,-0.09803495794252519,-0.0035737533618887965,-0.5378723598411543
0.9942915340723736,-0.09315296671691577,-0.003205506519802356,-0.5258884722265124
0.9966045877418918,-0.09677869070735375,-0.003659777907103867,-0.4934322395535797
