MO_Energy_eV,Cl-Te,Cl-Zn,Te-Zn
-8.99712489129713,0.0053664900438560835,0.013776980196398857,0.4271427926218655
-8.994356923731145,0.010519734037627917,0.025689671488894665,0.3815261528410787
-8.99121194826227,0.005591272390639844,0.014719123120486035,0.40011731473211415
-8.988909155015593,0.0071925220260811796,0.020857881261386095,0.3904752114602785
-8.982579824618524,0.006319915727723311,0.014575092444827041,0.39212795483215096
-8.9783939956289,0.007516088290606502,0.0181049237607985,0.391505456514484
-8.975486498934904,0.002947798359309648,0.007085334351964043,0.4489262916282524
-8.973575092444818,0.006237102993339108,0.012813322594585745,0.4192790515243544
-8.969781025726402,0.006494021134341886,0.011010124051326299,0.3793192660114077
-8.967116201784018,0.0058247173710109,0.012504412310821991,0.43130944479817845
-8.963364881230712,0.005891578219099721,0.016643518298158636,0.37501499607423977
-8.960420347793805,0.00454266269002768,0.01391086226369491,0.4120531843453594
-8.954243001554113,0.005921304963592041,0.011924745411192412,0.37977101092477916
-8.950015730147157,0.006103485498916563,0.014162670724360508,0.3724809677788602
-8.947030395312739,0.004995923430311944,0.013631721565879704,0.4285307696626845
-8.945346902439587,0.004973383720458129,0.010393304486380154,0.4351655599638804
-8.945094601358711,0.003531263275412098,0.008828706721936662,0.42564313843111584
-8.94218997611298,0.00828894045265068,0.02365947640691318,0.36815849571212866
-8.938098399806403,0.005579669926863454,0.014369925882368522,0.41658577861482227
-8.933627737720812,0.00261595476957761,0.006150577679103406,0.43294919938332016
-8.9313078408724,0.004485375604391958,0.014159569525029784,0.3992121353894668
-8.92566303793968,0.0047866500148588485,0.016911803426739484,0.4296721856792974
-8.92342645448259,0.006739325141985397,0.020563158961659844,0.4050063265384491
-8.922054333050319,0.004594543224430503,0.007285363616916571,0.4253760486389851
-8.917621040362915,0.005553738485088718,0.016614394141767533,0.4223133179267975
-8.914607827308718,0.004020407724286479,0.010561209086212267,0.4335981476885753
-8.908407767713227,0.003438230213362949,0.00783443952764169,0.4439796281948179
-8.907751965914946,0.005978308936147664,0.014629386543345852,0.3872712788655111
-8.903198262070735,0.005844348471017446,0.019077991927713624,0.38020558833066304
-8.901207977972609,0.006788703481226601,0.01753044390627798,0.3863255721489366
-8.897111958461954,0.007340660799481407,0.02298792389724672,0.3776959318945131
-8.895598698496535,0.004132727553154373,0.006524008030713767,0.4482363742974519
-8.893483727734791,0.005966285461038089,0.014889825807104963,0.4053489311682812
-8.89016353941833,0.007231967238685939,0.020684251774474777,0.40966050677590027
-8.88787738269492,0.005417266757942808,0.011468195377964377,0.4185392638890833
-8.883659404786838,0.006557983478804339,0.015048846348180893,0.4050579717714899
-8.880239411478389,0.006458198300787752,0.019149193966066565,0.37334955480479115
-8.878929021721987,0.004104153267605162,0.012858758977045564,0.408749037008159
-8.874058955059883,0.007334468073063372,0.01842196363429317,0.3925599154971694
-8.871251765673133,0.007545269273458978,0.008240959885317126,0.408448768355111
-8.86812174438667,0.007853501026689897,0.01288848164970345,0.37893866436659873
-8.862446060138234,0.0070224434220645445,0.015015270125820025,0.38016875068266726
-8.861469468464124,0.008425281424493615,0.021527969896394744,0.3638581477844987
-8.855582161058363,0.006607142216840095,0.018750574059800757,0.38923226736680666
-8.85313367952118,0.007068789617934802,0.017285497482760894,0.3611437317605137
-8.850490063802376,0.00821373684591126,0.023530485492793466,0.37269283986651286
-8.846321021598483,0.004117075516997066,0.008782829954725105,0.4400500096542583
-8.845458051785108,0.0075367173921541165,0.023755169254017144,0.36751495815155977
-8.840804250916099,0.007429280060921709,0.019427288970382185,0.3742639389671257
-8.835938179431093,0.008113142323467097,0.019597629988980084,0.3804249420099607
-8.830747734404353,0.008354587770075835,0.020707425912214736,0.36363861698677
-8.823710930712107,0.010902966647407327,0.03141830550682084,0.3457640909814246
-8.82148706797045,0.008374814410248088,0.017621237240918484,0.3539897647709498
-8.818917243466514,0.011333038826517318,0.028703710619782465,0.32185231433185363
-8.815089101684075,0.008659159290227444,0.01823740869743293,0.3659242687559077
-8.807583430261014,0.008730280948905118,0.023379302165918516,0.3725794828395429
-8.804675787806664,0.010496807164141572,0.024034714699036494,0.32794655180934057
-8.801310256311382,0.007486067067772113,0.018477483882046817,0.3829248355577047
-8.798511186378207,0.009263599019896736,0.02745365357237544,0.35395352438114347
-8.79286170486584,0.012900373357857537,0.024855081222156315,0.3069746198860296
-8.788643623682496,0.006661091701902272,0.014185769027166622,0.3724844064864663
-8.785730857243507,0.008791161262787742,0.01461335447435992,0.373313553579503
-8.780982684374141,0.011139456066631777,0.028080772349956998,0.33101270343484585
-8.77550101124813,0.007677972647392166,0.017019943054900313,0.37060269958918485
-8.77209896231102,0.010925639606139691,0.021287676043674267,0.3290760839779301
-8.767951023450129,0.008892330124353457,0.021571466973714155,0.3602067968239716
-8.76701909246646,0.008305097478524813,0.01944618075872609,0.3645761681852128
-8.763821385702116,0.010074988035268935,0.018635138006845423,0.34552331533848313
-8.758626705597507,0.008790761566297805,0.02173330621995512,0.3613918532447259
-8.757090348262313,0.00938330231994645,0.0217946663309476,0.35566974832897214
-8.747254238113545,0.015989844549905003,0.032544048393184026,0.2907689727416491
-8.744959120846946,0.0064362327612525255,0.01677098755785514,0.36078151135641057
-8.742499452867863,0.008344528355702206,0.016968884979249935,0.33835647343444125
-8.736608395052787,0.011252006989119372,0.023609727465945234,0.33386515600374916
-8.726485082536378,0.012900559658206249,0.03157521175029332,0.2913811045395037
-8.722181948905892,0.012813488033728107,0.03964213713638966,0.30264107612129926
-8.720969355408272,0.01171189224735976,0.03304655840975845,0.2996738174327811
-8.717493075182796,0.009392486293881199,0.022187332342195068,0.33916588907252165
-8.711095062687512,0.013399228106400063,0.038529852467240173,0.2659569943436199
-8.709423361773338,0.005608841817108453,0.014420077445494804,0.3813635351480207
-8.706073398777754,0.009357565219715211,0.02674659547641394,0.30966063146607486
-8.705254955233114,0.009345638156251298,0.016524541604172452,0.30949290017866965
-8.698115915383626,0.009330965774287771,0.02008689907442786,0.3338691315531459
-8.69441973100031,0.00954631359555184,0.019447327985870955,0.32751587717453123
-8.689986586733294,0.011267512192190448,0.023919033700146232,0.3100252073755301
-8.687106069469044,0.012017865138157608,0.024931420745179015,0.28220842017211584
-8.68353275103474,0.011051188315547137,0.03154117888824648,0.26281071627566566
-8.677864766890753,0.00831348690632423,0.025523023546616223,0.28896768605952877
-8.674070461554495,0.009480837921794487,0.025056012779808123,0.2875796788997436
-8.668855017822992,0.008537431521232479,0.02368314448442103,0.31509883623222545
-8.66700029524733,0.011323051160824415,0.032295027357486294,0.2945810414130937
-8.662605874490309,0.011596166487108246,0.03153397192993798,0.2648265012174108
-8.659251242986342,0.010762349566104206,0.030513132698358217,0.23969222411860175
-8.657641225743692,0.012839827973937576,0.024616454949275737,0.2588220978045747
-8.652705877337231,0.009485174704470875,0.031272292901809176,0.3013276914182079
-8.652404407898322,0.008662583028986577,0.02877500545899515,0.2568674237476732
-8.647349118198038,0.007283813273408321,0.016314360371251176,0.3498510436281105
-8.64374742832698,0.010675567121243276,0.0320076294912608,0.30289542871811426
-8.638532414024846,0.012294098292999971,0.03665480631991233,0.24391429329262101
-8.635609043028303,0.007435513720502676,0.025756898154106332,0.30603931097455106
-8.629379374529814,0.011263003525012248,0.036649463529419245,0.26156693077447896
-8.627957342153222,0.00983066638556408,0.03334331546536574,0.24919592223456097
-8.62233911306593,0.009314153877253857,0.03382679599485522,0.27297243653087744
-8.619818086526054,0.009342308343215375,0.027301917656548155,0.26899629575860684
-8.61315928711568,0.009409750218455299,0.02937697964041723,0.27984280307580595
-8.604258572426943,0.008366131554682294,0.025442840680601198,0.32724293231645063
-8.599076590028316,0.01236885015696773,0.036079523300037004,0.2559468721047009
-8.596740990565152,0.006658366342982252,0.021912534088715418,0.3260966829442612
-8.591452331015905,0.008119882673964783,0.029521076691792547,0.2959245059488932
-8.586130842419731,0.007835859149893112,0.02613474895886114,0.3139207314905667
-8.581101086948237,0.009573567843838044,0.037280595727260536,0.2648337780658849
-8.573733984750215,0.00782178400927921,0.03104832912022108,0.29660053597151675
-8.565906392596826,0.007980185253946335,0.02467112275003785,0.304127111314112
-8.563905097198873,0.0076316653234979916,0.026196747692651522,0.2983873409247016
-8.555630655072376,0.005938872733456197,0.026837388531427663,0.2948334374055169
-8.549956709486041,0.005176561716683473,0.019332347346715836,0.3281627668175234
-8.54665302765757,0.005100617557430251,0.013695311483487608,0.3504366492274619
-8.54040567824579,0.006426531140126244,0.022576120847822602,0.30658437392367033
-8.53694444208523,0.006469786768990388,0.02135148240615256,0.32688486053213067
-8.531750714777353,0.004066531224973786,0.022993284860471624,0.29669941421793566
-8.517403238171394,0.00763335222363567,0.01922556889003738,0.3138797773381451
-8.512940391881184,0.010682972171890901,0.02336418045278802,0.2998633591449774
-8.502723719898727,0.007284894239874037,0.024427164494253986,0.2835837515699026
-8.497113865356301,0.007814771409442818,0.022832836650124113,0.30527961291824274
-8.492073507333156,0.0034428132351358907,0.01407667645501901,0.316877957952596
-8.483842135269768,0.004713073122248971,0.0173062032284237,0.3044353657970788
-8.48026372280528,0.007613271597634445,0.02268772896341742,0.2890484178736887
-8.470774433506556,0.006869666485791386,0.022112083555633814,0.2800463215365102
-8.464265358951108,0.007731144317739331,0.014419484674609108,0.3433482857365439
-8.463392571739872,0.005764799239534998,0.014990076768223651,0.33351695251421654
-8.461102401530558,0.006320449037913475,0.018946748012653617,0.2933099588415415
-8.456497555697249,0.006405969985312382,0.022059071529766834,0.28638969548495796
-8.451904586723058,0.006637944920515359,0.016510577771033316,0.2768146756136425
-8.436810949695905,0.007866246943108965,0.020235470044871355,0.2923724113772954
-8.434055626339202,0.00307584642438666,0.024322168276359513,0.2902826471837924
-8.427555583365224,0.006392062637602848,0.021244950464716996,0.2826008198894552
-8.420904242712409,0.0046670443429730375,0.01988948292614998,0.3058547478781086
-8.412895659059846,0.006894371032200387,0.02056233376294036,0.2839374650200587
-8.400640833510327,0.003638619017750322,0.021141118837031528,0.2837388026132475
-8.39769433914931,0.008540777304485565,0.01973688386273081,0.28164682717149203
-8.392507570154322,0.004739387411733918,0.020190097139259084,0.2894105851607851
-8.390981677159411,0.0018324115758134884,0.025634573661674688,0.27689505295604666
-8.381655708209264,0.008264129063977093,0.02322072111882241,0.25538850290465304
-8.376660289005887,0.005551550965046484,0.018051763594045134,0.2798190108587591
-8.371958346099541,0.0047856554227310695,0.024782340077265395,0.2570327587624011
-8.366833481309706,0.0015856198034901873,0.02124867987725018,0.27303544411768904
-8.359911899809472,0.0052577811460117535,0.025225478379381275,0.24989681241089548
-8.35149471254557,0.005371481071975623,0.018257357528553928,0.2825978147731737
-8.343456387114811,-6.545412628592254e-05,0.028529785362835763,0.25911098530857724
-8.338984040355829,0.004685867929860158,0.02469748077171839,0.2657308386599572
-8.331166083004959,0.004538208100920324,0.03182800352158073,0.22564765022428063
-8.325649337003977,0.0012378477720115706,0.020802873621462166,0.27034294706055223
-8.315126284393164,0.00537207158884583,0.032000921947609125,0.19845978892883234
-8.311355014424562,0.0033264752304421915,0.022148267186631602,0.25442696672067755
-8.30795086639109,0.002579568345989391,0.026988340494833524,0.221910158262672
-8.303958280531639,0.0038327618391381297,0.027207731495139553,0.2150085246336561
-8.295661636218963,0.0014498904470306327,0.020126152136106527,0.2565511978800562
-8.288792782362977,0.00402885036586732,0.027341524889916587,0.2196335679702325
-8.281646899424969,0.0009238569309622415,0.02585488702889273,0.2635465978767995
-8.276971224066934,0.005545023697679471,0.02983340432134863,0.21369137040149477
-8.272789103339651,0.0056781156888271525,0.03706516937483321,0.18677742864268193
-8.264765345617677,0.0057795610080338886,0.0378598612054323,0.1536232388202403
-8.26382435264569,0.0042315314243318745,0.041038991641472095,0.14156121848902725
-8.256770612001702,0.004888381201406946,0.03472279559888183,0.20702476886468976
-8.250781630537613,0.004027580575941033,0.03433559463831525,0.17980977591630795
-8.246626292397695,0.006952640712256115,0.03976987337835538,0.16438850254134738
-8.24194334563743,0.002927854386383798,0.03458866937739869,0.18190517190088348
-8.24126248600464,0.002292222977463245,0.033172125888209454,0.2020987782114935
-8.231638976987844,0.0025426580897971625,0.034608164005381435,0.17150779222220724
-8.226520714100417,0.004503638801163409,0.03160301952594023,0.18031814646432
-8.21904448757889,0.010334390891425531,0.04207926096309978,0.08796701755785379
-8.209305785707091,0.0046697704897208595,0.03769264612039374,0.16590765347420655
-8.205750701685085,0.006473844987021373,0.03613696137448468,0.18142702965500282
-8.197564548249572,0.006775683287107435,0.030291121318440195,0.1949306315281743
-8.195026737630274,0.0036106413859142514,0.026778873275198924,0.22461331397964285
-8.188143363525981,0.003923053000024784,0.03531411170151613,0.16446937402949224
-8.176773520440987,0.0035232444526889493,0.025962989602008015,0.23953714120913552
-8.17158528731851,0.0045038520903378934,0.019831544759428495,0.2391626126228243
-8.1684818650456,0.0030933066229551485,0.0319164754936779,0.17638064532634773
-8.165180368722725,0.004513211046528429,0.02671998338205431,0.20127445223182083
-8.158775982977382,0.005261140712062044,0.04491625665892336,0.10463746987814983
-8.14844479393121,0.0009892854835909124,0.03510930553089625,0.1585933427803935
-8.14580228180722,0.005124618190458802,0.03325097936006533,0.1814103949092949
-8.14400934641257,0.005746096926017064,0.0403801214775774,0.1760524059036373
-8.138995024139764,0.007031135016284559,0.04335459914591932,0.16728082173390474
-8.13142305992969,0.004459217711460309,0.03784789998654863,0.14850026637981742
-8.127417334657133,0.003468708844721556,0.043042708438581594,0.12332486884212267
-8.121214927618723,0.001899605122536329,0.04110503203342108,0.13091089186186436
-8.113650135568118,0.004999038608879529,0.03785917997782506,0.15546243144655858
-8.11341901574693,0.0026813360490297276,0.04614011359665841,0.10335992246966198
-8.109658689967816,0.0041040864396348214,0.04845154217832483,0.1007901060633571
-8.10505231477408,0.0024034653553577675,0.04197355499886617,0.10742764681086679
-8.10167739909277,0.007409644509544333,0.04041711493793241,0.15415211103038995
-8.086385841299998,0.005191052425958326,0.03455611320270512,0.19312758351594833
-8.084492623170533,0.004377392665505144,0.03724748647707291,0.1516788769874187
-8.08289974726185,0.005017023508942495,0.04921025654081237,0.08978398196769352
-8.08101672605241,0.005001683680705551,0.036771214147759655,0.12744184194627062
-8.071675005843273,0.00432003268975925,0.049971677064845066,0.06420290225982621
-8.06732988925595,0.003222335757785458,0.03848772094331362,0.1020614973597526
-8.064809910741888,0.00559808834034088,0.048121053291058306,0.08239549346963286
-8.061996628417317,0.0030865723872938676,0.03879195635945167,0.13148857085808496
-8.054690112889213,0.008028627990028871,0.039371241337590374,0.09179650855801426
-8.05149938437242,0.0029878876798227726,0.042380223774109174,0.08933552637817063
-8.048151018491174,0.001604480813425783,0.022599124338140125,0.17197242999418375
-8.044723033369863,0.0029505375693283744,0.021931027576795215,0.18240105846708551
-8.042160164376348,0.0008622161346697531,0.03275825618093063,0.1292669127212698
-8.032949342148054,-0.001222951245367905,0.026084197199268872,0.14498784814572177
-8.026181262356648,0.0013575478333234733,0.026165887796406356,0.1590593569332013
-8.023219954861553,0.0022889339205224898,0.029026401389981173,0.15269787389022638
-8.016531422716096,-0.0025580854175776923,0.017183458463561518,0.16092568128524312
-8.010797636346865,0.0007713810025173169,0.04730444500667046,0.08104172182811191
-8.0066496526986,-0.0001234111378462378,0.03944770832477045,0.10201088199181206
-8.000612650163724,0.00023360528170322036,0.02728014918629696,0.11400475129198702
-7.9929620817764295,0.002136739320273609,0.025951981850648877,0.16288188557020938
-7.990124648490457,0.0005179084910384396,0.028546494124294355,0.13213630722685624
-7.98030767052558,0.0005217405699240677,0.025527850029780332,0.15183393556779612
-7.975524954418733,0.006533158011587578,0.02892186508385084,0.09968717130943049
-7.973958934076415,-0.00018787281416468118,0.01933818455131427,0.1413496336092675
-7.967378967022161,-0.0008790046278857468,0.030179549294144827,0.15291053214575687
-7.963434183746328,0.0009348393968709962,0.019089159555022345,0.1534732242367725
-7.95860590917653,0.0016306968027732843,0.03356081378805528,0.15216369233072574
-7.9548899597803375,-0.0017154944507638571,0.020468052668016535,0.15195087630442675
-7.94557808130863,0.0004491388143489452,0.020472438522121886,0.18277427069457494
-7.9437885536240005,0.0017510327447935437,0.025457249303727048,0.13562402335023313
-7.935740235433732,0.0024281234423469385,0.0220479434762388,0.16181517615023394
-7.927662964541885,0.003841381675901625,0.02933237561736577,0.10191391357595067
-7.9255897043256,0.0006152194084612088,0.027977397968716695,0.12553567944301522
-7.920171958180393,0.0023803351085020185,0.02883438546104433,0.12377852800980367
-7.914345221948051,0.003168244732903981,0.017291263243945646,0.14632809738680197
-7.906812188083545,0.005634802260088143,0.02325689174844064,0.11107397766158636
-7.898930899015529,0.0009483916708903758,0.01573594481626101,0.1612592610929275
-7.895627457441788,0.0001584958119909084,0.024695411669620245,0.13150673110913266
-7.895134480080517,0.003431378406163023,0.0296163047119934,0.08802697853455169
-7.8920627136978245,0.0004145372791918087,0.01980279747344446,0.11764026523975964
-7.889252844664246,0.004101817029833411,0.022135571343320386,0.10323111964200202
-7.881582966654198,0.009295713635798961,0.022589540688468406,0.07685135196182373
-7.876894456608864,0.004000755675198951,0.01729474337533286,0.13849657367374343
-7.872646692619027,0.00030881967312099904,0.015550258390109114,0.1573724813308161
-7.871164225404761,0.004075342135859817,0.019111787269662023,0.13170950845936238
-7.869446080890829,0.007803235590955617,0.0191182642335196,0.10908563925192256
-7.86582354744702,0.002894541612094518,0.021897721999734884,0.14251414961948863
-7.858740696939968,0.0023017534305731367,0.02582082480948622,0.0939289965925601
-7.855871529524519,0.0017425434571526359,0.01631657429584132,0.1309969487034019
-7.847749682741416,0.0014649595967102843,0.019252584570355075,0.09963982429243586
-7.843742379212204,0.0037208264085417603,0.02397961287521131,0.10409458398073905
-7.842288640298701,0.0070818953010989205,0.025834645868164592,0.09488449406913556
-7.830453155587007,-0.00030441098942132815,0.023255771675680784,0.10648079958217939
-7.827490132367029,0.0002511301009625909,0.029370259619544394,0.11314433890128091
-7.8248844601886525,0.007240575330593675,0.016035409242471245,0.09977508520297322
-7.823327989100721,0.0074520076828077245,0.024186978046613735,0.12099509495056461
-7.8175114025151,0.0034583221279852272,0.022185694489497077,0.10744234472686648
-7.8138385566573,-0.00040363408181737676,0.013434545503778587,0.1802767653759381
-7.808807131014582,0.006346615739102296,0.018283155662835796,0.14112084504107436
-7.806800905191746,-0.00035989685696591984,0.019728552080472517,0.13409457247186618
-7.799909523572855,0.0020737624555507085,0.009967452504885682,0.1661937845101634
-7.796347443233286,0.00177011297161482,0.01907093879855039,0.1432463577642365
-7.793836112773601,0.0012272406146295667,0.01737183348053476,0.13789835538066167
-7.783469565446338,-0.001066032836715367,0.023813661960051625,0.1348587012474638
-7.77992763918857,0.009111534779954853,0.009586110743055782,0.15176270639312484
-7.777714284978326,-0.0003787014963497105,0.01978621812922771,0.1443725965808768
-7.769741309795647,0.0016423429987322486,0.014916464034583915,0.13235880981617482
-7.766979717996926,0.0029654017280148735,0.026234909363808807,0.0946203564470662
-7.763409294721373,0.0035172876660814175,0.012272949314077596,0.12678624777604938
-7.757805240284601,0.0035358924761677187,0.00871488040641019,0.1246706713918941
-7.7487912331644875,-0.0040041759415168,0.009132944689577586,0.1535510875729398
-7.739744028868724,0.00043806001630791416,0.008367887628415201,0.14458138389553454
-7.731360096954798,0.005367780184684445,0.011275160258205387,0.14248566967500914
-7.7276462239746735,0.00328766679079153,0.006895133838618196,0.14034650081129324
-7.722684167758039,0.0038610272187366464,0.003461513242156974,0.13357495729622315
-7.7171404189596124,0.0016879805538836132,0.0136492591063343,0.13601376661659448
-7.707838199342405,0.01798417019930247,0.012006247376876843,0.08309620435872435
-7.707612371061882,0.0030736117027528286,0.009905023105603839,0.14832627626364203
-7.704459807310871,0.009138960727025736,0.010370383186669135,0.09439010880068191
-7.701714951398221,0.004091993466989182,0.01442964536178568,0.11722525346010795
-7.695357753976128,0.010371281347466578,0.018799332414327765,0.06410892341253757
-7.688009886825065,0.0064404502138770145,0.0125092056218858,0.11206332507919521
-7.685012313952419,0.011842940275013258,0.011667438206319389,0.08648141062974107
-7.67014577836349,-0.0021770906688887396,0.009387785229902993,0.15158351330738934
-7.6695691000780295,0.0158895972535008,0.012826374543143549,0.09341019470901016
-7.663778259802853,0.0024108405498868835,0.014942822340493355,0.13537086771884865
-7.6493361586549655,0.008618923895462881,0.009891283035717806,0.11916200318351956
-7.642671753124873,0.006021106563270239,0.014631770093821241,0.11060705449646527
-7.636297072314757,0.004438962191015039,0.012376593710969542,0.11482247222387132
-7.6292466312897576,0.010469115923296145,0.016592109107933607,0.08787875851274525
-7.6273169578364275,0.0018659204236609324,0.021738046270280014,0.06688892274935071
-7.6188981250277,0.009298673888038412,0.014368545835731666,0.08581765982358047
-7.6109130771838895,0.011327330750650674,0.019128796471170807,0.08011895042752061
-7.606630372720085,-0.0016863976766171803,0.01692311839932164,0.12289017712492686
-7.601799363802442,0.003992589224120909,0.018012149920366084,0.10776256952698939
-7.592388767688066,0.0169073291840874,0.018039331702725533,0.06874836027832326
-7.589397899892542,0.005656388895686738,0.020920544690351418,0.07802362533738673
-7.587681570103356,0.0029246276468336053,0.02598978303326048,0.06643517344878548
-7.579434303714986,0.008387647779229146,0.01479348034003907,0.10345098556187887
-7.574667180726191,0.011547394701894823,0.02778989871129196,0.05106690853210239
-7.572828484389189,0.0030565647647474293,0.021210067484833756,0.07954624804766705
-7.5651110226441,0.0016624217925951589,0.017084083202658258,0.10066285626880492
-7.5632806213735995,0.007505756561339666,0.023439300256200665,0.07646144234049401
-7.555763728018547,0.009614694684246982,0.023489266922472524,0.061663237334055584
-7.5536460956450995,0.011989201702933624,0.01827118931347758,0.06998166893415501
-7.548301425169694,0.00705549455890567,0.02931962035027752,0.05429440955175511
-7.547032078536721,0.003378482303024015,0.024600523417078246,0.09770917288188614
-7.541647609920416,0.011175491548286433,0.012573966518716064,0.09919164679951206
-7.537888696077749,0.008928866683076688,0.020382921602375786,0.09544284232343458
-7.5294843375024545,0.013483482904189036,0.015062647627164008,0.0846496667458918
-7.5211958077069,0.016882799499352546,0.01800144583368094,0.07115607578489683
-7.5200196029355135,0.008512801727371599,0.01118002470772762,0.08435824204429224
-7.5167721607879665,0.005511438368388432,0.014973738867706497,0.07802392262765528
-7.51334062853678,0.010919826159850503,0.018154162511874326,0.07233028732243538
-7.508001714334281,0.01568135789517186,0.020009786738945094,0.06392033204750183
-7.497690532567889,-0.00010898898545656316,0.01280224539413288,0.10481054862016069
-7.495026574244741,0.009806844957126465,0.01470133186414842,0.08417053471784637
-7.486488409442102,0.006911518636383203,0.013191011846768316,0.09095800814906828
-7.481703704869097,0.004900419330653098,0.018424233696039728,0.07787278220098148
-7.475109966789246,0.0036806623891654576,0.01301416701712586,0.08641829441596688
-7.461754239278238,-0.0009899922619773138,0.012524651227093293,0.10190756262786269
-7.452646762659559,-0.002176645882952051,0.013170821631340516,0.09142045645000899
-7.4502092785492495,0.006928351481323487,0.00896302189326971,0.08972156315514439
-7.446840534043858,-0.009499710263534113,0.0033165355348099505,0.11080154201651958
-7.443751539138139,0.007752473201170965,0.011773354253697759,0.08631330763811772
-7.434365044121894,-0.007549941779436463,0.006861156645339129,0.11832915489442239
-7.43244410372748,0.007780442983903912,0.015213061890667614,0.06152046128387348
-7.425968498558552,-0.0026344173352533737,0.014338971719100918,0.08710425518797399
-7.421824739001964,-0.0006704406407055002,0.0159049519166707,0.09912719477118226
-7.41337911690108,-0.008343968620081242,0.0122375127735205,0.10279435758795859
-7.408557150317789,0.0024200777004506867,0.013952332145294987,0.07011104030883528
-7.400884672671979,0.0016783530749177923,0.014585302376420231,0.08447115228653791
-7.395784558305035,-0.010112393223209013,0.010188981650122355,0.13101725121571145
-7.39162704303394,-0.001803935149735364,0.014045411356669493,0.08861488749427317
-7.379860459760364,-0.0023879615099744638,0.010553716880291941,0.08534693993381971
-7.372427510496553,0.0010375016645949601,0.013488343042799727,0.08547958373408901
-7.370713448068174,-0.0021603813519980087,0.013369485567684984,0.07387295456655893
-7.369703860177946,-0.011963404351321674,0.00835037895196202,0.09010032894259759
-7.36620948140411,-0.003471425989871712,0.015136262242933981,0.06927692401265655
-7.362184584670392,0.005755087332965357,0.020659031200767845,0.06508039824454236
-7.358933264477502,-0.0021971293582843765,0.011025728444122525,0.0986729944956583
-7.352220947121552,-0.0015798394472737026,0.014733539837040385,0.07122255237680962
-7.348098459610188,0.00485824290471829,0.019149863278274754,0.0581936976914435
-7.345869140258612,0.005571589054819369,0.013677317420891845,0.06206848437935407
-7.339312513934663,-0.0008287489453544081,0.013393638020890976,0.07329088847116925
-7.333658509561571,0.0031386365368314315,0.020034964948653193,0.060308948023272635
-7.326412522443768,0.006326713224430061,0.015049749672095523,0.0760405801154056
-7.307188871036162,-0.01361063582955086,0.008494672044006129,0.16918510623761143
-7.297784177280252,-0.015372180842482637,0.006703787052648883,0.15747147649181348
-7.289369246612353,-0.00971632222699253,0.0033122161894479697,0.12219503586412049
-7.275465666074695,-0.002495328870761825,0.008914324085633812,0.12109139272328125
-7.273392459473925,0.004162364135063741,0.011679312309446115,0.08058305850093654
-7.267239896049854,-0.009354968236378975,0.010312649585627083,0.08717447118085296
-7.255722648040797,-0.021908476553899176,0.005629014404629914,0.10982362941074543
-7.253425541237104,-0.02585792578784568,-0.0014921228743514769,0.11272501541196153
-7.242681261042171,-0.01777199304104215,0.00981616113004436,0.09883993639358353
-7.2371971021698664,-0.004401919538385336,0.012696506997375378,0.07457496790287114
-7.233343592567882,-0.006645598820465245,0.013720130245689466,0.07735336580663874
-7.227019236646978,-0.011503889661646798,0.011618687218447022,0.0780437534136734
-7.2249596050332086,-0.003686420243996262,0.007777908049188779,0.06654888387756056
-7.220565783382663,-0.01674819153997614,-0.0006949791522944331,0.12360192941534802
-7.21541741774466,-0.012741939874577928,0.006462283419428416,0.091028895175762
-7.21152592037037,-0.018318032124982998,0.0089392979714165,0.07840161658313483
-7.209624294866793,-0.024601148399913432,0.006668202288635654,0.0888216804049122
-7.204466961079092,-0.011393720683687145,-0.00016723403264925273,0.09348571241597456
-7.2026954328314625,0.0008209696061654078,0.01154444387019185,0.06167992135843243
-7.194092212600004,-0.014757573483230403,0.004319299304034252,0.08861469128512245
-7.189015467477899,-0.015740951670345272,0.001308769033291189,0.10084543971459278
-7.179264275295068,-0.022256133511615508,0.0011744112092056816,0.10565947631010404
-7.175677962668259,-0.02458636734685413,0.00222688559358418,0.09881716831916237
-7.166919803123219,-0.017271129791655945,0.004640930255167664,0.11653137278991745
-7.162640064761473,-0.011558284884812281,0.0030835082347986527,0.09186055960941805
-7.1583030834229495,-0.01303247665090509,0.007054279363340441,0.0985163893515491
-7.155615448629374,-0.012648998822650057,-0.0017541427007626697,0.10808538005345658
-7.146796787370337,-0.015845030033720262,0.004430766479404268,0.07598271707591811
-7.1439581406713195,-0.025905827245990415,0.0044769709639704905,0.09210724551333231
-7.1378817849153515,-0.019230541814170686,0.004157745520594661,0.08619425582191169
-7.131663626843796,-0.009719182306814211,0.008570664240293766,0.06479561461705104
-7.125626749936639,-0.014268818014851801,0.00416223811881505,0.07777669138452642
-7.1211306705537325,-0.0248956722810311,0.0014722955626228311,0.10187153609467904
-7.1178339094466,-0.011092051238457683,0.005325132154843253,0.08014926725429944
-7.114020706068539,-0.016464504303027778,0.0038020968229099854,0.08228566631563869
-7.10680678745529,-0.016446605685952666,0.003414140907246854,0.06954916270401501
-7.102448752064531,0.0030606598854000704,0.013153596297063426,0.04914422008876184
-7.098535502089083,-0.03268441749013069,-0.002575409823714785,0.10798064980465594
-7.095310950669053,-0.0171584453639449,0.00037773255751414497,0.09648295837130526
-7.0906979850868215,0.0009645441421098474,0.009435613738542431,0.057241458394566326
-7.084505031569337,-0.02072534631730922,0.0029914088159007915,0.07037612626066936
-7.081652533911379,-0.016744816512640332,0.00205622113685459,0.07258625971519948
-7.072697260245483,-0.02334307445229731,0.003449659042440237,0.0704898293981572
-7.068888472383772,-0.01692836728665291,0.0032778629011750294,0.060934529895586516
-7.063909552828163,-0.015585966591165797,0.004054893392444445,0.07227533182158402
-7.060834777166937,-0.020339524416702313,0.0024389411927295533,0.0814229992957148
-7.055197733464291,-0.02713738916251168,0.00095045530565942,0.08788966831635946
-7.052780885144355,-0.023192250216333598,0.00275690991167103,0.06704882412225373
-7.048448808476455,-0.01964987533404698,0.005401640918886536,0.0677080484896741
-7.039753505205796,-0.01842990236113926,-4.293934078964584e-05,0.07087706593723526
-7.034981596492304,-0.021329191098601978,-0.00026789558635540784,0.08786750824819055
-7.032319358575048,-0.020339610271027028,-0.0007998521093719498,0.07360536380893987
-7.029222668440643,-0.02070561827406257,0.0021740757421561696,0.0731760438304333
-7.023416395725052,-0.023506206358480643,0.0027211974293361585,0.08147473120064581
-7.0203498187405335,-0.02231392811181675,0.002052163840187349,0.07151696963125745
-7.01424151115608,-0.015478182129522372,0.0021508122419753575,0.06350309102390699
-7.013000271639441,-0.01708329497144985,0.00048108711721330964,0.06985741881808828
-7.006400797416098,-0.024076291216612176,0.0008759127870269155,0.07310340421806237
-6.999921535400387,-0.01687963706045088,0.003037963886463792,0.07155389921432108
-6.997581239262983,-0.029935073318991392,0.00037557182589987984,0.09023813870154002
-6.989558513922487,-0.02496759364975724,-0.0010687264530714865,0.08563302639627472
-6.98618912027596,-0.02578952926133269,0.0008669539755298699,0.0787233530998035
-6.982583311899792,-0.024531964740287862,0.0006275739163529902,0.08062619025971639
-6.978752071947528,-0.023767829383997467,-0.0034589859899870298,0.0845815397567418
-6.973929992588125,-0.02924369715516437,-0.003084822169388768,0.0823042236919919
-6.971229821674824,-0.02328966699783607,3.100564745352829e-05,0.08403694774558373
-6.965621963869822,-0.02660008115372728,-0.0005146682315504818,0.08037869019798712
-6.961774451004832,-0.019786231522133834,-0.0015811743659708034,0.08588262156046811
-6.9565218204058,-0.02668910940448299,-0.004023294525375121,0.09236866502996839
-6.948912115734632,-0.026296035794447892,-0.0036632169150786534,0.09509272756520791
-6.942895451366721,-0.019640626362520487,-1.7540584575885045e-05,0.07354470015171542
-6.940201416380168,-0.030200830138891424,0.0031390599744373325,0.08443930781482936
-6.937839644135925,-0.030668938956193183,-0.003737137070738629,0.10068373812073025
-6.932398303707165,-0.02830524073826,-0.0049899371084246805,0.10260494983231287
-6.928187706052483,-0.02695457945401816,-0.0029011196978424966,0.08194320308129953
-6.923316967450624,-0.025530183313669855,-0.003089593557550423,0.083538283513874
-6.916292265293337,-0.029009852479165644,-0.00047723054808933204,0.08733697308829125
-6.910397989299411,-0.031051711605760837,-0.000862310937374282,0.09276964931280805
-6.908509087589112,-0.03527290706934118,0.002762449755247233,0.07816876157683228
-6.906381114119429,-0.029368182034360344,0.00013015148675358038,0.0871054806236945
-6.902796530240562,-0.027134667125310253,-0.005188158379059942,0.0976433709718648
-6.8964373394950504,-0.03410061211289414,0.0010278627728696993,0.08415356972240075
-6.892793370091262,-0.029453385896272933,-0.0066852627136550396,0.09526446859793852
-6.887670225845209,-0.02581944235101142,0.0021513603504197546,0.07020547847905202
-6.8852859507737545,-0.03606217941685575,0.0004390407030523393,0.09223167574314142
-6.879336635295743,-0.030890547938154784,-0.002649569404713351,0.09344886236429825
-6.87702187788878,-0.025811721232735233,0.0003249949449233042,0.08451789994829957
-6.876406094647596,-0.031433266001821614,-0.0020057340629121784,0.08616153255395848
-6.872676004771045,-0.0298196151925928,-0.005518248196404189,0.09910492565667907
-6.861442806660443,-0.03149220163597819,-0.0034954548515540775,0.09446705447830661
-6.85699418810475,-0.027411515260779458,-0.005648045493257989,0.09151382295808734
-6.853918130666274,-0.03210323895460739,-0.0022850945660208627,0.0906536442657051
-6.852393332255552,-0.027420900403029556,-0.0046572889164494735,0.09553046610020706
-6.848793799856687,-0.029445285996230194,-0.0021982453661635397,0.09395643072970489
-6.844558857686739,-0.03538493160297148,0.0024289475052361176,0.08347377952389332
-6.838250352007323,-0.03098388074910775,-0.008042182346523654,0.10881759818964262
-6.833715012182009,-0.031793705095365776,-0.006956439227729869,0.10092706126042679
-6.83144055831462,-0.032204973860871434,-0.004098802783235217,0.10159672865325807
-6.820133907539799,-0.026550222226975513,-0.0057410756959570906,0.09724540931262282
-6.818148907208926,-0.032307877173658794,-0.0066432422543826145,0.10971075805595441
-6.817030097084324,-0.028062647522523743,-0.005255854119581649,0.10158181854583191
-6.808024363249307,-0.02614756586337496,-0.0033809373621805096,0.10406311032079382
-6.805145499771526,-0.032843424261977144,-0.009931586661138317,0.11866977467744709
-6.801570346832149,-0.026554342316668266,-0.0063648835140190365,0.11145777511070047
-6.794077333586084,-0.03477598066249909,-0.011563407308478572,0.12938143240198294
-6.7899778543513705,-0.025513268983088876,-0.006348798570477505,0.1082955793157839
-6.7853221658323575,-0.029323841923954253,-0.00432661017785919,0.10310360787804751
-6.783161185043223,-0.029361884325895194,-0.00696918990688657,0.1115604290274169
-6.775797967068504,-0.031514874552931615,-0.007591286462576978,0.10925713224611759
-6.771226851988733,-0.028731441859541042,-0.005850037128951318,0.10354837780658525
-6.768412303247739,-0.03187688945890043,-0.008885572510847397,0.12012853109391368
-6.7654342501981235,-0.029448738949137847,-0.005849563690677068,0.11257074227981366
-6.7606151316737275,-0.0295329677545671,-0.005495207660729882,0.1059321759695993
-6.757638691436863,-0.023802474961081708,-0.007662477512409388,0.10984184963814693
-6.7532028367940855,-0.026167161855929377,-0.005030826887141665,0.10443880957295722
-6.749798918059213,-0.02852685752666236,-0.005739482300379388,0.10255926302865528
-6.745691450778943,-0.02714655535538932,-0.005834311970234092,0.10678879233146645
-6.738225864459233,-0.030157188862988658,-0.006074195642173553,0.11448972735055964
-6.735308071442704,-0.02817784966108702,-0.006753217951862499,0.10980430298979263
-6.726296697601943,-0.03292676827685532,-0.009894915042588485,0.11980943055691398
-6.724362733150813,-0.03054188470065717,-0.009779973881071645,0.1208310609528153
-6.722813833649937,-0.02957862706291521,-0.004514501580768483,0.10670519810977348
-6.716775928076744,-0.033424717362106574,-0.010948024436284053,0.13030548714019746
-6.709566302519355,-0.024042000148532756,-0.0014703895092447428,0.0956223934648313
-6.705947653480976,-0.028918406400798274,-0.007003524459210149,0.11400237077130332
-6.704101553973197,-0.03226391463425848,-0.011850502292732408,0.12203511832107165
-6.701544782266402,-0.029744488916923245,-0.010148108433650665,0.12826843570709412
-6.69363021896769,-0.025276887358438135,-0.005434528690647938,0.105717976137648
-6.690931181708058,-0.030104569387455034,-0.009564898046625997,0.12364032845910675
-6.686092569887927,-0.031588030212214145,-0.006855993692618791,0.11799058844798574
-6.685137742889419,-0.03227275125991104,-0.009629329066912643,0.12276202151739544
-6.678674289350525,-0.023441769312114235,-0.005840713786992277,0.1097047564548337
-6.674373370100098,-0.027261152982799373,-0.009547259139116865,0.11943117245786614
-6.6705956324945115,-0.029217525415637494,-0.005526643213141886,0.11605251581588773
-6.668363759216701,-0.03280199785860868,-0.010542407477352389,0.12814347327829742
-6.6571883999861745,-0.03242995151983432,-0.012055418623261326,0.12918932000492922
-6.654316243833193,-0.0259534589492517,-0.008258126204689816,0.11455772199250125
-6.653261390110877,-0.030722367602292685,-0.007677002965110295,0.11371099788319419
-6.646094915915974,-0.034178478964583904,-0.008448453127822251,0.11560000382847903
-6.642993271340502,-0.0313690706519021,-0.007856231713303926,0.11718475817531876
-6.638473004169918,-0.027046787470980143,-0.00889478431479039,0.11944377473005686
-6.632596085516152,-0.032510944507222715,-0.009625733695522458,0.12431779954034339
-6.630689633313193,-0.027190783148214326,-0.009471718428105359,0.12176176068005938
-6.625273761495327,-0.028109404183155398,-0.006280265483478319,0.10947587841831671
-6.621800266560415,-0.024613684745938808,-0.00718903808135588,0.11592591894599154
-6.619222969645776,-0.030930835331444195,-0.00962061586777994,0.12295205846358087
-6.614346329112702,-0.02580510214671407,-0.00957956662155298,0.12013532937383979
-6.608930166683887,-0.028894636906323035,-0.009149789906030732,0.12189990952247383
-6.606594114390784,-0.03128039380271176,-0.008422378466141267,0.11833685386644735
-6.603420398802104,-0.027478973000117795,-0.007087372034206683,0.11421316478975073
-6.598448177401298,-0.03145325772843937,-0.009119511317832434,0.11764349447373261
-6.595267822134523,-0.0305946394998805,-0.009936209366245721,0.12390614511513288
-6.590450015957358,-0.03063693393151037,-0.008507003002468635,0.116102839500909
-6.5851978040932515,-0.02855012110682541,-0.009627801607002839,0.12412694873636611
-6.581771616116155,-0.03211134838886082,-0.007271839936291354,0.12143574480608188
-6.574714730797114,-0.031046748398321854,-0.008208376267444232,0.11705881217131196
-6.569428986737149,-0.028415209082629685,-0.009809688285133818,0.12538706763572138
-6.56587988866451,-0.030255738445512784,-0.0075541171509256955,0.11508323220780745
-6.560686141017634,-0.03076611354442337,-0.008719840722034754,0.12238238141995708
-6.557352332347102,-0.027145827051441453,-0.007708080884409673,0.11957276477773353
-6.552651555639618,-0.03127764299046241,-0.00872106894226474,0.11848219819555028
-6.551223031286168,-0.02864036566170555,-0.007417989293688379,0.11897652725730713
-6.5481161903914336,-0.029746213099184838,-0.006534062422133764,0.12065989076527688
-6.543236711408746,-0.030653540803029802,-0.008927802057522772,0.12219049799018186
-6.541993337742993,-0.030854423434817334,-0.008421993500035928,0.12217938678775082
-6.539245501969894,-0.029285434098588435,-0.00931669249926842,0.12409118453901612
-6.534167265110105,-0.031345612042199725,-0.007329251071144086,0.12482732930460695
-6.529745795989204,-0.024801812832671855,-0.0063862754902811025,0.11567494555466756
-6.526481520869918,-0.025844553840857064,-0.00613014102165483,0.11874507410279579
-6.52538893312467,-0.028243789030759938,-0.008545286589967616,0.12474171865804393
-6.520394098462144,-0.0315000276294443,-0.008048776053129368,0.1236061275931958
-6.5158023547844826,-0.02830720531583871,-0.008249419149250668,0.12421130593849175
-6.511179199377801,-0.02989210973558643,-0.005661425229527904,0.11571690204128403
-6.509189466452581,-0.02373606383648101,-0.00997361023726503,0.12455878693090262
-6.506502514180818,-0.028679920155436855,-0.005927258034231803,0.1205471467510987
-6.502433547516325,-0.02663253687330558,-0.006570053537716813,0.11714176220997007
-6.50028997156469,-0.02509029869951071,-0.0059588428417648226,0.11456013673316298
-6.494070537846388,-0.029952163378721763,-0.009222313012996341,0.12853300997251738
-6.4916346904956495,-0.028280752725508694,-0.005857255046560738,0.11275506902655316
-6.484300508497924,-0.032254385921033274,-0.010891999097583125,0.13213643690865498
-6.481611052902393,-0.0289762250524211,-0.007473276667028927,0.12648049563175745
-6.475635455535906,-0.028867717842293146,-0.007515198643858439,0.1235466721633322
-6.47126814872114,-0.02931760273775816,-0.008365973865680672,0.1226008626702306
-6.468201323775825,-0.027532126135705298,-0.008645206773907586,0.12986983236940572
-6.463262100227899,-0.03420993964714949,-0.010732392566401933,0.1331268634850756
-6.462170407999941,-0.023384032862022515,-0.006656628615341217,0.12299514814920773
-6.456048990722582,-0.03098406135153243,-0.008490318097322237,0.12867633680736684
-6.453793034034582,-0.03033652685560486,-0.00924510969039454,0.12867879024960205
-6.45206688066759,-0.02656705100521788,-0.004927089080095338,0.11607778576822776
-6.446707978963187,-0.027114538142770706,-0.009047201146897789,0.12906488293838342
-6.443145459583391,-0.026160047139275434,-0.0056603078620079015,0.121765955274706
-6.440100093295881,-0.024155309016327835,-0.007545125821981123,0.1212770761573133
-6.436114106751231,-0.03041485359663684,-0.010233649946003329,0.13052767994433997
-6.43126426324502,-0.02671615695455724,-0.005595149349348417,0.11800052399226002
-6.429809216994488,-0.02933850351426196,-0.008800502175069906,0.13200395606652887
-6.427652432332258,-0.02609671376391868,-0.0061049715558163,0.12297219116281095
-6.4254180744978,-0.02736581677796278,-0.009420612146759131,0.13049291678950087
-6.422342121740432,-0.026025260212921324,-0.006043383685307715,0.11800153938137174
-6.419771487407204,-0.027989867205707633,-0.00762900056082727,0.12565763464466814
-6.413519238839653,-0.022335731025677458,-0.007596554248315214,0.12499455737519691
-6.408636883063956,-0.03058008103341551,-0.008529204271594662,0.1277742456790038
-6.405660889229115,-0.024033974230296334,-0.005396685874814345,0.11959480213158365
-6.400762355136939,-0.02607037787971359,-0.0058586867844172994,0.12154967471582717
-6.398910490064025,-0.031982608947522896,-0.007342913327752406,0.12512523380872706
-6.396233323071286,-0.02437602152795459,-0.006080344088073748,0.12738027605860902
-6.391980187999979,-0.02837342161326019,-0.008686714985988964,0.1274078640594807
-6.3873946381400275,-0.025578517559454082,-0.007147370744572078,0.12545071196073396
-6.382936419046859,-0.024007829357088326,-0.006850912406508975,0.1257330694501076
-6.379921465875892,-0.033441070390108164,-0.01071877040466675,0.13109440933313057
-6.376961179465783,-0.02876119320071343,-0.006890739145431416,0.1268587906377358
-6.375316068239846,-0.02720876988235503,-0.008500479346969885,0.12986316327995506
-6.370517379111819,-0.02828185329379064,-0.008192504515319285,0.1307218377921252
-6.367557413315706,-0.028214054642295806,-0.00922122418905288,0.1329352516146334
-6.3653872996167635,-0.02497712821159379,-0.008528846370570357,0.13237813863982684
-6.359104152765545,-0.028651196754536045,-0.009526095635471469,0.13480700447608465
-6.355075888141906,-0.0265427472288959,-0.006589642801989454,0.12771361631517603
-6.3512678895543315,-0.025045871580352246,-0.01016346041003287,0.13568729955865005
-6.34865237416401,-0.020763298301102545,-0.0059466491623312336,0.12310190546783281
-6.344256870712322,-0.026097452927371215,-0.00834730146283054,0.13309138243156252
-6.340703759712196,-0.023074762740059464,-0.0065287155829383695,0.13028453321997277
-6.338040532431068,-0.022849107257292143,-0.008454258824937177,0.13213973614781954
-6.337010757909591,-0.030929139053868834,-0.012055745490631417,0.1429880352049614
-6.332418418101153,-0.02640815686489152,-0.006886831639060358,0.12749266078188892
-6.327486906102209,-0.02558855920821015,-0.0076632661248429955,0.1295668324047512
-6.325859480295582,-0.025275054249124733,-0.007587075919660885,0.13062974392057436
-6.322273020313985,-0.025987929254814603,-0.008483071901270615,0.13044517702172106
-6.321643539700067,-0.026636434751757997,-0.008758577579560048,0.1352702486442188
-6.316034029051768,-0.025207886672246767,-0.007428588771765404,0.1305371776457194
-6.312881621500705,-0.025414047805018873,-0.010261660246878225,0.13644313565101496
-6.309218165227566,-0.03091997956264716,-0.009251395012381623,0.1342017832250557
-6.308077027678878,-0.023445054500535047,-0.0056844548300813555,0.1276338031546977
-6.3053329976493036,-0.026324686928072473,-0.0075296213059124935,0.13005869440481435
-6.300811616619784,-0.026840467979670178,-0.009602239781172183,0.13979611685430354
-6.298769727546657,-0.023208720345445962,-0.008181748336619048,0.13324446429790715
-6.297262065325409,-0.024773510814430817,-0.007033639011215086,0.13083479502058482
-6.296717094936356,-0.023613219182830516,-0.005361843452131037,0.12563971676629906
-6.291271023135419,-0.02535478379579747,-0.010166386582671279,0.13903792584801633
-6.288246339951029,-0.024719934095092662,-0.007892983307692152,0.13305312951369033
-6.283000817458682,-0.028173781764944804,-0.00838054501152555,0.1355005840847587
-6.2802373700395195,-0.023507941598877397,-0.007987008545315227,0.13453459138788645
-6.277574963022711,-0.02462103098366568,-0.01032236245460851,0.14074981939525574
-6.2727795231001755,-0.025763416662630732,-0.007484322908896967,0.1333943060218465
-6.268004706802819,-0.026592786301327345,-0.009729319504544417,0.1393020957715518
-6.265048015082641,-0.027442403093397377,-0.00641625142036786,0.1296299771051971
-6.260456307544164,-0.025917794456390343,-0.008497838047408739,0.13367361358999524
-6.258666120110699,-0.024656472946282045,-0.005615355139668909,0.13298655546333948
-6.257680318336123,-0.0205329183523374,-0.007545622638246431,0.1361246811081551
-6.253505313078334,-0.026999245302516697,-0.012089551607629662,0.14516360366092984
-6.250236856965559,-0.025330484965358308,-0.011403882518134059,0.14277068540140098
-6.24241348805726,-0.021717004382960398,-0.004104355164373491,0.12731712517701652
-6.240917478774533,-0.02518465745061686,-0.007207459934675964,0.13571602406420524
-6.238000431799384,-0.026926912661286485,-0.01062811335984288,0.14393663566355522
-6.235095082368505,-0.028032026312601214,-0.012110971675843771,0.14801274534289235
-6.232474109378013,-0.02426166250439714,-0.0074948255046988314,0.13584981523997583
-6.229014000839398,-0.0247825010192696,-0.00899461959454569,0.14037302176339783
-6.223703669185959,-0.027029273062995306,-0.00887631618399798,0.14160611144101
-6.221658836742264,-0.026700709915721633,-0.010175255609555163,0.1422368655257607
-6.218765295171953,-0.02755800843084309,-0.008862381180864238,0.14091579144042599
-6.214852230118142,-0.026872075466197947,-0.008272818006208322,0.13842280839125395
-6.214235204695318,-0.03407510021435911,-0.012317702738920697,0.14991194495542384
-6.209467765647831,-0.027456750836416993,-0.01309830773189546,0.15178692449092235
-6.2063378130543905,-0.022738237247182658,-0.009596318350190116,0.14204422029491565
-6.200268163693125,-0.029075485625080496,-0.013646458290002442,0.15301690218197325
-6.198132943165801,-0.02306993364665655,-0.007428339643022111,0.13345511996119885
-6.195461792587227,-0.027037973232908307,-0.011158514046224791,0.1461467721586795
-6.19170754249985,-0.02612565571605577,-0.008614016774798679,0.1394022182955253
-6.188714158078393,-0.022684821061350086,-0.006929268362503017,0.13558023030589822
-6.1879757989249615,-0.024879409241467285,-0.008142768155369613,0.1421648572417771
-6.177382177981874,-0.02447901959247078,-0.01062441490060055,0.1449544864561201
-6.17661368984394,-0.0334428734337161,-0.011853781415616675,0.15059686279127957
-6.173106902653237,-0.022727405085211407,-0.006740564814515797,0.14151427058220517
-6.16939863349522,-0.0243137483397012,-0.008227994537180374,0.1391689119851888
-6.168314242275771,-0.030129379384080415,-0.009942377622870618,0.14644298811079037
-6.164184015728029,-0.029742342908898243,-0.00785065429671261,0.14117513402691698
-6.162629552233151,-0.02300869238813396,-0.007288189433546968,0.1390642513092688
-6.161689443787441,-0.019092818901510867,-0.00466361584525011,0.13281217130363787
-6.150939837334144,-0.021777992554278706,-0.011460460441638079,0.15005680669483853
-6.14900568838188,-0.024840833779148537,-0.005772182295386614,0.13386706727962705
-6.148546097070449,-0.032390706487767304,-0.011234632119247188,0.146736100799792
-6.1465161583578105,-0.025267673654847375,-0.0090045725543706,0.14325911912438496
-6.140426762967641,-0.02756479924951579,-0.00711721958125751,0.13913562773948288
-6.1374392990139155,-0.023964748419135134,-0.005156774990141814,0.13772777897069455
-6.132717934495335,-0.025294775692815193,-0.0100564239842901,0.14952821075426362
-6.1300993895964275,-0.028610885798688923,-0.01183285650712227,0.15316720755561636
-6.128808484962027,-0.024609008049235596,-0.0069498516189197695,0.1428850265515117
-6.126108609085717,-0.030474602503377395,-0.009927037300238337,0.14713430444812153
-6.123975040528517,-0.027214699839631807,-0.007904312303602468,0.14234937894883165
-6.11910260294484,-0.027992520060375743,-0.009679924238572429,0.1458549457079887
-6.114396066836265,-0.023797908251719943,-0.006002411884068089,0.14058912038865662
-6.1129205424496185,-0.028070022517568575,-0.008893818908076386,0.1453177547779121
-6.11034596962294,-0.026082992920528434,-0.009876515818381589,0.14633683832702157
-6.109465467846492,-0.0244239875004936,-0.0053926317684153124,0.13921579261401715
-6.104231448117333,-0.025161601757740844,-0.009440107527308292,0.14500958536864547
-6.10258701910044,-0.027666214348923825,-0.007295757073075497,0.14220566493371556
-6.095826461604145,-0.025304031015735556,-0.009332961657704707,0.14474877939995942
-6.094918167809341,-0.0300617861994368,-0.009505622068074848,0.14593126517889096
-6.093779633491962,-0.022830051242788276,-0.008649783567896406,0.14602866096354902
-6.08965666531801,-0.026882812229359246,-0.010555768159208768,0.15044607781259337
-6.088570163902826,-0.031143773400139938,-0.006456529325696422,0.14449624986940332
-6.081833002951425,-0.027474835262452167,-0.0032415306937359327,0.13307377577066634
-6.079182633659737,-0.02419907705805652,-0.0072256889291616834,0.1469219708907017
-6.07770649157489,-0.020252759594219124,-0.008694470714038368,0.14662435554935827
-6.073570393080314,-0.024047501290738377,-0.009497403638538838,0.15086483338010956
-6.071152603870209,-0.0279132644951086,-0.011275817906570194,0.1526714755677902
-6.067450803953558,-0.024961936084289735,-0.009548854184453276,0.15000197924058256
-6.066741510526142,-0.025814057895558903,-0.006614295317995341,0.14062553274566836
-6.06200673817756,-0.02132067672754754,-0.006546474485406821,0.14489652885894447
-6.058741021154521,-0.02295433069022626,-0.0054270792570584965,0.1412900406740684
-6.0569596012587175,-0.025496555708044044,-0.00602301264161365,0.1437236864153807
-6.054073790622473,-0.022408460867606037,-0.0070754178120931,0.1436305843876751
-6.048207255188278,-0.02823546615516653,-0.012543446912845035,0.1560514312010295
-6.042484342224103,-0.025479570921083765,-0.00845545529386653,0.1493969072870311
-6.041270632746521,-0.023516358212111645,-0.0071504745125817275,0.14373260244582403
-6.037127733572489,-0.026179431146527442,-0.007950289236671714,0.1470803870668554
-6.035830176406667,-0.022225006681981366,-0.0042808932986333915,0.1368928220271158
-6.031647573141447,-0.023127180957236673,-0.009262255851780388,0.1538883502197357
-6.0300725664124,-0.023071359204785098,-0.008525561995361204,0.14670936753705746
-6.026744374187289,-0.02563960975942637,-0.0074511810069385325,0.14821037872490295
-6.023362476988662,-0.021985965984188553,-0.009034688946741637,0.15066753489239923
-6.020627342909153,-0.02240439465663485,-0.008366958165699144,0.14934914610683503
-6.017850259685897,-0.027456946688327745,-0.007735785415550368,0.14861384386701057
-6.0161865433938395,-0.023152601702431403,-0.008345751390033547,0.15099879323498586
-6.013697611486533,-0.02169721641266977,-0.006654389348755128,0.1476725067403816
-6.009613307886623,-0.028143348517379485,-0.012167422310798493,0.16060840672731203
-6.005915093552815,-0.02623721912803049,-0.009239261590700137,0.14919754054466866
-6.0013809289799545,-0.02522771687736748,-0.005437163594790091,0.14479874961040098
-5.998931093364022,-0.027285838117487096,-0.010384581256588764,0.15221690926339884
-5.9971570062483535,-0.01841573209837437,-0.007507003569532451,0.15267975022112149
-5.9909928438775335,-0.023207702837239417,-0.006341663422052064,0.1454961260380338
-5.9889828888371754,-0.025375060599502067,-0.008979565289391834,0.15334239385153925
-5.986407872951002,-0.02255787334109671,-0.006406987824716065,0.14751121414311463
-5.984500395994542,-0.024827551349759093,-0.007306604901667363,0.14639778552026209
-5.981052070779636,-0.0247140475577176,-0.010347024560789023,0.15621336896862492
-5.975177260081171,-0.026566515736991453,-0.006475020408243439,0.14931338655270224
-5.9745908813800614,-0.0256478705753686,-0.006472961015084784,0.14671450899829286
-5.972089635482481,-0.02348936322128863,-0.00609969837535107,0.14718765469959658
-5.969135543284803,-0.02151488088907261,-0.007687609854133013,0.15139992393719123
-5.965531188650007,-0.023799003469632735,-0.008030456442848381,0.15288353421726997
-5.9604855771574625,-0.028685033877013898,-0.011399271435424898,0.15694719156401093
-5.959322068866858,-0.026654103789501993,-0.006830731008559904,0.14859484361267625
-5.958866653570216,-0.02041902265417123,-0.007905110954881738,0.1503314033560891
-5.953187691066801,-0.02485851305434059,-0.007474844773217499,0.14795898898806994
-5.952532180951151,-0.02483745542949941,-0.009082689393706874,0.1535180462111811
-5.951345479058862,-0.018371835768115817,-0.005366385972128186,0.14772995154113436
-5.947790533418421,-0.027038504116143815,-0.0073469793544039715,0.1504946306347317
-5.940967020789033,-0.02606072356809546,-0.008019271042972233,0.1516793509798257
-5.9382014723752095,-0.02551434908606975,-0.005340798084999258,0.14635105314323532
-5.935603608265867,-0.025415210111045514,-0.006758898538638535,0.14840463642053991
-5.931173348406174,-0.02696674767592634,-0.007910541471381753,0.1532280083501147
-5.925095095646545,-0.025761987110982074,-0.010000058419148484,0.15671017938731607
-5.924121955585695,-0.021166557771908928,-0.007532115335547708,0.15130627319031378
-5.922969222547056,-0.02163354560649654,-0.0036831894763012336,0.1430253528699846
-5.918382633063755,-0.021623775059430708,-0.007364682595038308,0.15501146255705245
-5.918018351201,-0.023896644520697473,-0.006444854345645773,0.1491589322920005
-5.9154451775645285,-0.026096930273006393,-0.009797081114320904,0.15509821046414363
-5.912149490678311,-0.028548481208672705,-0.009161040900479561,0.1559976415417112
-5.907706265143204,-0.024557443654342946,-0.006857806055136504,0.15304939675013904
-5.903716486503251,-0.025746789993093867,-0.00802947657166245,0.15327958666517982
-5.901852234299983,-0.01985471915419576,-0.007863662184542822,0.1505091632333574
-5.89793349994056,-0.025845366974418187,-0.008396308303354359,0.15483704941415202
-5.894237183708829,-0.026192688288903292,-0.004672191817168924,0.14503237348320164
-5.891355899430907,-0.025686432475402074,-0.0074323382163771,0.15167877297742033
-5.8887372160067715,-0.02361850784168094,-0.0033233659093222494,0.14717853368218609
-5.8861236177902745,-0.02000254851563562,-0.006791205233799592,0.15236151928406277
-5.884191828563006,-0.025176316934378263,-0.005376686603212596,0.1480103707416214
-5.880468011213046,-0.023998287572977797,-0.008033415464622289,0.15468241506216898
-5.877268476860073,-0.02207017179671475,-0.007277607056997925,0.1547240367275637
-5.872933313170046,-0.020227132566526522,-0.007315277898610536,0.15466132383038356
-5.870174236752001,-0.024876612107932225,-0.00479041550158934,0.15080048388462547
-5.867263153166818,-0.022968684409726915,-0.008100265715018467,0.15593239659396133
-5.861628295890548,-0.030482174114725084,-0.008919252825880073,0.15684473283040193
-5.8603930226093475,-0.02346622949325496,-0.007329274150398051,0.15353815360674178
-5.856077306603215,-0.023608653189189255,-0.00858451425125161,0.1521158409563322
-5.854792680591823,-0.02650475938946529,-0.0060173932924479576,0.14897815775924703
-5.852670328231485,-0.01894418711274036,-0.0050439326306628346,0.15271404605630803
-5.845616818186935,-0.023716954491582787,-0.005054443150230168,0.15045989002527366
-5.843772197831717,-0.024330542645518937,-0.01002211530026103,0.15885756081029329
-5.843391207212913,-0.02073385770507341,-0.009569600521514702,0.16228583009932737
-5.841132148430287,-0.022479977913872743,-0.006721642664423739,0.15632049116557026
-5.83514739240945,-0.022204140201573228,-0.008123638090922489,0.1572799226689651
-5.833851506872724,-0.02452429188836791,-0.006808195078571566,0.1522407205678813
-5.832122679030653,-0.020894400876407006,-0.006053477129606388,0.1544746071605534
-5.8289753375188775,-0.026101815374389607,-0.009633381817785495,0.1618750483756024
-5.824203264146523,-0.02430783383066477,-0.00828568589839061,0.15636976735739072
-5.821772158469521,-0.022121322483620292,-0.009222408296332465,0.15757647506683237
-5.819677446154624,-0.027156676114508484,-0.006103329223576182,0.1536046959900279
-5.8143605252902155,-0.02452661718460732,-0.0067423634221645224,0.15378483361782433
-5.811063448890273,-0.019845344075795354,-0.007507515053086942,0.15614121278054122
-5.8101016988366165,-0.021809060682602334,-0.011314397311353858,0.16774102439213365
-5.807702997208866,-0.023353833669974584,-0.008125241702358933,0.15552422788814316
-5.806884250615614,-0.02614368291820505,-0.00798341634589247,0.15834692511619392
-5.798822174713015,-0.01994073164644322,-0.006104059257433178,0.15763471607022694
-5.798099207370528,-0.022764041028225723,-0.007916590950015127,0.16083249160276505
-5.794102408734694,-0.02429950511549115,-0.00919982938216302,0.15690585285182573
-5.791271227804222,-0.02313879041375853,-0.007623691388726444,0.15770723404240342
-5.789061752087353,-0.02093143898003833,-0.006091010036924647,0.15448265104020667
-5.788180317160135,-0.02060893787356338,-0.0060143773546682535,0.1541733426509634
-5.783833970606113,-0.022209904385234323,-0.008153043249093286,0.15859887979683962
-5.781928054258761,-0.025097180687455756,-0.006901312645701726,0.15497931458822226
-5.779591514236037,-0.02428238999380691,-0.006698928545932557,0.15743081852734242
-5.777551531178392,-0.020846086757563713,-0.0060104712777349755,0.15523198570793315
-5.77414698625369,-0.025739410858267312,-0.010596471762901322,0.16207314874251713
-5.7708161511496465,-0.0197058542724967,-0.007816784789996844,0.15718179399492374
-5.766602667341892,-0.021879617515216797,-0.0064917580098110255,0.15562618800134878
-5.764482610484366,-0.023589243521603527,-0.004015685066413662,0.1546484135439801
-5.764270834590433,-0.018802098478028696,-0.006187044208032295,0.1610205512930954
-5.761888967121125,-0.024227870995297347,-0.006679751372272488,0.15376514983113393
-5.760152469800957,-0.023644370445075415,-0.007808082364524338,0.15854198682575676
-5.755593369284897,-0.01897466655341056,-0.004311782989375702,0.15233939895863988
-5.750938019233931,-0.017479828861573805,-0.004525166646538893,0.1543254279850337
-5.746791303959195,-0.020426720454151313,-0.003844043265224143,0.15520562297196713
-5.745260335368871,-0.023173844525985393,-0.004342494531456494,0.15048003387421108
-5.740694597427904,-0.026775574998061328,-0.007555868410160846,0.15906278552091935
-5.737055772997709,-0.018140270583998266,-0.006706485192637418,0.15898432011909766
-5.735789078503441,-0.024687520976845834,-0.008341501130283447,0.15750680895151176
-5.733429372971472,-0.019380562729403847,-0.007800130747596147,0.1600076284855864
-5.7303124670190355,-0.019611106570530498,-0.007427636080664809,0.16093495077496314
-5.727617974135292,-0.02378636431038611,-0.0070125533775068135,0.16041989931639547
-5.722913271758026,-0.0216645016653367,-0.010704296415203278,0.1631602455882253
-5.721277182830513,-0.019780438857243638,-0.005427948014738336,0.15864926430157233
-5.720200957989746,-0.022576880708559743,-0.007753698360961974,0.1612180437547318
-5.717420151541819,-0.023721315258984237,-0.01125043573500525,0.16856894120989138
-5.716017436775566,-0.02404377377968884,-0.005436549971761619,0.1585600311973228
-5.713195799532053,-0.018921700034053128,-0.0070053798275611645,0.15917721207465924
-5.712123961672216,-0.025288220882661475,-0.0101563825501777,0.16433597491529126
-5.705440857192928,-0.02218206938019303,-0.0049452118960977955,0.15709104219752895
-5.704449255051171,-0.023712400596763453,-0.006027521576185256,0.1589709698570711
-5.700160817465781,-0.021360859128287644,-0.00674896015015482,0.15466795932149707
-5.69973234441047,-0.019803489728063277,-0.004572067672710544,0.1539558824627691
-5.69505777834221,-0.020306077450688197,-0.009927997291857385,0.165952617010514
-5.691878412787379,-0.019978241090880828,-0.004991106905133005,0.15861482596165133
-5.687955080728899,-0.018208783810355865,-0.006486281346476499,0.16019975344539916
-5.6868455974624235,-0.01688013491198902,-0.0037434213847138743,0.15718029107051865
-5.685600860409267,-0.0225985221333907,-0.0077545661771023225,0.15989816808969146
-5.68173745670225,-0.021946917587672157,-0.00725150002058844,0.16015630037960485
-5.675846832487516,-0.0205693297388007,-0.005235991613075827,0.15640346834051047
-5.673490494119929,-0.025727060265709603,-0.007572292350749931,0.16076881725059758
-5.672796826368734,-0.01825394159844199,-0.0029626226189213185,0.15523244002357808
-5.668886286068198,-0.02195432517962625,-0.005396957713533243,0.15810796260625373
-5.668011635243997,-0.01712592711633285,-0.004531625971438878,0.15860234718276833
-5.663499012177305,-0.022040209196190992,-0.005321481410959739,0.1575064555937275
-5.6577540474373365,-0.016641333838598883,-0.004861013956210049,0.15852212423947856
-5.6545673362919215,-0.01804698050363334,-0.004816385531612779,0.1572241481625465
-5.650994498103684,-0.014271847474591023,-0.004151013078830009,0.15586383788761976
-5.647843316665557,-0.015221126232860198,-0.002691540357876828,0.1587316346441988
-5.64659808913425,-0.020213900628594326,-0.0029081186786931836,0.15353422606047137
-5.638586343986049,-0.020572409199983877,-0.0034934283225993784,0.15544770112980386
-5.636143213556346,-0.019070001315858162,-0.004543579076995417,0.15675971739592745
-5.634710430779637,-0.018746796498910773,-0.005296539488942976,0.15935869291427393
-5.634156997037475,-0.019039557773829045,-0.004449203211820823,0.1583607018935571
-5.630914898510652,-0.018256705996686867,-0.004502685977150117,0.15981584203874985
-5.622897480631163,-0.016232123112901824,-0.003690320431068106,0.15390896071883423
-5.621040990830353,-0.019382091046655538,-0.006052635866714407,0.1574419650013326
-5.61809422788,-0.02025330111310041,-0.00451338210054816,0.15761760570832287
-5.6128256709831446,-0.01864675781406826,-0.00681833681572137,0.1611925723752636
-5.611572105893737,-0.01482826854048596,-0.0040358596117664085,0.15987271605885017
-5.610045598311346,-0.015830207974887947,-0.002669832497005838,0.15759932823539463
-5.607744435062263,-0.015419285040076417,-0.002763728793437952,0.1560003919286521
-5.6031689869960815,-0.0164225300928625,-0.00583584291803393,0.16366948746855503
-5.601787394037484,-0.01715800480535824,-0.00621734412215943,0.16219243447604414
-5.598843057216451,-0.01763674625431956,-0.006114306745156785,0.16099476040430327
-5.596785915905331,-0.01477867867496737,-0.004202938577876634,0.15676287115992166
-5.590368939522482,-0.02075134195554518,-0.005218781108911335,0.16139999684137324
-5.589417366527144,-0.016488292579405744,-0.004093786783702713,0.1604293746146954
-5.587838118694551,-0.014279831418886797,-0.005072696845672089,0.16079681954625372
-5.5857106664222576,-0.014544199846012029,-0.0030574487292944737,0.162211011804293
-5.58495294045004,-0.017073106755304997,-0.004645480014056801,0.1575827156686868
-5.570264498244923,-0.01729447035902816,-0.006776805401674925,0.16425071867216295
-5.569859568261425,-0.019692706974443114,-0.0022298252819173674,0.15621222504176305
-5.567178918521222,-0.015454303177335116,-0.004392557024724451,0.1609823892296059
-5.563886206751407,-0.019189297389769225,-0.00395550046325223,0.16043500979383668
-5.563033168546164,-0.019621282965878093,-0.003201965250410035,0.1592012733525934
-5.558476415559394,-0.015060072200705689,-0.0025267252502307602,0.15596151350067813
-5.558001975895781,-0.015766253898130533,-0.004808307185861108,0.16199685370669176
-5.557565167070692,-0.018103223062403164,-0.0045714549778110465,0.1609985148722
-5.552000211080924,-0.01733612002209242,-0.0031243502459983763,0.1585274115733132
-5.54625261916263,-0.016917613221429796,-0.004013483503422555,0.16013092137639884
-5.5452982020309,-0.01972864777797138,-0.005127191615758224,0.16167322871715
-5.540606047420358,-0.01998545628290312,-0.006780830451600867,0.16257199727143634
-5.5386637330602495,-0.016838936912707176,-0.0036963093967545923,0.16365880434201552
-5.53364477707784,-0.01760507189843932,-0.004459114946262216,0.16042299052307737
-5.532951856970825,-0.0163142188482219,-0.007683166350644567,0.1658558179587717
-5.5283738905816335,-0.01598990254024223,-0.006419503174975931,0.16433165565706878
-5.525472899438281,-0.021413371509071192,-0.006863550510031816,0.16538938425313673
-5.519417963232426,-0.020089420331275063,-0.007643177719082936,0.165005098104185
-5.517535980321685,-0.0136042927689068,-0.004311759720502826,0.1620859881079775
-5.513656753861377,-0.01604377301649999,-0.005660684151736776,0.16303079180666288
-5.5117434205926505,-0.01633895189232998,-0.007484066825790398,0.1647880762314519
-5.507878985577284,-0.016195525054496403,-0.0032198526012622362,0.1616114718246885
-5.503194385151917,-0.015409844355962246,-0.00433487384887648,0.15980881736243283
-5.500057416922235,-0.013485251043928193,-0.003500050761537313,0.16280972194101082
-5.497454841632945,-0.01615147653079334,-0.005075569235326993,0.16162641246072454
-5.494864385916653,-0.016655663676212316,-0.006113606021905142,0.16556567060599514
-5.493088656526046,-0.015146980542532162,-0.003909263060647513,0.16455984926617842
-5.491378472590396,-0.012085378925140486,-0.0034507743204368656,0.16245176168018502
-5.486112361062078,-0.013867200640837444,-0.004480515575400867,0.1655552781548158
-5.48538652510563,-0.01763540320337439,-0.004046363951788457,0.16449995293831274
-5.47945335136767,-0.016127662398118477,-0.006643724737976423,0.16308578339034996
-5.477241196984843,-0.013139803240417589,-0.006076191694488396,0.16726571094782322
-5.473428794562031,-0.01556887955301586,-0.00586904249092536,0.16300934549075644
-5.47151642785868,-0.017669010676657545,-0.0026963606130625786,0.1586303185107813
-5.467667407172291,-0.016155064433273057,-0.00801850960625023,0.16753431976873737
-5.4646875821594625,-0.014963444061776332,-0.005569537781685331,0.16830445552680984
-5.4634903702702715,-0.014011695263514206,-0.005372426710529675,0.16702648751787177
-5.46025597637376,-0.018792555838853774,-0.004087380717821815,0.15793026516248726
-5.4579603913072905,-0.014136956295239344,-0.004563008921971729,0.1644950738776087
-5.451357990258954,-0.016781824267570845,-0.00482248175357026,0.16157234779200552
-5.450664893092618,-0.014589053899071568,-0.003757024486325133,0.16410832550621643
-5.447492665096965,-0.013226358783230713,-0.0029104356751577663,0.1646693965472898
-5.443849968887265,-0.016312986428426022,-0.0022794439494664507,0.16187882083700503
-5.438869904019015,-0.011727396389381152,-0.003253130387846151,0.16189216951314184
-5.438036315839916,-0.013749697564112531,-0.0035763917425060666,0.1649721176830462
-5.4352892937071005,-0.014670077192239664,-0.0040708036642063536,0.16250191623731136
-5.43423588036851,-0.013557395837741756,-0.005497399632182957,0.1659509512247165
-5.428522035474793,-0.013396640772504399,-0.00413050587936672,0.16324866715109232
-5.42397417569604,-0.013376550269193774,-0.003137060293121483,0.16172586362348013
-5.41805113653617,-0.014757429799588365,-0.005162391548341615,0.1624581713535425
-5.415485628626855,-0.017198303891295747,-0.0042358629947873115,0.1610419066692012
-5.412408392034687,-0.015191334212448915,-0.006062962575518614,0.1653043422281344
-5.410342292770073,-0.01258718970448302,-0.003687643138635232,0.1661141945434188
-5.407692997489386,-0.013427375919274594,-0.003933939746555678,0.1624886138160806
-5.401570627313866,-0.015357539080063497,-0.005003711489801906,0.16735153765571673
-5.397145850867194,-0.01289530120547181,-0.005801550594449222,0.16506727684856565
-5.396076197344922,-0.009395974506532772,-0.003626468827341712,0.1658794935403229
-5.39103382806286,-0.013670037814253636,-0.001216391056086961,0.15754309688841467
-5.388464525863719,-0.01227406056284568,-0.004031611751498611,0.16536701999247228
-5.382263413741613,-0.012241593186744504,-0.004148380644150745,0.16443827785730492
-5.379599592753356,-0.012729591050285472,-0.003616232613617191,0.16639535809733555
-5.376355153242073,-0.01297067095677464,-0.007502352527555595,0.17126888167733828
-5.374835540139685,-0.015000384025672386,-0.0022582051446978133,0.1613046721529642
-5.3687998385943505,-0.011812568788984798,-0.004202957795359267,0.16739537384894043
-5.367825782874822,-0.010350507526088303,-0.0037709766266220564,0.16509124778408893
-5.364959834475682,-0.011617891870606948,-0.004097113512267307,0.16627958854545427
-5.36304568009865,-0.012332671161052482,-0.0037446579850199057,0.1642759923359663
-5.359969675153551,-0.011569389807896546,-0.004490475135746185,0.16738740479462447
-5.356744879554184,-0.013480151373910869,-0.0034069045501354295,0.16272071118035433
-5.350759592479877,-0.014458570511998045,-0.0044542704656988395,0.15970398103703912
-5.343959587509239,-0.010579500822283636,-0.00221867340222123,0.1669146114637063
-5.341179898811162,-0.011267082787341304,-0.004663757519938544,0.16832699209986487
-5.33424896691283,-0.009989989320272785,-0.0028944784632584093,0.1641714168379001
-5.333126839500679,-0.01091096418120758,-0.0035289361840669946,0.1661092773211988
-5.330112405063934,-0.010039801858976603,-0.002719222692184289,0.1642994783037945
-5.325790740002623,-0.011911829428173178,-0.0030438877637960823,0.16476409648983634
-5.321494548534814,-0.010556243536117928,-0.0034389752123741807,0.16505967574332722
-5.3192167838899564,-0.011319994593691703,-0.005190777680173705,0.16738672518530254
-5.314433231079506,-0.01132051087513067,-0.0041673580778425375,0.16545078027472657
-5.31249161059975,-0.01277881510052415,-0.0036270231135235396,0.16466466111446082
-5.309229976924365,-0.013355778908830055,-0.00496218252006767,0.16785422542540215
-5.305528733883197,-0.015670526939472948,-0.004146107083760557,0.1650035029682087
-5.302781369083119,-0.01350836627951731,-0.005507477157862666,0.16796687151423972
-5.299593591671453,-0.015103710823208095,-0.003949192981749157,0.16405633961278387
-5.2972292492253334,-0.013237163621345896,-0.0039530005119904985,0.16544303217495418
-5.2906450270614345,-0.012257666388701193,-0.0022704827086475195,0.1665381173436909
-5.289285925194708,-0.009187252236463783,-0.0028269965266592453,0.16668729747924865
-5.284913509032141,-0.012042522164382698,-0.00327724672983619,0.16496476225051165
-5.281216886901021,-0.011261310471977011,-0.005220330221942294,0.16237853945941486
-5.278254727579717,-0.011987936587270837,-0.0016142066570962307,0.1631205824524491
-5.269760010006935,-0.01298532854448159,-0.005141515068447261,0.16479426292421878
-5.26838063953433,-0.01000422091173253,-0.002918755887874786,0.16471333391558834
-5.266123306211126,-0.01080898239816348,-0.0021836874238038394,0.15861631342121504
-5.262848483273302,-0.014203683210619728,-0.0018508801284548117,0.16203765929292463
-5.259567763192552,-0.012522635774318306,-0.003039331077061112,0.16364080098017492
-5.25666169269416,-0.009972775971452161,-0.0028762245025407964,0.16233446848975344
-5.25131598969878,-0.008959933427001276,-0.0016495787677061973,0.16392147194124504
-5.249660801390327,-0.01106387815768227,-0.002732521060209374,0.16062555153446076
-5.249208681014436,-0.011136931666560166,-0.003214817393798364,0.16492751316818668
-5.24559579187495,-0.013935107432688413,-0.003542344466553137,0.16519365473742859
-5.238036518589751,-0.01311261314521225,-0.003239019331249214,0.1623067262203743
-5.234334651899205,-0.011720689640099232,-0.0018466743822322894,0.16075901724879052
-5.23044513859819,-0.013168370079849395,-0.005794801549644286,0.16819128257306806
-5.22893334523901,-0.0103664200221962,-0.0020682850919881727,0.16106467158772136
-5.218575818334436,-0.012100222245690016,-0.0032734922888775727,0.16447958208372265
-5.213199934145531,-0.010218498270116567,-0.0034762752821410263,0.16675810720184278
-5.2087442292377055,-0.008612576956006222,-0.003390724543741161,0.16291118227607024
-5.203022299642218,-0.01162487410181993,-0.003451008701782428,0.16822057537474294
-5.199066177447815,-0.011604717268378176,-0.0022689666592264008,0.16114644780868626
-5.195159113409901,-0.010694779244794396,-0.002524873814822489,0.16533139638155903
-5.192035526923845,-0.011450651199913646,-0.0021329411068943867,0.1645434527549216
-5.186847292376112,-0.012607500331967423,-0.004784864778942013,0.16469238562470112
-5.18472235146812,-0.009028382784200522,-0.0034158637144022304,0.16506067737585903
-5.178160782458917,-0.008985678474707638,-0.004035498781142594,0.16176573597887525
-5.172951125408711,-0.0099243167907567,-0.0011814714777228408,0.16190317957675202
-5.1696481885630865,-0.011476612947567681,-0.005046846084450712,0.16888729712000758
-5.166267968491586,-0.011651981605911778,-0.0034868948169265376,0.1657830860541497
-5.159355521749776,-0.01063265777370371,-0.0027535621726127997,0.1619941267842812
-5.151839574192461,-0.01769482596249406,-0.002468161821952575,0.16219551685512218
-5.1486447504489785,-0.009607312378535866,-0.004662028583340422,0.16632488512886565
-5.14719841636458,-0.008503921996497426,-0.003697497289419749,0.15982139564852624
-5.143330322405723,-0.009454213675587303,-0.0037616521056171356,0.1658084242731926
-5.138810819732022,-0.010469283133904508,-0.003835445101051061,0.16875218972520736
-5.134700856594943,-0.00973721036603417,-0.0027213328118641865,0.1604342270549405
-5.126519912929248,-0.008494839852405092,-0.002228033146070849,0.1614714749026055
-5.124593908945629,-0.00893507975475635,-0.001999766093218438,0.1627804357192453
-5.121036250016602,-0.008800929843459012,-0.004322433990276268,0.16820081734154183
-5.111680138790266,-0.007552933680266318,-0.0014795370798567885,0.1631271843147434
-5.108321780102426,-0.011098561517985623,-0.004513215807919054,0.1689465025659288
-5.101920682323066,-0.008518366653788065,-0.0035426682791406356,0.16527574490569946
-5.097464663100408,-0.0109307955318973,-0.0036197927369210495,0.16481130171985892
-5.093056516761199,-0.00924613204749694,-0.0032710808460698366,0.1657116334656437
-5.090085068821239,-0.010377166909445852,-0.0051615410557619154,0.16843358934984856
-5.084213411594792,-0.008765181438822262,-0.0031748457467854594,0.1657935649410621
-5.0752540488973725,-0.01313876640790733,-0.0029474150452572963,0.16248394617043527
-5.068561591956172,-0.008893684533270276,-0.004728934278799367,0.1684086842213183
-5.0670895824938,-0.009715218895403882,-0.00260009616401187,0.16485780320418245
-5.064202026465226,-0.007360691338607772,-0.002266819603454975,0.16169779060961958
-5.060961217149174,-0.008195941190233313,-0.003439533199944971,0.16650682558908708
-5.056768433626977,-0.009386243847651339,-0.0033025040682186048,0.16532392078283445
-5.046607000990081,-0.011789471905636579,-0.0017754952345958924,0.16046606276411554
-5.042345233997863,-0.008781225174515775,-0.0023549518042363126,0.16650299593956047
-5.0361035841236514,-0.008302353529356486,-0.002466341401861409,0.16454226758355803
-5.029294097057354,-0.008761024498397043,-0.004300909274251752,0.16654291217840908
-5.025848452297711,-0.008722035218322982,-0.0024263887601766554,0.16161977498576444
-5.013758636418423,-0.00800938268879989,-0.0031336123134912803,0.1626951897380549
-5.009746809479869,-0.01041827528962724,-0.004288710010848036,0.1679049371809869
-5.006481132441322,-0.011205043540983891,-0.003771642484905357,0.1636851418461886
-5.002139785915979,-0.00651497022985158,-0.003214322722963943,0.16135676046456254
-4.99359574912271,-0.008127050217739623,-0.0029363728383932004,0.15834220553143
-4.992369089323875,-0.008704908690919852,-0.0037464244408258883,0.16243758844278763
-4.984022518666915,-0.007696988135232203,-0.0007643833158085872,0.16233554739082096
-4.979659280526683,-0.007590896812341284,-0.0020559935492114297,0.15361226295958277
-4.970863774099475,-0.00810509308387029,-0.0034369216317652446,0.1632961264674227
-4.9650462452348005,-0.006683104589614866,-0.0023090765140488397,0.16016666624498946
-4.958748883196969,-0.005966793658577555,-0.002018715568087138,0.15809127826528227
-4.945988344564465,-0.013554860818280588,-0.0028178605082756505,0.16372016344084625
-4.943650729210786,-0.008171734179576512,-0.0030671280539905682,0.16463195499939076
-4.938521477459287,-0.009054001900189634,-0.0031631508079127913,0.1617609009745227
-4.931854645087224,-0.00820285717847133,-0.0023480451568714217,0.15603971912184664
-4.926876541494296,-0.007420369089425697,-0.003686289552252229,0.15893618673801457
-4.909603461034496,-0.006289987815558156,-0.002095288514419267,0.1609254379273903
-4.905911884534667,-0.007312470695147524,-0.003814636586031911,0.16103184621827232
-4.901104144002771,-0.00909429417207074,-0.0026750619393858172,0.15832679418201637
-4.883969936871942,-0.008846194019329635,-0.004075251822630893,0.16104660144270047
-4.877910504841096,-0.006701877535604622,-0.0023070199498900048,0.15978448823107
-4.868143061709187,-0.007692880572988155,-0.0023883926654218305,0.16040699194581937
-4.863116908628908,-0.011196468922402659,-0.005019499146488582,0.16351010820991127
-4.848354186948668,-0.01258447208456453,-0.005408569499121487,0.16178885676207982
-4.842537696073611,-0.010135404357051302,-0.0034541559859809735,0.15963469228732377
-4.828481262498923,-0.006121790947506071,-0.0038145009239629454,0.15922719833364682
-4.816501262333346,-0.0074616441633227025,-0.004481085893585728,0.15678658531628578
-4.8057622441144465,-0.0057778555089174274,-0.0032585701325395238,0.15963832111597218
-4.80026573333016,-0.006781974650761484,-0.003942293528254062,0.16214689215013595
-4.791844137988986,-0.006489951719935443,-0.0018645550075576387,0.15698657722120293
-4.767048688761896,-0.005777700491596231,-0.002909952813256299,0.15658357272461984
-4.763452763169444,-0.007580112916996409,-0.004200812875003791,0.15777709128422238
-4.737435392674794,-0.006285400238182827,-0.003080430402936995,0.1564850821792549
-4.725846531125163,-0.004840835309310672,-0.002637572851474539,0.15977472238860566
-4.71610347610468,-0.013648023482425626,-0.006096316495931845,0.15734777999838823
-4.706283954674708,-0.005683137243684442,-0.00408596090366809,0.14777365104467852
-4.700202196908121,-0.006635743987643012,-0.0039948359358210565,0.14819149883641844
-4.676349924735368,-0.0037870318920922327,-0.0026689832810426494,0.15946540434031758
-4.65809590824628,-0.004221832082246255,-0.002366880692707058,0.15077149751603933
-4.637267402865289,-0.0037122054745386645,-0.0023994060936084736,0.1449994165568862
-4.6162668028177745,-0.003834186148788172,-0.002602414208816325,0.14390700449267213
-4.607955206922995,-0.00687020666004201,-0.00479231829212552,0.15663475373239566
-4.567155064126669,-0.004835706357708547,-0.004189097316993099,0.16244670832834832
-2.3499151197590304,0.03467125218445225,-0.11883218561692958,-1.3435257550993436
-2.321317713047154,0.03602456672484529,-0.11938955998325428,-1.2403079512852773
-2.1509344971129516,0.009210471211306262,-0.03496207444833721,-1.4073415434899856
-2.1118940613473405,0.01867963777867731,-0.07589243429866357,-1.3406343650367387
-2.0747661474388552,0.015861448516312715,-0.07139511457929762,-1.4209517633430813
-2.0506356760126736,0.01049167187361576,-0.048993482821882234,-1.3640748427399505
-1.974979330617202,0.029779980213279114,-0.18738714355845196,-1.1982394240662788
-1.9371915891824705,0.035355958191762564,-0.18528779949299032,-1.1677771751586228
-1.8803002340477704,0.033018026134382324,-0.14811026621816914,-1.3247519054861865
-1.8619066354277067,0.03231043365353436,-0.15166065837872,-1.176746533629333
-1.8606473902447969,0.01922774633827307,-0.1676028184740337,-1.0432166555765954
-1.816292412846881,0.030577175693396626,-0.160241574925112,-1.1436144386813498
-1.8015652711802133,0.02988518163244389,-0.16571350511929442,-1.4623689390675174
-1.7892935774889278,0.03448854478402463,-0.18824804458924846,-1.1086983499890852
-1.769948066559905,0.026572820511892137,-0.17271440760251378,-1.4330927199751042
-1.755926609055455,0.023063143542794498,-0.131744038108795,-1.0970539934720938
-1.730423311125569,0.016077832006480823,-0.1794762857019402,-0.9651498414160425
-1.7209879408739808,0.023294215292596097,-0.16073860725556063,-1.1010634936660566
-1.6998116170307824,0.022296474178299542,-0.16507252923771698,-1.0307935846487173
-1.6960562363157001,0.020927437463747617,-0.1384042223689562,-1.1433568427076741
-1.677810712948151,0.018187463446471076,-0.1632627848293094,-1.305060964194477
-1.6644058985881398,0.029090007496770542,-0.1560973946158659,-1.1576641782229418
-1.6548540780527765,0.023876167816953436,-0.16468138314733297,-1.225991228631237
-1.6363199085624558,0.017128911147225506,-0.13866736513511113,-1.065043397625877
-1.6287489361834382,0.023116487423074525,-0.14845654298301977,-0.9335315993756563
-1.6247894279010189,0.025566852550479854,-0.174294386196141,-1.0715885146232331
-1.6111592592842239,0.02013249072830227,-0.1534378542464237,-0.9996891468433656
-1.6056883113382971,0.026645458440296844,-0.18621814730266306,-1.0960888849042483
-1.586548767779076,0.021501963517720456,-0.14524003984045192,-1.1983532227702869
-1.581322642376705,0.027401307302180825,-0.1692832395432175,-1.1375562870902474
-1.579932099675625,0.02017153571954373,-0.1195359526358501,-1.0676714405698795
-1.5563748281810639,0.027461660234135266,-0.137977636468171,-1.0648795628702143
-1.5479177965662771,0.019811498308552684,-0.13348388048506432,-1.2687948617871025
-1.5394869185724143,0.025889187838337695,-0.1505228807040478,-1.2034620846252568
-1.5269626988357712,0.019453415991207618,-0.1559418797996037,-1.2249824705796488
-1.5141002335662692,0.03244039759925946,-0.16061217239058936,-1.2998266930822266
-1.511279713174577,0.02127260028465684,-0.10997980297582759,-1.0041469098715567
-1.4975822862524293,0.01527586505579086,-0.13735201231658956,-1.080183905477619
-1.489900230098359,0.013806509606007406,-0.08708155324633339,-1.2082025397647607
-1.4788288019553106,0.01816076247682195,-0.12340434295766002,-1.2167830123457886
-1.4665277301362316,0.0173190509937375,-0.12562299060162432,-1.0369076598037021
-1.4533925005344495,0.021458310091827686,-0.14644558936929125,-1.2830127660150024
-1.4486711618912365,0.026107272676881208,-0.16031971396660663,-1.3405500761536908
-1.4476026248504115,0.0195710145658587,-0.11741743683307976,-1.2264915081012362
-1.4400492436179901,0.017521822411901224,-0.12475713471304559,-1.2066501445149338
-1.4241545786165943,0.025948434856427314,-0.1403664808550992,-1.2402886422920434
-1.4140712390846402,0.024466998509533173,-0.14311641425175814,-1.3306310544028654
-1.4073863223439596,0.032309289958135375,-0.16019915865947443,-1.2675460680329695
-1.3990840418994452,0.02201611489582689,-0.15598631490433085,-1.3487808337887213
-1.385096785216444,0.028276102606218212,-0.19320079646598354,-1.1316155718593126
-1.3821773494669112,0.02232526796602477,-0.14305792750944762,-1.1999978438586005
-1.3710137520768544,0.022247031996034283,-0.16851339315427438,-1.2268599172932928
-1.3691693245679302,0.025461296217152596,-0.16382499852658017,-1.290377184787842
-1.3578809207140186,0.021330776025925452,-0.14652266811638778,-1.1356678020756088
-1.3461318857181177,0.027581086859488874,-0.1792302499806587,-1.1075860930360943
-1.3436654930729892,0.030808700860538007,-0.1887642303766126,-1.2998554058963265
-1.337019961563856,0.023237991749141946,-0.15628747797058995,-1.1084676504802091
-1.3332742677162133,0.0300710009589545,-0.1542441530243494,-1.2401014624776048
-1.3279722831063807,0.025814042654700418,-0.15566036482861192,-1.118190005419473
-1.3181436379824312,0.02014715504348345,-0.14453479279713743,-1.2886400434984404
-1.3106918018408433,0.021469693292773415,-0.16832393380626337,-1.0905669109413942
-1.3023204136695532,0.0384883651862273,-0.21578713298877994,-1.030749622780274
-1.2971474317576954,0.029573068286762913,-0.1802946499160456,-1.322647442436128
-1.2941384498828257,0.0305294600039475,-0.16732943224408145,-1.3047330218664952
-1.2897924622910053,0.026744867775101502,-0.16266405095855135,-1.1734476306754869
-1.2819172043463452,0.017760767355547123,-0.11723922086531244,-1.2655188719576829
-1.2775330938334108,0.023565211866664038,-0.164814274243591,-1.280589225560629
-1.2753780495008746,0.029975791987273147,-0.18002046376961886,-1.0989094976469873
-1.2716461681601718,0.031079780971575575,-0.18627040016491475,-1.1369596664985007
-1.2643880226899162,0.024558492185187145,-0.16178312154011212,-1.2670656529095552
-1.2569672209424825,0.02310701555992359,-0.1757424434855467,-1.2037079232257637
-1.253411890395952,0.022111326409992124,-0.15902205468688244,-1.284518924515911
-1.23612694491105,0.03033408055815312,-0.18049277112224207,-1.3465659663918694
-1.229927376709598,0.02342582343275399,-0.18207908475390663,-1.3865634517059227
-1.2242096758920276,0.029616678843492283,-0.16765431802068403,-1.2949611244744337
-1.2174078461381175,0.03477086582093273,-0.19403494228639118,-1.2071742920520474
-1.2105733906613199,0.03731963719192084,-0.1898847594610909,-1.4592000153135813
-1.2030376146878259,0.03436965351248645,-0.19655598526614246,-1.3007818267689213
-1.2011350491077777,0.019191333971553294,-0.14396013001378022,-1.283383438500297
-1.1962019775410864,0.01861550705930222,-0.12842347087601252,-1.3544858193594445
-1.1853304836193164,0.027656057853953905,-0.15394571067706592,-1.362813809039849
-1.1745488556299577,0.031101210218337928,-0.18666158785027015,-1.2551451045963202
-1.1708559614624703,0.03523986439844495,-0.19686312126937558,-1.2019534686483644
-1.1678890800232955,0.034113034409212345,-0.19047305926389826,-1.082006567359804
-1.1645836170596529,0.028641548431514854,-0.19958226550746316,-1.090523081353014
-1.1572800907389875,0.029137876055938202,-0.18816958675292741,-1.2172533733195392
-1.1516611916472463,0.024168734013239237,-0.15590830060695698,-1.3500588866097494
-1.1477763464801405,0.035341778516331086,-0.21127463655062734,-1.1801589783971014
-1.1452737233717987,0.03159471040328544,-0.18186336104177891,-1.2078550642396666
-1.1416546840470596,0.02006769297086259,-0.13807520913514046,-1.2443592429264299
-1.1333255983793906,0.02123368026700465,-0.1709365773504826,-1.155079628492098
-1.1277354315665318,0.02960347965631449,-0.18809766210146434,-1.2006078096787023
-1.1177530434473621,0.029435658641046972,-0.17213213686594345,-1.384619073244151
-1.1141269707177384,0.02406232153762366,-0.15856561501349953,-1.3545787552689759
-1.1126732929850538,0.03277702222662812,-0.19097072329224016,-1.3493222055690246
-1.1077303826198923,0.03332740831964152,-0.19928307648115878,-1.2591993077632804
-1.101003648684036,0.02281398874405378,-0.16836458081144565,-1.1970720656064697
-1.097341282810655,0.028868377891051112,-0.18449848477561068,-1.0715880029748028
-1.089403277822812,0.03891178514693909,-0.21521017541731557,-1.2813213629605797
-1.0849783011339487,0.027644364611546346,-0.16872480362303707,-1.1606242219238347
-1.0801371688532109,0.03585999019956574,-0.21613082851130588,-1.1910377506228047
-1.0729982178492439,0.03062199192889758,-0.18504598556415316,-1.2794725206747959
-1.0629496958835098,0.041100689623341014,-0.22195094591256,-1.293035806013443
-1.0605077712495599,0.022588141541915227,-0.14266964730937554,-1.2884939532020556
-1.0527873324374162,0.0305287767752546,-0.17327938130265305,-1.3591099624998122
-1.0484520276693206,0.03651534954088538,-0.21201162754213268,-1.1679767765826605
-1.0457563961647502,0.03058044897152428,-0.18427629396447165,-1.244839569775514
-1.040440207414305,0.03974463698075789,-0.2273078826387044,-1.177953442939382
-1.0375139103194857,0.030841093095638747,-0.19491831579983065,-1.2297491212843334
-1.0328632566558456,0.023908721871938547,-0.15507024257067206,-1.2512871055917547
-1.027437342882949,0.024730941180287843,-0.14364937805837333,-1.3188400714498607
-1.0221571753435477,0.04354825032710299,-0.21983891057701965,-1.1598264039951782
-1.0191234603204102,0.024995696538221528,-0.1862932759032964,-1.3474355873447543
-1.0128891182185176,0.02794097836207459,-0.2061922603570122,-1.211187115621865
-1.0110210404564826,0.028655551998421236,-0.19400077467830126,-1.0192395457657966
-1.0028068745000238,0.025940293080751346,-0.16391607660966082,-1.2844249199444828
-0.9979688177676692,0.0313191960944866,-0.18862908028391956,-1.2343198077506439
-0.9929848303992672,0.027502703455034826,-0.1815173569987153,-1.1063466310662022
-0.9831329373450072,0.0343092552645843,-0.21004191910097655,-1.1403416823304457
-0.9807536658970639,0.03416811500499066,-0.1959773033631367,-1.3399824579264878
-0.9754394826302452,0.034752227916240705,-0.20404012242672487,-1.0932395394456782
-0.9694345400451955,0.021378856948462196,-0.13938277696290985,-1.1590751233306604
-0.9673085723304777,0.04157748930970951,-0.25298413435057976,-1.1034755961539155
-0.9634177738890465,0.03490213375066674,-0.20335230663449547,-1.1157002113401204
-0.9564995894002827,0.02945446650317292,-0.18016307339876,-1.2178624392125825
-0.9505694589261492,0.04204082744324346,-0.21482768837894825,-1.185520586959238
-0.9454593715440667,0.017911440323616874,-0.12905090328535046,-1.1388951295625465
-0.9410408896612861,0.027498005897928213,-0.18021086363146116,-1.1885726984531426
-0.9395729235727894,0.03478400773209976,-0.20458257218116277,-1.1646696857341863
-0.933458416360761,0.03338872987151835,-0.18833421305215461,-1.2225952053922862
-0.9320625477212712,0.03105784377944505,-0.19421632022993668,-1.2687074696237632
-0.9224515429357032,0.031425373194307125,-0.19326446039883757,-1.2479909669561096
-0.9200027552536268,0.029561962857118273,-0.19432367939717032,-1.1614383820461978
-0.9189517116490515,0.036708390279554415,-0.20572370002198437,-1.1999843717763738
-0.9162324633331057,0.027630556289037895,-0.19349876979283723,-1.0674470661387512
-0.9098610839728624,0.030782082383285805,-0.1797741923694082,-1.1764978647212343
-0.9037862186140806,0.036951203874323574,-0.18973930070200995,-1.1407466277170326
-0.9009318049572216,0.030222801297871166,-0.1956226379334611,-1.1058361631520972
-0.8974065792729088,0.039265844982728136,-0.20512734351516143,-1.1201008813555382
-0.8936094829432809,0.020404522451344085,-0.1268494225756939,-1.298194435104013
-0.8888842360133732,0.02842447897806257,-0.18000600285876137,-1.1296147360406625
-0.8820832573123191,0.03837812506580516,-0.19838401558465826,-1.1647902305268434
-0.8770147398872933,0.03615424752442553,-0.20933778691828023,-1.2530431639695196
-0.8730763044698074,0.02933972773434567,-0.14922540799005674,-1.2722784558248892
-0.8679603127823674,0.02756857557954499,-0.15842424842901084,-1.2109733168645596
-0.8616730576088676,0.03627205163626358,-0.18574309845419543,-1.328107481605195
-0.8587455427360118,0.02598254929822156,-0.14382706703291798,-1.2812247918718611
-0.8532106736891768,0.02325397768702177,-0.14386418880718538,-1.2511885217899832
-0.8468630432434531,0.02858850517347309,-0.16831684136998581,-1.1683504703912588
-0.8446778942346422,0.03676360803219364,-0.2003477271122682,-1.2559173692556485
-0.8379289510376436,0.030904007707770124,-0.17504325984157185,-1.1302300176677522
-0.8340218781847866,0.026475508673782025,-0.15482506505568816,-1.2284155214417842
-0.8264459999025189,0.025171998273559645,-0.1575293833946696,-1.3549492864193904
-0.8219506797888042,0.024222369313262566,-0.14671230715053588,-1.4026214843104632
-0.8145440921927175,0.030324281092422377,-0.16007231955974055,-1.173163442693868
-0.8125386870389615,0.030253120890457404,-0.16161774618644878,-1.1899156351505344
-0.807148923229331,0.018266947333537814,-0.1181438101946899,-1.247641682987458
-0.8039581683793197,0.03453094005230066,-0.19005982764234813,-1.2076442685802657
-0.8018813827057363,0.034116991356241945,-0.18694707123979054,-1.285514283807981
-0.7960271820305379,0.03065587606182187,-0.1728689486548078,-1.2308001270863884
-0.7913348370867193,0.023812009865951708,-0.15676945638183787,-1.1056221819679948
-0.789369634871119,0.019804636645577016,-0.12395762304050308,-1.2789910439901568
-0.7843792579245018,0.037222465960056524,-0.1857364225952666,-1.2761284074911705
-0.7808069282906135,0.03097748320588354,-0.17677341564481708,-1.2837722839609316
-0.7783040270037312,0.032489263758137044,-0.18373524152661647,-1.181599935801683
-0.7734510785543053,0.04354620434277095,-0.22973957097056744,-1.2301482034863158
-0.7692113141799458,0.03129294455564962,-0.17007801611927592,-1.3113736156918314
-0.7643639138611037,0.018165464362311506,-0.10838264608820422,-1.3061355015785179
-0.7617750165680911,0.019800765707270095,-0.11535582028109435,-1.2944315787084504
-0.7551104123300149,0.02805773886296156,-0.17401227794389362,-1.240107842266279
-0.7499481592806954,0.04189245674184049,-0.21997160419192488,-1.2786599180202554
-0.7443502469726724,0.02681757902456743,-0.1413433593443331,-1.2722984309266148
-0.7429825112806792,0.025009574642010077,-0.15222614556814817,-1.1837532679710716
-0.7378852214626647,0.028188216871547774,-0.15409335066249213,-1.2509679640581528
-0.7347764739141595,0.028642180945188427,-0.1565301659703696,-1.2307911137232104
-0.7325317562958126,0.02166753665381607,-0.12203677707349218,-1.343377693769846
-0.7273414919929581,0.03253797879841452,-0.155921049716592,-1.3330733063241662
-0.7230847279768851,0.03549557502010298,-0.15536303013562594,-1.2795359703499014
-0.7216933455855529,0.03616692001051662,-0.2051547753442488,-1.187516502060695
-0.7183337587140299,0.03273758231654327,-0.1729151925821141,-1.2090781238885813
-0.7147364211102393,0.02608993374586099,-0.16206004898328777,-1.1581240700669446
-0.7111896814719134,0.028264467120565018,-0.13215956566275022,-1.2293785832675919
-0.707621339180461,0.032535150824225166,-0.15459657691834858,-1.2628268915780183
-0.7048490847571321,0.025915206710414387,-0.14130240854348186,-1.2412467069073563
-0.7009913601053311,0.01873287768591289,-0.11700236221251069,-1.2019659565741987
-0.6977200960983494,0.026771040146553054,-0.13567781491943873,-1.250776872247959
-0.693143934856012,0.03256031559694226,-0.1693231217292438,-1.2473029002220017
-0.688128299178255,0.031264545962000706,-0.15569700299643507,-1.1729442116650153
-0.6827672581845271,0.019241592384612576,-0.11130006138379252,-1.2507274763165972
-0.6782669690936073,0.030479837160067424,-0.15180659733461294,-1.2122096227869699
-0.6744342592424196,0.029364908347784067,-0.18079970831151618,-1.229466135412871
-0.6720652886049864,0.022725703673567268,-0.12531393074860883,-1.1700088719574855
-0.6697563637964628,0.035002867515696076,-0.18294054292783465,-1.2709615485122046
-0.6593422067805373,0.02571714787410821,-0.13303101161086592,-1.1710558554386163
-0.6584150269541712,0.03075307651761978,-0.1647616334684206,-1.2236557988408232
-0.6558930251791207,0.03176413746876272,-0.15853742315473032,-1.1994797246648683
-0.6483121732993041,0.03620526894671975,-0.19659969225395474,-1.2414408577260678
-0.6452004702239327,0.02975042661202664,-0.16349834449395695,-1.2440305801502298
-0.6416197617171709,0.034605704424440616,-0.180098485328587,-1.1351254709779466
-0.6404331012953254,0.03670023713575549,-0.17093274364749156,-1.2068950654807729
-0.6336510415299861,0.045298775767849256,-0.19376751875395523,-1.2094490381444145
-0.6269452431531455,0.02518741153532997,-0.15472521201562803,-1.2484468448943244
-0.6252423728824726,0.04032326311747018,-0.20880829377474128,-1.168001373823251
-0.6221797945733996,0.029316574460318896,-0.15343573546202774,-1.1879155787248277
-0.6196299231814375,0.023562803297460386,-0.14072692621962607,-1.2002568669483251
-0.6184222488064772,0.03822250932298641,-0.17235679640862941,-1.2649425490276078
-0.6122526030766438,0.033010370596239756,-0.15520048206484086,-1.1955431694149947
-0.6018667295715117,0.034236247698701004,-0.18616485129568455,-1.2154999087354208
-0.6009164486215046,0.029535916941120254,-0.16716620762213477,-1.1213347427387614
-0.5983712862952518,0.030574715790228964,-0.15798004037934585,-1.1363852995201529
-0.5937880472958784,0.02454487116998772,-0.13003922509912422,-1.2306957396015352
-0.5876060087418775,0.024831925805435643,-0.13661947239988606,-1.2338252038813278
-0.5812294367609081,0.022115123255459404,-0.13588918619206797,-1.1769421124683859
-0.5767835217187435,0.0339264006748937,-0.17907360618816529,-1.1992850992542772
-0.5748742455301045,0.01952328224956306,-0.12953985418516398,-1.1022042930065874
-0.5717719573657223,0.022501472169326707,-0.13451678714658724,-1.2785985395394515
-0.5696677460691415,0.022228327516942356,-0.14188854945317977,-1.1883530164468425
-0.5637625770970384,0.03813140111325789,-0.17652962798251992,-1.241961678235482
-0.5571793642829374,0.026638309216095366,-0.15333754815210998,-1.2463421101456567
-0.5516386992821883,0.024408710763897543,-0.133836425829279,-1.178731232138714
-0.5474157584192054,0.02888655264789912,-0.1442707857414538,-1.2241694468760933
-0.5446355481034793,0.036139895130087855,-0.16421389608339784,-1.1535897871552205
-0.5416216602104292,0.023725551530465558,-0.11805894666163004,-1.2868572632348763
-0.5409659287454647,0.028517504224341763,-0.15344241516836069,-1.2742585359994112
-0.5342208080550044,0.01809391704391267,-0.11204728765410638,-1.160069650267516
-0.5328515368538165,0.03138469917216802,-0.14876453208339183,-1.1511637660766403
-0.5288744079188554,0.03591191091141331,-0.17529576336038677,-1.1997413793504264
-0.5214771800587812,0.018773294579523602,-0.09462356645333322,-1.16972079160487
-0.5173824362881196,0.029515693865715117,-0.1543890890393122,-1.2525697775464926
-0.5135991354877281,0.022641170165570264,-0.1334157547211126,-1.1610870925434122
-0.5071950244756288,0.02587043283663147,-0.13039295784199686,-1.2388543181256808
-0.5047733305224419,0.019593800450400125,-0.10788606077876285,-1.1741541869274816
-0.5008115105831573,0.021885850960332555,-0.11918507713590079,-1.2092920294458607
-0.4997711977256042,0.031813221411069736,-0.1573681844607221,-1.1786219910917284
-0.4970434005304274,0.02356508423313174,-0.11838571925215652,-1.1411477247487676
-0.49312082402137014,0.023883896479878115,-0.1280273086261643,-1.1805162082002805
-0.49111629630735965,0.03239644526653953,-0.14496097338936503,-1.1885523292951696
-0.4866079466657095,0.03149299783763053,-0.1558960019568023,-1.2662766295510053
-0.48018337407659645,0.021939421270772586,-0.11484900776275471,-1.204631302757556
-0.47717078990018835,0.028318214394933875,-0.13091221571649322,-1.1533788826026552
-0.4729233340178591,0.035211860796165104,-0.19074003744996723,-1.1636437524177587
-0.4720668635781689,0.032493634506782124,-0.1561127099516477,-1.2461474916252429
-0.4659172029374179,0.031667833044776016,-0.16224672445117197,-1.1967519066678884
-0.46242207634968213,0.030153958992722888,-0.1483697498197815,-1.2000686460044871
-0.45868445496236876,0.025840025844644354,-0.1589667476120449,-1.1970854113759521
-0.4540995570499,0.020498453162034934,-0.11661958166934722,-1.3308177038679296
-0.44873711185608506,0.019556768513101418,-0.1201672528167377,-1.1712639423555
-0.44511134442348815,0.03387255744720584,-0.16039151217719316,-1.1345055815719454
-0.44113269224882956,0.03191446654905792,-0.1530157511014028,-1.2830011471179639
-0.43735217716857216,0.0315857852299037,-0.1760839809035689,-1.1974204514317996
-0.43381852964759754,0.018787712371612763,-0.1161394361201475,-1.253211740559233
-0.4320336659918333,0.02390194903148613,-0.1154408860777569,-1.1727094661050077
-0.4258196317737197,0.0210467706321263,-0.11832276555753123,-1.1417098832017254
-0.4243810118981802,0.02686527617783068,-0.13601906419907414,-1.198323319312394
-0.42400465225300393,0.017161804674887676,-0.10733965115936629,-1.1661123844078638
-0.4156178005397694,0.01962289592785933,-0.1300939615310473,-1.206867404400259
-0.412527225103792,0.033135666522502404,-0.18847004238161777,-1.1457607489178823
-0.4110114036230245,0.019838730447901902,-0.1247897353493527,-1.2367759363190565
-0.4093310293167575,0.0261532511316972,-0.13449545713835634,-1.2417796830297823
-0.40195971572351646,0.024185462088267363,-0.13586713522332666,-1.1738551805033932
-0.3979534919750542,0.026976719477041868,-0.14061813041355473,-1.1862850600692536
-0.3930242947682714,0.025760000271539234,-0.13147526081939767,-1.2837768825168765
-0.3919498218830992,0.01771303116847767,-0.10374746870737216,-1.2278212356654579
-0.3837408022165038,0.032103605769973,-0.1449712798765751,-1.2345086901751794
-0.37577726846596643,0.024464034473215015,-0.12273037060582284,-1.2851975518417795
-0.3741203881112415,0.024356831741238878,-0.13309525446225162,-1.143555346637435
-0.3704184660336549,0.027009419666076503,-0.13996982389274631,-1.1395698433487513
-0.3633319200031128,0.02385207439686129,-0.12843064297011098,-1.2537434653998445
-0.3588236011548116,0.02963527905651614,-0.1602223132376239,-1.3458640543292777
-0.35369617799111236,0.019866473378041424,-0.11835116318135579,-1.2114891081360104
-0.348977544771105,0.028300658666272887,-0.14383812827360748,-1.1977251824666295
-0.34384385903574793,0.022094358933801794,-0.11133135368802062,-1.1374207500548343
-0.3410197401352678,0.015461421577657161,-0.1062992365194959,-1.243145928351012
-0.3323655079243649,0.025991197575413332,-0.13277827903119874,-1.2002552963659063
-0.3260364312467472,0.02496795654606607,-0.13227911832977818,-1.215007517138392
-0.3216735274003787,0.03900546467400066,-0.19897806576872626,-1.1493265489984625
-0.3139948039214695,0.021080038203352802,-0.10827616488629416,-1.1042571594157642
-0.30946524247599416,0.018405934563943467,-0.10453791919770501,-1.1740744123755475
-0.30589238289170007,0.029841500679984763,-0.1504929642825077,-1.1703130496480634
-0.2999366862868878,0.03586628191496239,-0.21576356289838752,-1.08152713925249
-0.29179302416291103,0.017361485595003993,-0.10043729173906465,-1.2241000915942468
-0.285911174283514,0.02032972380414329,-0.11295384494407576,-1.2670072577801514
-0.2805465825942746,0.027432906298960575,-0.12872872154624812,-1.115995899237777
-0.26967373244795273,0.012470220787812113,-0.09290457479833485,-1.1994368199167358
-0.26580598772567426,0.028275933081637592,-0.12885766634579668,-1.1126923425485333
-0.2653392241128732,0.02379464613409539,-0.13017717099859036,-1.2055899125934004
-0.2618081710791069,0.026976173583072353,-0.15138202961423333,-1.2115201133574376
-0.2527055225227615,0.028693431809355952,-0.1351659578012442,-1.0984031101288672
-0.24797007309266872,0.021723680590975316,-0.11155417190197087,-1.2219064334042036
-0.2417981348212125,0.027882111761495503,-0.13517530381397758,-1.1318945989513882
-0.23373333274551222,0.028356557809163747,-0.17881787310501576,-1.2023153436864493
-0.23085723523023838,0.024583022491455973,-0.1461097607515879,-1.1786390246918799
-0.22729452453100718,0.02440525225235697,-0.13199190544610664,-1.0536666653283875
-0.21390518462090774,0.023201610515760734,-0.14387322915424958,-1.113396620288489
-0.20024419086724127,0.02475112266457308,-0.12468308670954083,-1.193780742030734
-0.19824285302391031,0.0280478659061777,-0.14384895440073184,-1.1085556408013395
-0.1865116907345227,0.021676557879104483,-0.12502602269251453,-1.0825425844759196
-0.18383578243274876,0.022319882943971667,-0.14879937474017088,-1.049790009686096
-0.18101709673867844,0.029746052608906403,-0.18359191833192093,-1.1000367276707121
-0.17820421687930024,0.02113043962151207,-0.11792541053189813,-1.1171912618057525
-0.17167265622784392,0.02394754506225324,-0.13274587345900551,-1.075457861598186
-0.1693875765038557,0.02556462463257884,-0.17681739939781252,-1.0780818185424001
-0.16289299165481563,0.023501252189870387,-0.13965217753887066,-1.0437583963177262
-0.16108908708130992,0.02473891889951569,-0.1684388371846825,-0.9795602378564838
-0.15236622113264872,0.02873307207616046,-0.1438813989542023,-1.0923174030666856
-0.1507346963079808,0.0214596551918141,-0.14022833618645755,-1.0506516547275873
-0.1428363578440027,0.025787050760080674,-0.1360837729598828,-1.0492175329224556
-0.1411271202398868,0.022415283023781235,-0.12048529815566365,-1.0664376451731572
-0.12659055483261808,0.029431664995200446,-0.17727610755176157,-1.1180682795487495
-0.12213581602519998,0.02551080017751268,-0.14569789929591834,-1.0621627049206057
-0.11818405356034,0.01821985366469881,-0.11665294856781845,-1.0876226622437168
-0.11459370137238026,0.02770010100453439,-0.15302482714043078,-1.1171760978577145
-0.10496988040437635,0.031105709890848092,-0.17695279119021204,-0.9519488926869625
-0.10254444382131885,0.03429599004767136,-0.15017360576780608,-1.0311256658194448
-0.09335687544813477,0.02482966108758931,-0.13615990781905862,-1.0432201717547647
-0.0880373505480863,0.02201517477629364,-0.11894915646057953,-1.1268882735094177
-0.0845678966690141,0.028286792472101214,-0.14719215702348912,-1.066297178620922
-0.07986006758619875,0.022006318816186327,-0.1283370601332154,-1.108095200258042
-0.07573172065470066,0.02823635288016831,-0.13892454104500787,-0.9935834474997339
-0.06704651673342557,0.03556427585382411,-0.16391903893870427,-0.9871555146672037
-0.06230220249342851,0.025492915718962228,-0.1411281008539305,-1.0893992486038788
-0.05836934475733003,0.02919981763096396,-0.13541553364271863,-1.086677612365256
-0.0481629631264336,0.032178199656243016,-0.18233587847200727,-1.0401621628351638
-0.044472894006423146,0.030059734257106334,-0.1697050645798131,-1.0334148906645086
-0.0411690345578499,0.03515011414744822,-0.1842539208586047,-1.0932667594186776
-0.026113199936129056,0.029559628842327514,-0.13832595061124583,-1.0913246148259732
-0.021740293794114324,0.028321227095535022,-0.12906525589074241,-1.0255998915988693
-0.01835219684908051,0.027546382539410667,-0.15905824511674088,-0.9378730244266835
-0.013334328494636137,0.027215554356015952,-0.126294854529256,-1.1231571861668408
-0.01000133457900572,0.022006916588557485,-0.14515733980534287,-1.0125524949432816
-0.007472206012983578,0.03567104453967919,-0.20647252442333558,-0.9273808176271152
0.005438002617130942,0.026984629363253083,-0.1429194010750006,-1.1012410424257661
0.013886462307369198,0.024857073588450244,-0.11518836879473535,-1.1249517529878816
0.016685423543373726,0.02578399205861684,-0.13248492683721735,-0.9960349156529232
0.022745387948089467,0.02789226583728956,-0.14507511653533148,-1.0417194942388355
0.0334338056270177,0.03318166765886278,-0.18299173434423868,-1.0324731089559738
0.03503319044004526,0.032583356833580816,-0.18444412911708122,-1.1130238825009424
0.04629305296144223,0.034415702623454406,-0.176003363178962,-0.9506261048911429
0.05314372136244963,0.032120581528478805,-0.16586406398919773,-1.0606374340206888
0.05888759839644387,0.027180823718310796,-0.15623398410425146,-1.042976019103816
0.06443447410968188,0.018944603684797705,-0.12033579629302935,-1.0527388972898042
0.06904017892489413,0.03534666222393376,-0.15897176121283946,-1.0258689283306104
0.07607144218930002,0.029700810130093187,-0.1563560103451705,-0.9368057667429469
0.08242504821908901,0.03556963759139483,-0.14297585638210294,-1.0323727122799644
0.09126579864428538,0.02514193263645305,-0.1323022717902835,-0.967750222067905
0.09612052493302733,0.030292191573224856,-0.14489074996512674,-0.9656742340715877
0.10630193035909168,0.02867966736456024,-0.15559955652351473,-0.9538590776580378
0.11458720851936222,0.02459086030780899,-0.12188024852938448,-1.056309763679315
0.1190211063916485,0.03573383619395168,-0.1710086846623992,-0.9736083462242406
0.12464256476993538,0.034793614811581296,-0.17458647757552823,-0.9020025748158176
0.13220271431492894,0.03105910448675549,-0.13683469840741952,-0.9721530681544814
0.14281827456133633,0.026502561191840933,-0.12543118511158538,-1.0097845634090017
0.14704931004978417,0.034826424583844336,-0.15524171535813763,-0.9880001119738213
0.1556664185542094,0.029887081753702877,-0.14720505318551122,-0.8658991552297003
0.16707279438465913,0.049054771590100424,-0.2302691473761348,-0.9617412720017112
0.16945520528501853,0.023583378511167954,-0.11638824889797383,-0.9105917195671576
0.17326549982053138,0.02321079730235557,-0.1336576091464882,-0.9161292504759889
0.18225606803974267,0.020337764832086574,-0.11457072440500617,-0.9670397561867916
0.18638398031842393,0.026284127268854686,-0.10495617248650949,-0.8576797048045048
0.19387174443482688,0.027332654964204707,-0.14177795906730412,-0.9173670042494464
0.20027141800267023,0.031164816531755558,-0.161610739889478,-0.9201465272717806
0.2123738375449886,0.041294427731684465,-0.19579766700767104,-0.8922648704871673
0.2131019373818238,0.03652094927295852,-0.15014546431677742,-0.9645711099922851
0.2215133343638905,0.026131504722330768,-0.13165949600337357,-0.9301981130078405
0.23145851504425732,0.026828605507874293,-0.13839654619219346,-0.9333033063363341
0.23985720927559928,0.03699088017129352,-0.16251595072995625,-0.8569007010031868
0.24457665225816658,0.025355537740891665,-0.12898546558740992,-0.8619313615621822
0.2513953884284055,0.03669102596446003,-0.16235495378273243,-0.812709155728694
0.26353420739709976,0.025332536715065548,-0.12530400591401714,-0.8144284008870954
0.26732690030992123,0.038840990497133056,-0.1533332858795294,-0.9089386274459659
0.27711493575037593,0.035490174371835694,-0.17812446616613387,-0.795968014850786
0.28411093220350286,0.03643746861078795,-0.18475807068249547,-0.7362336006606177
0.28674296757422807,0.017818566695023227,-0.10004362078980679,-0.887788200341545
0.2934033791234715,0.018907888782490515,-0.1047848624626052,-0.808278691697882
0.30270179243226364,0.026338874587390305,-0.1400892388026067,-0.8279638609600133
0.3056926312706848,0.032948340024138274,-0.16983562018715465,-0.7087833358675271
0.31752972770026394,0.03901898366149313,-0.21875537810131473,-0.8695716438621603
0.3229366064016194,0.030446763435922463,-0.1716448661422603,-0.8537314493682446
0.3292418872947702,0.025213234791394572,-0.1634515958565029,-0.7802563793184529
0.33439104256029384,0.019928545079928833,-0.09119209657341062,-0.7861112656729955
0.3461652423485567,0.03011233048697287,-0.17521904202429872,-0.8025508277171006
0.35201546072912654,0.025228073434279245,-0.11743305007714304,-0.7406606220997886
0.3633619489591634,0.022511059495740622,-0.14129868957471015,-0.7620814069826048
0.36815008664055626,0.024346302413919566,-0.12110485430933507,-0.7388372015801341
0.3739415588158524,0.02253588624822265,-0.12533635450969974,-0.7740537388055279
0.37854862801505956,0.02849942979890497,-0.15246402151330535,-0.7457594876180909
0.38922384960027256,0.034143648115810624,-0.1739468971842044,-0.8521166279778879
0.3987386935511642,0.03228550239961174,-0.19682384927277613,-0.6783727191332948
0.4012488808086536,0.0308085797910583,-0.1891340345872692,-0.7093485215733221
0.41237806252906745,0.025827800949007957,-0.13916904029764285,-0.6963340053770949
0.42435296578320775,0.02276237441419587,-0.1211142161464949,-0.7343872949167997
0.42987663438279006,0.02143580567811733,-0.1401504212287411,-0.7660130646523048
0.43919132129232347,0.013517382586123313,-0.10883527733055809,-0.775674638708819
0.44235378082090465,0.017835575370588105,-0.09687146146279996,-0.7445046680756782
0.4547151232239936,0.020468246407153386,-0.12004047642261156,-0.7648691638848817
0.45614124765425096,0.018943439379711127,-0.11626859702250775,-0.7080086850176749
0.46717350039672134,0.02289564522843678,-0.13027960752975656,-0.6693093926388912
0.47015307915441445,0.02470425130461292,-0.10826358816253465,-0.6808896012672216
0.4801698285321855,0.028315133154989305,-0.1770552524660008,-0.7234622218368456
0.4846083232431806,0.027054954801982608,-0.15154405257303358,-0.7745272096909536
0.5004661745098296,0.02123704262884146,-0.09619381384552277,-0.6668976505618787
0.5029930590099665,0.024694698360584053,-0.12471170621803615,-0.7894673042721745
0.5100661381747189,0.021030868244091786,-0.12742972884433876,-0.6893559514817558
0.5157516759326184,0.02661610722074039,-0.15250710041628057,-0.6800348847648354
0.5252767787745883,0.015224511631311968,-0.09772916041860591,-0.6764580617654327
0.535933829309127,0.021841964969941636,-0.1037475913318259,-0.6509388076366532
0.5400413578920488,0.019118370164920864,-0.11089275458006444,-0.6778115096205134
0.5510433972028076,0.018381687894650396,-0.1084085828145087,-0.6022253792550856
0.5553014054833919,0.013973444619093745,-0.09766451417873961,-0.6519523631059752
0.5575348624649135,0.02185857197741461,-0.13724136468857673,-0.6820578239875965
0.5686090124848748,0.014658875890707232,-0.09113159068251861,-0.7150245225357459
0.5770502328934761,0.01742631441828577,-0.11068421094905084,-0.6513798734741273
0.5836401301109092,0.024670656523141318,-0.12387264717377922,-0.7694899060580985
0.5880025926980151,0.016657477022923972,-0.09927645103156639,-0.7092118249150696
0.5925720817532486,0.01110909033259943,-0.07630821598010866,-0.5966757844992023
0.6030765050558837,0.018405607145878237,-0.11332508157996661,-0.6490983136401178
0.6103493006696831,0.01342725992712005,-0.09404635622767882,-0.6039784608639627
0.6126912886193661,0.01587496676424017,-0.09353079301423083,-0.6583719173750537
0.6227901674618405,0.011359491944165254,-0.06383646529182431,-0.5575929244147108
0.6280424565470298,0.019881382038784343,-0.10532864956486421,-0.7117755076800669
0.6345448277296173,0.009690316268921192,-0.08144986610940926,-0.626057972625287
0.6424872308767958,0.020915283765525882,-0.10848103694475299,-0.6034292595266544
0.6477603531134604,0.023163373608754464,-0.1193318511392629,-0.6310042846865072
0.6529262324460721,0.010189113003249132,-0.08265533144344292,-0.5078080094069817
0.6577030405449733,0.01425826775558351,-0.09441491943887743,-0.5371542812391988
0.6654853236790159,0.011226930911822962,-0.08997676364014495,-0.4654163483249319
0.6696872634890132,0.014995509978578535,-0.09650224860292331,-0.6081085851776771
0.6846554721357212,0.010285260078810794,-0.06865221963762932,-0.5365475248998591
0.6898033976690615,0.008356497020952645,-0.0895509497238905,-0.49572204354887045
0.6977077351029131,0.016599479587713798,-0.11051989653902079,-0.4293464249750066
0.7058404409758146,0.01120336621099569,-0.08049350379695494,-0.46368943084436376
0.7169816272918912,0.012376883747000644,-0.08550852315773552,-0.4850847238343369
0.7203413219164112,0.012813192479329428,-0.0903608520676007,-0.4114360632974702
0.729492106459166,0.012772230084810309,-0.10801090448929623,-0.5720323596976667
0.7365983749663577,0.012919794145039685,-0.10485024619784217,-0.5192152548663553
0.7517793734587621,0.01572897064098075,-0.12660879964566743,-0.47532039407179144
0.754073962583651,0.013570853054541145,-0.09232183433902261,-0.5251547642782696
0.7589262016904346,0.005428130790359687,-0.06251724272274321,-0.6081069126724185
0.7672883108108328,0.00643514299342255,-0.09591277225924652,-0.5035980537714911
0.773955012226447,0.005034955320571075,-0.07451583805913489,-0.501732007622826
0.7798072065702919,0.008637591770105148,-0.06725906780179386,-0.5499538201702405
0.7848263947604701,0.00830987140361406,-0.06987231315930263,-0.5352056134325128
0.7878663097863233,0.011466801192354095,-0.11157715805679781,-0.5076487984666089
0.8040231708759366,0.005373511178590736,-0.07451963270160858,-0.5823772591529346
0.8092948559436776,0.007285093209859608,-0.06738445454158563,-0.5137231999333697
0.8111758230971259,0.0032244729520602986,-0.0755538086153786,-0.570177694471285
0.815470032229444,0.0035989188956993988,-0.0784023743762615,-0.5015271364904003
0.8202869573576895,0.004820596194699457,-0.09560983281436242,-0.47460617228099944
0.8281756479212953,0.005233495810885854,-0.07870855247731656,-0.3765841259407387
0.8315524655663487,0.005394385038194578,-0.08853210332706597,-0.5261610830149055
0.842999642249068,0.0022988283975035957,-0.08105072703072409,-0.37960324730784123
0.8457259056539254,0.004906064642812808,-0.08846006280986608,-0.5590108996278593
0.8579175494284602,0.003807880464013421,-0.09143965119181437,-0.5522418587639936
0.8674752264077564,-0.000720663647425949,-0.07631701063378192,-0.3978225590010837
0.8830204300672746,0.003221457186104465,-0.10183380595682644,-0.4704327646258568
0.8887375653536006,0.006124560975855294,-0.09303953127450623,-0.3255712390184198
0.8948184986896157,0.007926275899973263,-0.11256198196612756,-0.3477947847082546
0.8983740572304657,0.004862220623123466,-0.08133187996381473,-0.4167854419030256
0.9004778775691581,0.0010548747128160622,-0.08763653678433825,-0.5264454484114502
0.9069572029082507,0.005360498345128709,-0.10549787952828679,-0.4895390559332981
0.9103171776082548,-0.00030529918627690317,-0.09547411996793014,-0.4175010102700044
0.9185686743536254,0.004935019150035053,-0.10109605437485839,-0.4286286737186257
0.9283361118027355,0.003902523164396625,-0.10518864565203641,-0.46894564695649227
0.9349477691366921,0.0046602377425625854,-0.1189551632054474,-0.48170812497401766
0.9387995051887619,0.0032663709425721247,-0.08873997294557152,-0.579529464162543
0.9465891297266028,0.0013856447347186244,-0.1068749399641705,-0.5137523515254367
0.9540678834071201,-0.0006322567912050959,-0.11566063826797406,-0.3843336156443865
0.9590950960561765,0.005520825601753709,-0.11859937063392444,-0.5035494030803721
0.9657406262214671,0.00222399495858362,-0.11815094524246869,-0.49475667416458424
0.9704442706671138,0.0029102877209907355,-0.10875452943202231,-0.48076637955454166
0.980716797410997,0.003416008435785259,-0.09861493917410932,-0.32732476288293966
0.9856915280381189,0.0032481540175722497,-0.114499637007521,-0.43558226159800706
0.9904496106404189,0.0029767372250321376,-0.1477487641816097,-0.3692179793485283
0.9972192360984772,0.0012156848306820712,-0.099743112363295,-0.3720509284043917
0.9996046466557357,0.006062057868813443,-0.0976782725909339,-0.46771361189144445
