MO_Energy_eV,Cl-Se,Cl-Zn,Se-Zn
-8.998294908286892,-0.0017605941818382373,0.02781607089003764,-0.024691202235950383
-8.997576024366257,-0.002756764794578426,0.02705430620436918,-0.030110124951574935
-8.995365899269496,-0.0028664990443455956,0.038098466834729734,-0.027600433898130262
-8.989923890364377,-0.0026214516640663058,0.028817474132466686,-0.024053936363364416
-8.988234956258548,-0.0029345403388817805,0.0379321914923601,-0.02958487613978481
-8.986983681409429,-0.0019627456645416605,0.021929963067697594,-0.0272006206627578
-8.983566252174295,-0.0023465857820472724,0.028904256382177543,-0.03086180723042388
-8.978863185534024,-0.0025138756525904557,0.03433505355773916,-0.026159775091766053
-8.971123061156176,-0.002473947272342689,0.03625985254575832,-0.025527487421738427
-8.966470357692119,-0.0022657100482882248,0.03172328889281039,-0.030966164149162752
-8.956225925845743,-0.0019178715568559522,0.025056346941653342,-0.03161885933790501
-8.94391377910788,-0.0019690357669376853,0.021553069546912183,-0.030935728574138257
-8.941343764369982,-0.001710477380546404,0.024269849898604375,-0.025040844254906533
-8.938266239575778,-0.0027279915570411085,0.03684386842816232,-0.031747834400998626
-8.931939478322409,-0.0021915216661917494,0.028628933668664317,-0.02198399156306631
-8.931472875580743,-0.0026999833177075113,0.03194113256148525,-0.03678835044511186
-8.916940878810847,-0.0014308404197698325,0.0268511406948476,-0.02997802021716114
-8.914262317215893,-0.002550448768529663,0.03140873534692008,-0.0313879296190604
-8.911382619765842,-0.0018007131233662391,0.026688071941042345,-0.02650648897306548
-8.90380121416218,-0.0020552866078944088,0.032046223902203415,-0.03557894630814619
-8.899094966257255,-0.0018320750950497398,0.025994141305929738,-0.031675096937547026
-8.896899662676628,-0.002051086427450016,0.030319486616897286,-0.031940652209801065
-8.889536487979852,-0.0023104805069286034,0.03197561737500524,-0.033431327461630085
-8.883876480801518,-0.002415079406476308,0.025351668327555043,-0.0364669836370703
-8.88092698444278,-0.002218484792542433,0.019426722431428733,-0.0412963311687323
-8.874827906564338,-0.0019700872195646127,0.022026690941363784,-0.041824491396158014
-8.864735656805273,-0.001796625212157219,0.02711114462091872,-0.034149808203992126
-8.857150174289824,-0.00214321152256387,0.03414245650445818,-0.033564947137369704
-8.85132935671352,-0.002334749921196156,0.023790793393408297,-0.05013321445136181
-8.847139984206672,-0.0026546210360200826,0.019775612976041884,-0.04992170881640994
-8.83810151369426,-0.00223285000761319,0.03666727186712017,-0.03384227873030689
-8.833191568272941,-0.0019779822842078674,0.015394482042895561,-0.05525711876766447
-8.828122627400663,-0.0030507758836809578,0.02473171434294032,-0.05508604916481296
-8.82635566179958,-0.0024433842081708936,0.031752330827864106,-0.039012686599335544
-8.814697638247978,-0.0023367140484829166,0.02509337700086427,-0.04971902034694374
-8.805078427046228,-0.0023151015403612752,0.029991203286274196,-0.04034860630154093
-8.799971767318459,-0.002186232157166878,0.019857660015962775,-0.0486559427347287
-8.793023165123534,-0.0026483893494490644,0.023750367720615558,-0.05036853085153356
-8.778075922113088,-0.003102403673009455,0.026677231658722343,-0.05784515505038932
-8.776235841302157,-0.0035331956193083293,0.032182129791341746,-0.051117104782657165
-8.76063208728639,-0.002611473566545928,0.025521384437105187,-0.054444426054100034
-8.753255051645501,-0.002608256298775778,0.021336023121468144,-0.05295943111926811
-8.743019720656179,-0.002428309268662439,0.03175446651911409,-0.041765762059887294
-8.735014057624072,-0.002903315340018016,0.030341137587714753,-0.04420314139283979
-8.730442758413313,-0.0024777384426223604,0.03954223759813807,-0.03294709124054153
-8.72189497156293,-0.0031666954051547324,0.029538193723963296,-0.048604565718238214
-8.717614377563255,-0.0027760970589267384,0.038360969192521424,-0.038476643925475014
-8.710067103684148,0.00016623314461625485,0.02673303553281366,-0.03458738278937963
-8.706599935872612,-0.000896855792035042,0.024537922367988036,-0.04391495901808995
-8.693569629474556,-0.0022507061308298074,0.02167067674796984,-0.06315769057923183
-8.687425022372146,-0.0017168370342235232,0.023310816513926084,-0.049556491582206985
-8.678954060931371,-0.0017361425173337659,0.018989762440836687,-0.05597015707512968
-8.67486084369041,-0.00037618980950686727,0.027367042890573505,-0.0351546947211476
-8.661465835033551,-0.0010559201440624982,0.023061515077934594,-0.04595416431237529
-8.652481229084627,-0.00163576478136967,0.021101265650372854,-0.05471032540179265
-8.6445850308547,-0.0018477480182508127,0.024551791271037633,-0.05039644164064693
-8.640010709044526,-0.0009354036901057198,0.023003441175951284,-0.04211607951177375
-8.63012416588309,-0.0009719946528145998,0.01665116837508442,-0.039080763400365065
-8.621069420414461,-0.0012418213370236147,0.019898239577513632,-0.052708556457118395
-8.616202025919243,-0.00017021420938098807,0.02140331686467547,-0.0399913474770215
-8.609251204451207,-0.00046016299905617765,0.020857793819947703,-0.03828743520478234
-8.598538458541158,-0.001569180601093079,0.021943615206959213,-0.05398636819319752
-8.588056264037734,0.0003923609463700137,0.02060350886546419,-0.034656936176098656
-8.58315378073788,0.0005626824610780027,0.017270740436573846,-0.03243813193418691
-8.578229561992753,0.0005312920868552298,0.024201294229591847,-0.0434426236256326
-8.567530143381457,-0.00015461122660933335,0.023558735679655465,-0.036685900788360155
-8.561857965360483,-0.0005216496916160327,0.02287195228227783,-0.04883259601995391
-8.557672377903748,-0.000699974042582145,0.02493172180281093,-0.04946196044874051
-8.541739999086387,0.0005561027166322391,0.028530418995439472,-0.03169791207253126
-8.535474226613614,-0.0011735615453619503,0.023386500801374225,-0.045054348221153694
-8.528887652313395,-0.00025039352060649635,0.02261327096941791,-0.048071389055649276
-8.516278191040806,-0.0007712192890278653,0.027359473515612357,-0.04405908842187186
-8.512310198151859,0.0004686538846095115,0.031246982520373043,-0.02821457094536667
-8.498518963750831,0.0004519812663300968,0.03215066247943571,-0.03203298716767187
-8.492362416663143,-0.000583087951434264,0.03098452271888055,-0.035002168574715616
-8.487316649715858,-0.0021630811421360437,0.021287993388964005,-0.0547676464716425
-8.475196513567578,-0.00020421079725919453,0.03389848364183787,-0.03149272749860263
-8.472371317874368,-0.0004923137836671095,0.029844165923649746,-0.025004140271602655
-8.46721496895748,-0.0015023233908353772,0.030981354319414862,-0.058541562460742096
-8.46165677300783,5.514848459958716e-05,0.030928467415160914,-0.036638018706026315
-8.458975054296221,-9.017320943181067e-05,0.030973265378917175,-0.03274959314496697
-8.4519693805081,0.00031542639567768636,0.02605481317318443,-0.038076703088535675
-8.443801587172148,0.0013086542166070283,0.03194266876279286,-0.02416499433217562
-8.438992112221825,6.064009292859874e-05,0.0270625574947126,-0.03371140837846751
-8.436307663501784,-0.000365081378937673,0.03863985528231876,-0.026182344864847547
-8.433133060060591,-0.00010051882948813828,0.03999549198959398,-0.02004415114849682
-8.420160443551618,-0.000815203189089198,0.027702526965441926,-0.030788892341698886
-8.415413894075781,0.0018200256599440348,0.04036479929349743,-0.01369217094538238
-8.4115176920439,-0.00019459823028335752,0.02347646079661232,-0.03137240130812254
-8.403713374802654,-0.0029371031883444285,0.035334987064646016,-0.041531791995668116
-8.398802386064627,-0.000926114212780914,0.03126458647975772,-0.0191993793459379
-8.392291300683976,-0.0007914805994446881,0.039565001501935926,-0.017983932681224866
-8.386435098273815,-0.0022180157000838067,0.04444400915072621,-0.03541880327770574
-8.38520660185015,-0.0003083169605949482,0.02392364209755657,-0.03660674345421569
-8.378014318584036,-0.0002295529949329592,0.030445792115995934,-0.030169391815167985
-8.367000440856561,-0.0010997306824737036,0.0285357046056116,-0.04253980339329812
-8.36161232139022,-0.00167809011826161,0.036324308038244275,-0.03357923991392965
-8.358878187873472,-0.0008694731684111272,0.032011157608063855,-0.028367510363671668
-8.35456303541322,0.00011506827486969862,0.03331703798352279,-0.02173925419636453
-8.349756646131615,-0.001640111180177124,0.03683298718407781,-0.020469571653974873
-8.348929446049526,-0.00041865301463981546,0.02827059319835809,-0.03054853352914669
-8.345599033999191,-0.0014319712581843226,0.019435234218442607,-0.014821130666816252
-8.342899700975858,-0.0018368034119994156,0.033627314486641365,-0.038059719902273116
-8.336879865192994,-0.0003638591476650946,0.027545968065749205,-0.028259319531051274
-8.330660837680805,-0.0004946555743639994,0.027949065335327657,-0.03146471692743455
-8.325340703110328,-0.0011953496818939023,0.027774618429239332,-0.0342181139410022
-8.324100825250847,-0.00033459382077019725,0.03374462056035939,-0.025269780300689885
-8.321752742733738,-0.0003173496101429101,0.02728648205818292,-0.042127528391725115
-8.315742637448984,-0.0017444281020809439,0.027224863800319167,-0.018178789990815045
-8.311099679790873,-0.0015789412934467566,0.031965320522504975,-0.04633044910552801
-8.309319014320806,-2.571552183433153e-05,0.015281254582495052,-0.027139926627791112
-8.305389645603777,-0.0002277021328050225,0.0304110472366889,-0.04709620334108891
-8.298070324412253,-0.0008539256442456126,0.027922178932777736,-0.032084249482663994
-8.294032942410105,-0.0014459266736967147,0.023976081216375643,-0.02378440104464911
-8.290844471783153,-2.188575269220351e-06,0.030202573162387707,-0.02302930918711159
-8.282976922865,-0.00046787548470259406,0.033996095610779695,-0.02344163339173859
-8.275894974618243,-0.0016190161502518449,0.029787710817727693,-0.028535783869741562
-8.274859666805861,-0.00032249811897884566,0.022507356234944424,-0.03658246487661398
-8.271443266718272,-0.0007179715644594644,0.03307522338575828,-0.025971243816560435
-8.266316479666877,-0.0002089362626245277,0.03171700939503531,-0.03224477174940689
-8.263479687767223,-0.0009634537320019743,0.029202835784299722,-0.03356853840246617
-8.253401042421602,0.00021628605253387674,0.027783204134057257,-0.01751482021902945
-8.251265738553661,-0.0012604726951546308,0.01942215421085299,-0.024299636789063245
-8.246741584515611,-0.00035355327156832197,0.021727655010805556,-0.02504106207731611
-8.244743209022232,0.0008985374260435349,0.02993954835098637,-0.03185853629913635
-8.235691698473936,-0.00028420245165013195,0.023504786145134744,-0.03991761978112731
-8.229932679513547,-0.0005890069137559299,0.027404703068742008,-0.020158933041033836
-8.228676416943003,-0.001019261831651216,0.02406670474164314,-0.03156381809667865
-8.221217221772735,-0.0018931202082344513,0.029815460455546915,-0.024111948861630896
-8.217927215804378,0.001304807508034589,0.030243589122896222,-0.014208458100965311
-8.213092893643179,-0.00024546249762749526,0.02851650501543893,-0.02863320777476787
-8.201319357084063,-0.0013631245050259543,0.02030031948694715,-0.045843894281994715
-8.195876808110574,-0.0019259848168233099,0.016120809306659534,-0.05230327258800128
-8.193146646658,-0.0015971896325155921,0.022768285459435413,-0.042447335863109725
-8.18758280460856,-0.0016531006408417577,0.02588274282448506,-0.0248077050167884
-8.180355926141527,0.00022569559723507461,0.018694605983067283,-0.018196285069642812
-8.175343656945774,-0.0006210298710263982,0.028813180058956084,-0.028098645308230405
-8.172968016619528,-0.00212918928622709,0.025753337742657728,-0.028527967649891236
-8.1639805232803,-0.0005913617288851915,0.029242580891490004,-0.03065849458070875
-8.158477094587596,-0.001759097775704137,0.023660642701113132,-0.03575468630521109
-8.155260227777656,-0.001048170616504704,0.03352798273474984,-0.016997124756552913
-8.14923400913174,-0.001040115427464717,0.02354674991926482,-0.019923785743924834
-8.140611428302176,-0.0018092890273857258,0.03228592942793875,-0.02337835215067712
-8.13480724242676,-0.001032983206465606,0.023960940201929157,-0.012261660350768342
-8.13248053346258,-0.0009621866824784469,0.030708436070068616,-0.010073564836446499
-8.12839656882807,-0.0013201873544257034,0.03284592231872015,-0.0065796036200704315
-8.12642367754084,-0.0015236311943471487,0.03235484311799113,-0.00908182058634582
-8.121356480481328,-0.0034953323499626256,0.021781418693534296,-0.01848607524469315
-8.114925485424044,-0.003950219157189638,0.022446202460456522,-0.02150436326054547
-8.111142116671466,-0.0010388489355925854,0.03327134438913856,-0.01091182792506601
-8.106359252799704,-0.005155881462156745,0.018630949424673065,-0.012131067466592092
-8.104220497336609,-0.0018776377007617597,0.02228316806394901,-0.04954545067306175
-8.09963009074218,-0.0027633704834508317,0.026532746813739426,-0.0190638822457463
-8.095853129158202,-0.0035599484218680265,0.018509620949887954,-0.02610218219121266
-8.088444269960977,-0.0041329978460638555,0.021618143784146757,-0.02371802693474491
-8.081369791291547,-0.003897846346899775,0.021244793316802853,-0.019108572040474506
-8.078245642241802,-0.0024685170267424077,0.03198978056012531,-0.009008619989532405
-8.075142683582175,-0.0023988065487595208,0.02356866223858912,-0.019191095370270406
-8.067158933592353,-0.0027492145710053912,0.015769253774987307,-0.01217678532821531
-8.060731246361462,-0.002576237237030677,0.02912557360914753,-0.0058637889536219566
-8.055776627276513,-0.0030659005275708085,0.026233904628976686,-0.012333475896373357
-8.051661353834762,-0.003591705003247529,0.023337979737412234,-0.016702967949838717
-8.047497787696898,-0.0034437409478826893,0.02241185811630431,-0.01506066593801754
-8.043060687344363,-0.002974701829677735,0.025688594802932417,-0.02677407638793298
-8.036350388060386,-0.0031673367295239146,0.024052520302380764,-0.046459391786298855
-8.0335283167714,-0.003646585757031434,0.019111580160632958,-0.04076523973952519
-8.027770407160634,-0.0035587815328872365,0.022782505945312264,-0.029624579643618854
-8.026344664040295,-0.004500822358699229,0.014675865748639402,-0.031822328878577694
-8.018672829205055,-0.001995943308949092,0.023748338105854635,-0.03088904980863151
-8.007568698549957,-0.003515786677433302,0.013566756856998808,-0.018615579946694456
-7.998071993155053,-0.003823551918718389,0.021339360181300594,-0.01736530027240446
-7.993304021789326,-0.0023420351793905086,0.02210996438520873,-0.006647167406772913
-7.990353477155949,-0.0034044301742473288,0.02292047041728411,-0.021232027945966608
-7.987771107391142,-0.0015097398337378645,0.016450954276202794,-0.055216091968691
-7.982311737993688,0.00015810864039375277,0.02764555957800526,-0.005343200034052945
-7.98132212966284,-0.0007910183828747672,0.025172727340746152,-0.025595950127731967
-7.972238059260477,-0.003037945301397068,0.015969146651328554,-0.0010292092602267177
-7.968036721499773,-0.001835149364597812,0.01833567957690805,-0.03752484901888789
-7.964323943885058,-0.001376827144839069,0.023653592736104994,-0.031971383000034784
-7.955694071471461,-0.00018128237578032155,0.021146168366451702,-0.010313229637018933
-7.952610168015596,-0.0015358968124102195,0.018501132381126294,-0.034474884637039446
-7.945954188907945,-0.0016261128386764712,0.016071780234226212,-0.019111036860676747
-7.9414881660916175,-0.0021198535627994872,0.017170748871921288,-0.02937286110836253
-7.936025230059277,-0.0025246184061834,0.009526296556107015,-0.0062788860568493985
-7.928853506630233,-0.0008209743337075426,0.012455374752170643,0.0006813397173570555
-7.92505173467083,-0.0001678339417117308,0.021122078446898805,-0.019954352418730975
-7.91949762983478,-0.0004917457653742612,0.012038893299092912,-0.010292046644043725
-7.914497782025637,-0.0003872906216938602,0.02024541072085707,-0.0017801501605963477
-7.910212502614187,0.0009219597749943872,0.020554999775080955,-0.013841942951764373
-7.904009630457785,-0.0008385545687477338,0.0090327181517726,-0.014647153441512661
-7.90183026104518,0.00037541510433642913,0.014417515008475865,-0.005104407337212074
-7.900829389906218,-5.591695696455104e-05,0.01739909558570019,-0.011053004448423335
-7.895647131703411,-0.0012581608513826767,0.01563577116730508,-0.01583757690115903
-7.885858092282871,0.0007526253706391697,0.009940852694989294,-0.013817612634726022
-7.884886539004502,0.00026322015377574387,0.014854948543528005,-0.010482440094741382
-7.880529156688883,-0.001141010199405177,0.016554488356712124,-0.00046655690763391363
-7.868081899100419,0.00012167473475028736,0.017228393662036906,-0.029215859291773387
-7.856373075279393,-0.00045186616025754675,0.019596511606417524,-0.0126218845689215
-7.853506608415229,5.328589115500477e-05,0.021604695639738734,-0.048378278308510915
-7.849542375748685,-0.00026556285219274346,0.019813090469130937,-0.03462974276229348
-7.849454080251233,0.00022119303528328954,0.01831713334682239,-0.024061897889618447
-7.844055988639054,-0.0003022119376195455,0.016806038224580967,-0.021704520224999177
-7.8361544595847885,0.0004512205532785961,0.01648469233501466,-0.020068596126118048
-7.827243601747685,-0.0008574618244103689,0.012159068956095408,-0.03764085041846331
-7.8245703941849145,-0.0006902014033477235,0.017620224528470934,-0.024097302042890806
-7.8182731259703955,-0.0011609451874380668,0.012120907714069694,-0.018927992963210263
-7.814614262617621,-0.0008064449679654096,0.010567359582693395,-0.010686729469121328
-7.804199212147535,-0.0016874929788769195,0.02164866739375543,-0.008459686448969743
-7.7999729457442575,0.00029229914562388127,0.016495751173931764,-0.012428845837378327
-7.789513016140166,-0.0007649850926647885,0.015502975835899864,0.0007479112430168784
-7.788946793092003,-0.00014392318138035077,0.013181591409566968,-0.012298736778239979
-7.786470013373851,-0.0005655421523865727,0.015564108120047918,-0.019841068593320674
-7.778303369663151,-0.0006539772774475664,0.01964671080005034,-0.0033456724671100946
-7.773008367895679,-0.0018047473622093536,0.014281797216797442,-0.010264242741563028
-7.76848273722483,0.0008236995221230133,0.015430793158737643,-0.01049795150630223
-7.764080771522937,-0.00028323708306464147,0.01285734182446924,-0.008974552226860256
-7.763555632146201,0.00041001488535727485,0.01703255179059399,-0.0038137211261587167
-7.757901719416343,-3.52145095343268e-05,0.016012061412256678,-0.0019173512896210442
-7.751740698086846,0.0002225752374982779,0.018265947126233587,-0.0009870314830607888
-7.745904854106259,0.0005572201517013158,0.021946456821986225,-0.00717446522164966
-7.7444974389064365,0.0010865833990213582,0.013672583090218815,-0.007832646616090497
-7.734313393839874,-0.0003061352091737643,0.01816290569465828,-0.011508679432594683
-7.733131876643267,-0.0004613267544319681,0.0147439020344971,-0.004159829386524458
-7.7310710174362205,-0.000959052686729172,0.019580419996593355,-0.027089754202429792
-7.728199071555264,0.0009308226772626734,0.01564127166773347,-0.01773619724049999
-7.721907204295599,0.00014266324011790796,0.014385338619189912,-0.013739843338813233
-7.717193004664435,-8.408387031041122e-05,0.014977261163176606,-0.009629116837910899
-7.715754310729778,0.0013646901408809202,0.009142805472638921,0.007386365317497339
-7.7110762812666085,0.0015861124230619808,0.010893762187973558,0.005914290919736824
-7.706082001167612,0.00022894513605577416,0.014639926637212692,-0.0009129878713808904
-7.700427692826862,-0.00013686514265047158,0.021022917148849553,-0.02340591174450493
-7.694328431994028,0.0008107768517926404,0.013922974124249666,0.001409535187816548
-7.690957751698995,0.0006314008422369352,0.01429087181094715,-0.005010104429232256
-7.688026532046419,0.0011158746737712532,0.014719961958649,-0.017415294365092496
-7.686470106033792,0.0008625040759826271,0.020780428351346837,-0.011183414887450085
-7.682429301587293,0.0006576198548084606,0.021452619758132785,-0.0023530254304129365
-7.677142774667589,0.0003949371264134881,0.014217400611962014,-0.015187260025976443
-7.671213853957245,0.0015024595925728415,0.009987857176300288,-0.011458753475525768
-7.668776454777616,0.00020263646766318578,0.013060381921948458,0.00535139909105852
-7.6666969213254745,0.0015170435831894126,0.009935212500162516,0.004129876474858671
-7.662936632070081,0.0006520953280583381,0.013796861171163376,-0.016003339886192722
-7.658818065460032,0.0008034832244686612,0.009565323679617592,-0.02381953528877754
-7.653021596387826,-0.00031343350387149916,0.020244524452528508,-0.0006545434049793582
-7.649423627350904,0.0006071407445150192,0.00836553667619912,0.01079274829153551
-7.64090880184576,0.0008268350445867236,0.011507409025725352,0.0024909704143361564
-7.637827561209477,0.0003440161919077389,0.010093939890436764,0.006999302590454121
-7.634093506071324,0.0012226602882317672,0.012246065972671173,0.009670720268523449
-7.6324160354976245,0.0009599468672395944,0.008557351536954064,-0.0022231118527585242
-7.62842509875705,0.0011524625402297506,0.01512484103249822,0.006353872081747723
-7.623955588627883,0.0007735034306886061,0.012011542852879892,-0.0012523404097204308
-7.62106371464313,0.0004755282146792426,0.007967326246196919,-0.010493111235811607
-7.617984146118444,0.0009898011820505279,0.012133453331495717,-0.009375651167831048
-7.609308087206996,0.0017813850645652706,0.010192385123069891,0.005353549598365124
-7.606741723521254,0.0007404201945948142,0.008138215424522168,0.0053302469522422445
-7.600616235602739,0.0002975164525868205,0.011467151623344957,0.009791471668049091
-7.599560838250096,0.001011461268404321,0.013292966258610255,-0.00854553977925839
-7.596457753138975,0.0007910636765117298,0.01551418712635275,0.004072638598642319
-7.59341895402039,0.0009061974064517877,0.013193741434962398,0.002474017625341083
-7.592543819936182,0.0008970697184999477,0.014074422288233525,0.004256352753203797
-7.584485193936963,0.00045151207471636737,0.013645465139909116,0.0011577881805793794
-7.583870589066225,0.000525750878507583,0.018282215240939568,-0.0008093610433678494
-7.577916801545872,0.0027960828761111173,0.013672620405469977,0.003646804703395233
-7.574305727963763,-4.690166411200623e-05,0.017050991225235495,-0.001896877403578423
-7.573226298002987,0.001173272385782308,0.010060968030092347,0.011185437223381249
-7.568029385815734,0.0007810595805974711,0.01535321430800676,6.242906122424328e-05
-7.563693979910489,0.000933222418341576,0.012945675365764447,0.0034057377476879986
-7.560083177251517,0.0009118211260931763,0.013991735642879258,0.0025206812344597557
-7.558803866797358,0.0007630094302537604,0.017603447781998474,0.0003592660003512853
-7.552245224679904,0.0007392584493878882,0.016048744458960464,0.007455834769882933
-7.550586200665243,0.002236465785829939,0.010862606199340912,0.006214092006461039
-7.545231930718744,0.0025931729886075196,0.012329654485527653,0.006352641897413782
-7.542590210552676,0.0010723243316918946,0.012101988190982462,0.00827747890093571
-7.540404071063453,0.0020476539976088544,0.011383383377708424,0.001472362970885805
-7.535510674666579,0.001890335992051581,0.013946651279728994,0.011967947639026604
-7.5326747907399545,0.0018663634125601065,0.014949080918342851,0.006877540762016462
-7.531102638014188,0.0015615155134696456,0.01082601545922179,0.014421943985903251
-7.526063372549659,0.0022354661271993077,0.0071495014998104135,0.002909067254893605
-7.518029623913904,0.001646035702971422,0.012837920387774314,0.0030945606579740664
-7.5170296094514795,0.0019351673950106709,0.010414294116808758,0.0031455295975967986
-7.51508489841789,0.0019724986960942543,0.01399100017071935,0.008957006137616946
-7.508176523123703,0.002086777576085751,0.008460098859626307,0.005250433806577756
-7.503016385207396,0.002173099684488032,0.009069541661852733,0.011943349595945727
-7.5020349924336545,0.0012756452779297898,0.012098398432580518,0.00598721282861182
-7.500907671526121,0.0017560288101135064,0.0098824242591578,0.00701289045633888
-7.496858443508976,0.0011579079255236652,0.009735167040357056,0.011192074005310382
-7.493358851548483,0.002222376782865188,0.007250794929994235,0.013500750967121075
-7.489071418718637,0.00182473105166905,0.008600387664060011,0.01609454604751639
-7.485516139372726,0.002088875731424122,0.010450611883040875,0.01175698150858454
-7.485119707706873,0.0024575724778951287,0.01153082978441844,0.0085890771498305
-7.47553284383588,0.0018620744536724679,0.010012917209834904,0.01772298437390697
-7.471962581620411,0.0018411825119067544,0.009260514792295206,0.014392304586980759
-7.47095450536324,0.002511216236764936,0.011310519151809195,0.010060174774958961
-7.467970738009686,0.0018773565620759016,0.015740976124488108,0.0033292896325516474
-7.467820851589567,0.0014645432402313815,0.012529256808033434,0.010429339671323402
-7.462556511168526,0.0024401677469490586,0.007902478724686267,-0.0033075772310466795
-7.455528919753753,0.0020028425945814573,0.011912568991977835,0.010624660010584737
-7.448914281486845,0.002395108971850024,0.0053041136069831895,0.0057360878303355485
-7.447782744951393,0.0026928037103566694,0.007866228372883763,0.015532169412212228
-7.441434195906062,0.0021996049468852533,0.007595424141361583,0.012622805885041288
-7.439458566821194,0.001982852429882011,0.009501319231727019,0.005681035057421012
-7.435696823843554,0.0028890229994057185,0.005650607173786366,0.019196867853277823
-7.43004830875905,0.0019722578116532063,0.012321400740823121,0.007404602133865423
-7.426556665461604,0.0026421919381832294,0.008142329368489685,0.011033066812292661
-7.4218383097260645,0.0027169598927759405,0.006916120279644805,0.007321830263576608
-7.418887969003477,0.002000447627029546,0.007707464481123244,0.012079217093703598
-7.414908276898784,0.002736592672286679,0.01028026279762892,0.01221899693912242
-7.4088480814192215,0.0017524732058501046,0.008221904249303379,0.01091611037235209
-7.4074815825770255,0.0019299385572265832,0.006653587866305708,0.01289722133321104
-7.405532690255842,0.0018301989376687659,0.006950044623678187,0.012892928810608141
-7.401346968557769,0.0020424730454703397,0.009290034375103394,0.006821948059958297
-7.397628772551338,0.001596940706315776,0.008472751621731524,0.0053174035325673176
-7.394091996752265,0.0017616782201773187,0.0067455170269775854,0.0003077620223606948
-7.390042277008771,0.002548796864736374,0.008237680071276501,0.002792985447765584
-7.384920107324008,0.0018678662372771258,0.011696818607710888,0.011408878234623308
-7.382077716186339,0.00295171456702144,0.006423888823242943,0.016094634238144886
-7.376024864692296,0.0033907679586353116,0.008118170838217427,0.015814943311029523
-7.373275188916579,0.002905904746003649,0.005164205245425886,0.010867736796406069
-7.366061461118125,0.003024505070001044,0.009429246963395014,0.01278172770908292
-7.362481173895824,0.002559755092277799,0.007586773354806445,0.012974197616596966
-7.358959526231407,0.0019272029059878605,0.005610288872593118,0.013517155671935547
-7.355269370336585,0.002512370711210944,0.008635340749307252,-0.0016831589376008526
-7.353021020115554,0.0026391148538302414,0.007464176652524536,0.002928930231788405
-7.349771264965963,0.004067375148728165,0.002439819855948345,0.010320975608645814
-7.345410860916414,0.0029177812959081456,0.005861202116314412,0.012184750903236133
-7.341733137946938,0.003609804170863308,0.008389103096141983,0.017577231043205462
-7.341162078046319,0.0030152919477652697,0.004996688987936897,0.012851823016420159
-7.336782682368108,0.0034801464990948305,0.006585939145199823,0.015653630508871606
-7.333805546826153,0.0037041814648762685,0.007024599470509505,0.011080938380012218
-7.330385797845756,0.002510607474256609,0.00545063149245123,0.010872682430479745
-7.325161017717176,0.003181028808009161,0.0032472510072558062,0.009177236801457142
-7.322523052628241,0.00273993000724027,0.004148938796144916,0.016844407615316432
-7.318242335500846,0.0031084665127937582,0.010128500167704835,0.012111720323669922
-7.313661731259761,0.0034063310887334644,0.00606651566583835,0.009392633444228167
-7.31241683787401,0.0024918977968914455,0.006854415995144859,0.00607476453761742
-7.308368856211843,0.0036053208644579175,0.006900778150942239,0.009654654806811106
-7.3035129520194495,0.003266688163019754,0.006164292650095249,0.011587096471417245
-7.300902946821577,0.0028012122041722798,0.006642605331973379,0.005635374439527554
-7.297855227310626,0.002715038668828703,0.0035517408241507,0.012329910951065991
-7.293042926227644,0.0034174249931442275,0.00303297082649168,0.015946445705602684
-7.288676768822745,0.003439167861427172,0.005975468314683569,0.00430800588559035
-7.286303516887733,0.002813619959586043,0.002971158396766502,0.011093928733829991
-7.283850978146035,0.002880796961764605,0.0019339276166764393,0.011050926001434666
-7.2776731475368655,0.003383642163172991,0.005525747684930029,0.006860951329455297
-7.2715472503819205,0.003861843485343953,0.0010760709598744982,0.013518369212594611
-7.2702967105740655,0.004192709180312891,0.003299398850248215,0.015199982027075008
-7.267273061319278,0.0034890612449540487,0.005134529789715253,0.016739820109617602
-7.2614416635397765,0.0026598102644033597,0.005098763818134911,0.001128267560539651
-7.257134614797616,0.002851514457213322,0.005134187614093038,0.014188570775918464
-7.255732136766105,0.003711238216470545,-0.0007817327229101199,0.02553942021242564
-7.250269158012641,0.002643297965464432,0.0006727400546751589,0.010599284317856153
-7.249920862010045,0.0027079528462711,0.002366530988190118,0.013892317073833363
-7.246198161403958,0.002448905023429047,0.004247789503548706,0.017223706185299278
-7.242396845277065,0.003223598917732199,0.0018811810027474138,0.014775595039727358
-7.239225672554111,0.0030313143685083708,-0.0012515935541778894,0.021047890157505654
-7.237037458200365,0.0043208567712220165,-0.00040674030485577506,0.01616148925412259
-7.231013849687389,0.0031405277219849915,0.006268177101610649,0.011726720726891095
-7.227137151475301,0.0033089759173869737,0.0028312755657889824,0.016413864442793028
-7.224622592454048,0.002147415659999027,0.0010619628058989227,0.018519084144111166
-7.22236288185311,0.0027042828833138987,0.0006289897530419436,0.020744800807761938
-7.219719790481562,0.0033964957057205478,0.0025933461832614467,0.014500562564970423
-7.2173441734416235,0.00346210269015597,-0.0019852964901435725,0.021035156021100503
-7.214198880392611,0.0021409157180383802,0.002256154036935562,0.005244753643527133
-7.209987176876767,0.003771479441779213,0.0023490951802397604,0.01658314500951022
-7.207998326209316,0.0025228292630587765,0.002329940158400022,0.01144827465433977
-7.204954209601266,0.002225331255486213,0.0027041506977211437,0.017176046768730996
-7.200108753867345,0.0035154676566084416,0.0031309227502223876,0.021544869125082147
-7.196361315490983,0.003461835842991931,0.003752879900909416,0.014949702088392301
-7.194753612340157,0.0021478977951051564,0.005453888865218346,0.016330949674912464
-7.186433467226388,0.0032394568643426686,0.0008992734438648048,0.02052261911222168
-7.185821339618078,0.0034614992506313514,-0.00021271814223329654,0.00707221375108808
-7.184875400289425,0.0019190185265065619,0.00449130859826694,0.006999333703474327
-7.179790580442505,0.003518343016597557,0.002812211202075248,0.01595493346887811
-7.1747093232007,0.003747336367364479,-0.0038794755335549618,0.009655951223221207
-7.1712943393656525,0.0037876013535049764,0.00045951026884148493,0.020990559261130488
-7.1675262367286425,0.002564945845752366,0.004277096226398433,-0.003250085992736184
-7.1593175394166675,0.003235001050122056,0.001333131121684074,0.021670117147897492
-7.1568354135448695,0.0035792033276525895,-0.001880485006975121,0.017346557501326843
-7.152699158366718,0.0035469603435328086,5.6764318979221563e-05,0.017443532279748944
-7.148739273694289,0.002587293548240173,0.0036921127738479887,0.019493116799450892
-7.142376799997209,0.003991873186294798,-0.0014496180872570355,0.011531583351581646
-7.141344596379113,0.003825269767768574,-0.0007082323752126137,0.02514726614873979
-7.135333234759857,0.0036855286347960347,0.0005784933088452853,0.020432165198557714
-7.131860427732686,0.0038336798045192555,0.0011540341392062155,0.026144536500850756
-7.129120623658814,0.0033521375017777073,0.001500719961131986,0.01857732832342696
-7.123161911389825,0.0030731818514064427,9.780876331707288e-05,0.009650903777985715
-7.11914435531389,0.0036043117962092364,0.00070831503644431,0.026637919043160516
-7.113530824606424,0.0031557493789678343,0.002486570762562811,0.02018947259856673
-7.112104630584533,0.003981524322543042,-0.002860287094852504,0.029826040004431748
-7.1070551960802755,0.002423909953183141,0.000984567688122049,0.02576304566694687
-7.106280505762235,0.0027590375283171676,0.0028770652088193367,0.010608095286299848
-7.105072754206663,0.0036799216041445582,0.0007991791042142602,0.01167933957227455
-7.1009211232617835,0.0033676860830952195,-0.0004831483155726995,0.024226023565865402
-7.098194502958986,0.0033234368339355148,0.00043252482643386334,0.009565979768391459
-7.0966148367272215,0.004294043133243482,-0.005030658335814614,0.021525972351073498
-7.091564787273882,0.003542741279869426,0.0011909807846323555,0.02359417168748928
-7.08823767416106,0.0033372448274285064,-0.0002748988421213473,0.018238804098200403
-7.0828740201378215,0.0040109006126779504,-0.005230679043330775,0.01872045134842679
-7.080602356800976,0.004558018921210055,-0.0006150558086738373,0.01998409577209046
-7.077436014785956,0.003943363527531405,-0.0026679444328355697,0.02525512070232991
-7.076562874838089,0.0037202631613139814,-0.0016386796110979217,0.0131886319772972
-7.069166779044639,0.0029048734921708606,0.002110665153731134,0.02278214964491186
-7.067695981926557,0.0033918070163917644,-0.001095575839539551,0.0179766708324784
-7.063519129082025,0.0034074293702084386,0.0006125915907678964,0.019768097483606268
-7.060449160658495,0.003558759486484408,-0.001288935215172438,0.02378480229901553
-7.053560600914664,0.0032548591724472923,0.001110525126877565,0.02349954901281767
-7.0523361501664885,0.0037674803582976994,0.00023040106097690037,0.0213547923539721
-7.049198526313489,0.0037528698830007704,-0.001058265571394618,0.0251631078229477
-7.047311179530799,0.0027799568854376387,0.0010536630451270447,0.028423751017452537
-7.04023384717857,0.0036056367730415715,-0.00113496330139229,0.022409162215238115
-7.036965955737105,0.0036251273686593714,-0.00037374895057122555,0.023687478833403348
-7.034656294370988,0.003804604022490827,-0.0005943384069512431,0.02493870584774563
-7.03128618827753,0.003019453439622782,0.0002937685451280069,0.02455294536711027
-7.030098892984511,0.003980250190895966,-0.0012120931386834677,0.026276238133726756
-7.026109901056143,0.0034177471043920766,0.00012425398355885419,0.024996101456532076
-7.023680417169767,0.004405981701152583,-0.0024913549666375897,0.024412829354217444
-7.022388902595927,0.00447467504408947,0.00030955935411785943,0.01913881008577052
-7.018496777291696,0.004102754447598583,-0.003365406024067873,0.022206396826532082
-7.015534532666049,0.00314955046224312,0.0016153854217285037,0.02126849279718834
-7.013040897760806,0.003375376517729713,-0.00030635799512343043,0.03065709842762175
-7.008112097389087,0.0034956364693143204,-0.0015436840286055602,0.030523726878824403
-7.002359266135154,0.0031849383671910293,-0.0025959734607011405,0.029241588177867647
-7.000564782421873,0.004276928065938797,-0.003574365235506199,0.025097122383953847
-6.996836246913957,0.003282439888896969,-0.0016284573591903854,0.025411986180343415
-6.993634480899073,0.0029045934090752112,0.0005840328290721893,0.02663547350778217
-6.989675664658166,0.003850714370971644,-0.00250803241108768,0.028731042710281613
-6.986157967964336,0.003700704030776934,-0.002268298255496276,0.02899944451511146
-6.9843306872008055,0.003226800041656168,-0.0004984067298766412,0.023333536047610445
-6.9816424086817515,0.0033379524346324025,0.0006034501937945056,0.02507354697950045
-6.976263562087765,0.0032570448229099465,8.156506946525886e-05,0.02476327896189397
-6.9731997096308485,0.00357511542810846,1.0687487590879879e-05,0.030763924754236324
-6.971638132826132,0.00415601025552334,-0.0007209726840037545,0.021974612750213323
-6.966415020617475,0.0032159932094474788,-0.0003240267227698472,0.027717847582523956
-6.962970897855341,0.00396263957632941,-0.002099584407090404,0.030830156777988244
-6.962299986800104,0.0031674832118322137,-3.351290533576622e-05,0.023945229094294043
-6.9552256111996265,0.00388532270151782,-0.0051277206955915875,0.02858529705572559
-6.953986405027585,0.0037103830201814527,-0.0021904260000733286,0.02975954927709831
-6.953404549697253,0.0034115465929884666,-0.0010203668897695371,0.023824451916865733
-6.948264459078956,0.003692372517646985,-0.0005908335063886496,0.02836434466452108
-6.946084464092448,0.003517474584959341,-0.0031339832397350794,0.02935546354195308
-6.940419758123054,0.003912725660230776,-0.0029245389844348374,0.0296881078947109
-6.938834227176633,0.003629404509068742,-0.0016338707557406922,0.031884518295757475
-6.934303113275332,0.003661212761185826,-0.0016033104698434373,0.029700537533106513
-6.930365197897748,0.0038915805911725505,-0.0021559031975167055,0.027163328453608526
-6.926039472527657,0.003422503417333679,0.00037521506204177366,0.028710936999832876
-6.924543196290988,0.003925623721905991,-0.004188999127335356,0.02813981242772942
-6.922763512011049,0.003916898345982723,-0.003272758457682919,0.032576832209922406
-6.920968605381656,0.003925014340061604,-0.005712949219516441,0.03303375098059691
-6.917073016334407,0.003080842959725892,-0.0029921397017067795,0.03367141293879138
-6.913769625495168,0.0039340266384801864,-0.0017481558377676677,0.026824121142480527
-6.911522478785303,0.0033941765947680456,-0.00012211146502780256,0.031191475092714922
-6.90715306374821,0.003942493043870309,-0.0014240378488842985,0.03312339789323517
-6.902064204777479,0.0035648913059666072,0.00041995038731353117,0.030043005984428408
-6.897028109831401,0.0037916974912266758,-0.0029679250787258736,0.029160778367129363
-6.896420083699857,0.003709666708218483,-0.002998581974735448,0.031642337460242836
-6.888422566660913,0.0031974333067543363,0.0007103334662534844,0.03260281635710639
-6.886531558305058,0.003403063978897832,-0.0014030173182693283,0.03652900207210322
-6.8847866366313974,0.0035459094207582987,-0.0005605547539169524,0.03309961067868163
-6.883257353517224,0.0037810043617472525,-0.002054059290631444,0.03179167634488049
-6.881640436924945,0.004061577833416627,-0.003969802261934652,0.03223811038499129
-6.877007561544419,0.00336256571154332,-0.003887441440461698,0.029959567645047418
-6.872033863937088,0.0038949506733676,-0.004390835939488738,0.031493882607056455
-6.868547285080852,0.0042494238488719575,-0.005203484425667825,0.029028154612030507
-6.867614411337318,0.0035899018250809796,-0.0025733387139865323,0.03353340093314066
-6.865281369677481,0.003141391683249687,-0.0023214799586267786,0.03089735406383679
-6.862806829580569,0.004557402671544686,-0.004180445897874456,0.026123529451968854
-6.8590600017816685,0.0035608336146716797,-0.002438954263403546,0.02890750422735061
-6.8571853837068675,0.0032412721619127956,-0.000252215654436562,0.03582532100361492
-6.854759787867473,0.0037571921169943763,-0.003714613254441954,0.036589763412417514
-6.851517650920263,0.0038307369587140217,-0.003444557676905894,0.03304321967146175
-6.843991943058169,0.004043978909706163,-0.0047782343826913085,0.031309106808794396
-6.84352788237009,0.003286540290002262,-0.0033963809942352745,0.03313009799204369
-6.841367854671806,0.00447165962195367,-0.0063560114049101045,0.029781962274408446
-6.839286792383678,0.003779804449952098,-0.002406252053666777,0.03209129391139697
-6.8347160809293,0.004023087257101297,-0.004238840953116598,0.03091473374408876
-6.8303373558201885,0.004038754859655824,-0.004689117592735269,0.02875026359180964
-6.826145536100129,0.003976843666724529,-0.002576564137725159,0.03050773609661164
-6.823129986536906,0.003783884912426099,-0.0038886287387062076,0.035548753018809026
-6.8200357615738785,0.0036474261214921497,-0.0022848558753954186,0.03468956023942328
-6.814193437070627,0.0038030292975849258,-0.0028745287459209625,0.032698669940949616
-6.813231992069224,0.0037185160370747433,-0.003537791480529324,0.035615288310888615
-6.809080076772058,0.004857280062776572,-0.0061460519957370835,0.03320160305974227
-6.8070140889168735,0.003727715722707022,-0.00370329772855456,0.025243344065816714
-6.800620447112539,0.0034789697523373688,-0.002795208801364826,0.03548903098192392
-6.799533784270135,0.0033730620307367795,-0.0021751581916636285,0.03358860555775047
-6.79448380222165,0.0042452069236298025,-0.004267463853113174,0.03158934774170424
-6.793332259032204,0.0034353933042815398,-0.002819358766356996,0.0296824348836671
-6.790815955880723,0.0040382750914705725,-0.003912074229754005,0.03376895778159244
-6.788326766752593,0.0036500372937083763,-0.005235129624747419,0.032021146444495316
-6.783374407452519,0.004148671978022412,-0.00575403848854212,0.032116800236750814
-6.778566437416942,0.0036064040310765095,-0.0038887302308808426,0.026435574884269675
-6.777642614848893,0.004238854491734891,-0.006185902216921662,0.028441518261666646
-6.771537150026251,0.003365022831392747,-0.005642987556011369,0.038709090924528934
-6.767195660180345,0.0036969369709510726,-0.004205672625391315,0.029881865270389513
-6.765070533095949,0.003720514701093382,-0.004053157353906094,0.035801728848326955
-6.760668513364376,0.003693660211119684,-0.005580431064800103,0.03069200978796912
-6.759170769435219,0.003650464268698482,-0.0028607909407916366,0.036271953515914
-6.7545837277295036,0.003932644729164788,-0.004808318267539129,0.033154539253842825
-6.752884498178591,0.0032523206653255043,-0.0036867084579247297,0.040094155925902854
-6.748832217056661,0.004113822689524039,-0.0037427893640086117,0.036757050400214236
-6.74730157922421,0.003563434096884521,-0.0004709057419646638,0.03523047319800591
-6.7457743464547475,0.0036755324535654656,-0.0033792751456136207,0.03123354192017886
-6.7397385134999634,0.004409463379854448,-0.008121883098118829,0.035904738576179956
-6.738405354372981,0.003736037982677611,-0.002863293721371011,0.03346785053318386
-6.7357490510514495,0.004207671436697053,-0.004879373923174324,0.03388080907674624
-6.732719765102716,0.00470253508959931,-0.0089225748593799,0.03600266308077597
-6.728756571059246,0.004821824739756104,-0.005674774473391442,0.028506229537883426
-6.722515701598766,0.003827024436969159,-0.003946617487496539,0.03685032598635712
-6.72090820122192,0.004468256320290999,-0.0033261068724227995,0.032714181174939676
-6.717196021855682,0.0042399402003991185,-0.005602769083598465,0.026049895025122522
-6.714863193246154,0.00494929012218522,-0.01186333803403507,0.03333580188368806
-6.712664064379387,0.003368689423466952,-0.0034661092648871315,0.03514157917329956
-6.707506227889548,0.005162700774361743,-0.009638349323877958,0.03766145450863209
-6.703761356267004,0.003633395673861047,-0.005494754680645028,0.040552836689866166
-6.70086656544899,0.003949369790545736,-0.0065935165760865645,0.03877548787577246
-6.698029910296648,0.0045988719891112894,-0.006326271720721259,0.03166671256986728
-6.694476514147243,0.003997700777638257,-0.004466851006194155,0.040328665701367866
-6.693967453012258,0.004245593388922399,-0.006043930386807359,0.037318051687708166
-6.686934317553736,0.0037619367884768793,-0.0035862699323284918,0.03785052253072141
-6.680634968973222,0.003921738105742013,-0.004041027162766456,0.03429355366746374
-6.679761603269732,0.003096867349146714,-0.0028630025715879804,0.039131016258543996
-6.678944787595058,0.003456450018114406,-0.0031613464980274697,0.03755316490411135
-6.674705653125316,0.0038880433655657767,-0.005181610432557736,0.03357376430181301
-6.668991315628119,0.0038853699642010307,-0.005002725317465121,0.04110498442291868
-6.667665326901103,0.0038527517113785335,-0.002941972156540606,0.03757728131233372
-6.663082602327518,0.004389357041399894,-0.008202518281149913,0.036779389905822815
-6.661130360231405,0.0032664926443436723,-0.004226318418835961,0.025546564122674097
-6.657198708491164,0.003624376319382701,-0.003267228130661853,0.03725430491011503
-6.656198810225772,0.002660837333682477,-0.0010895447111584416,0.026447656950751915
-6.653248419303015,0.004603585112115411,-0.007387925922110467,0.015963163913908257
-6.650525826924076,0.0037602326839162236,-0.003792998881204461,0.03618764723078253
-6.646369719155561,0.0034219455179959712,-0.0029732574521907393,0.03095772278668803
-6.644902352873129,0.004483954991218174,-0.005950581974241563,0.029182052988019142
-6.641383262940741,0.0042548499216896705,-0.007992286202924213,0.03365358506990908
-6.637391761426119,0.003596197195307311,-0.002153910997955306,0.03239515269900711
-6.633550286325137,0.004027211764010537,-0.004050366381852575,0.0322166169154476
-6.628906320682788,0.003929002229793845,-0.0075649632076045525,0.03253104621265855
-6.627649055692953,0.003933921543669806,-0.008275185200106205,0.03386173997387576
-6.6233758251323644,0.004219086317044876,-0.008895000676280154,0.03632275458724285
-6.621337234606453,0.003861580663142639,-0.005088488876963986,0.027436807316281186
-6.618375102341686,0.003672029913352816,-0.005153476519086032,0.03149984045543115
-6.617437893212631,0.004893948157475288,-0.009046409651406045,0.032795228554626375
-6.6144480446353535,0.004075290654714335,-0.007184618402242964,0.03922274803127156
-6.60979491969831,0.0035697543305266135,-0.004330367862005671,0.03788143127512884
-6.608130582987373,0.0035325041519481824,-0.0053084406869764785,0.03638364716137893
-6.606464006622188,0.002817258296256403,-0.0033677082469987466,0.040779322192057155
-6.601629109049222,0.003396401361155716,-0.0036478992026235794,0.04041848026106926
-6.5984274253104145,0.00414923573259626,-0.005219133549560125,0.029496378225943372
-6.595177865541193,0.0038582707674987833,-0.008272986123059618,0.03882778997056718
-6.594190120202588,0.0032852671206894967,-0.002494905541588651,0.03767405964002672
-6.59165632692593,0.003930225688305531,-0.00476084443538069,0.03830320516223636
-6.5882765024450425,0.003842440720821742,-0.0021595277681224477,0.0363970105643893
-6.584056751031033,0.0029080084366608617,-0.005749424978668009,0.034054023088587695
-6.582125244528274,0.004608486548385062,-0.007691895443447543,0.03811701595795879
-6.580944978623232,0.004216855875694791,-0.006395866213944109,0.04396300479295464
-6.579587965598294,0.003698635275380114,-0.00593943087020445,0.038974909508110486
-6.571727041649417,0.0037961574677567718,-0.005942812278291922,0.03425885831287941
-6.565529653317556,0.00409141643909461,-0.00575862284517698,0.03801473330385616
-6.563638259728797,0.0036507919442031527,-0.006121056801213487,0.02000023186407567
-6.563311763665295,0.003495004012484801,-0.008192511416403711,0.030781193490307012
-6.559996938568051,0.0038073819589741127,-0.005261982375333112,0.03496031179291824
-6.554917461393933,0.004479554751572662,-0.006335346656739838,0.03384841242541333
-6.551640021311137,0.003859136713895549,-0.007748795304064895,0.04189799106799554
-6.547393107270105,0.004858373689301366,-0.006323555849733931,0.03682326069789462
-6.5446057657238335,0.003967317154424323,-0.0060117737218877264,0.03780833628373571
-6.539691350132418,0.004146689434832424,-0.008244746459480414,0.039972013053979176
-6.536180292843798,0.0033872668012637067,-0.004339259779998763,0.04045991705222789
-6.533811168051674,0.003368790846343381,-0.008766652206190894,0.034253745753866444
-6.530632243883932,0.0041181445256548025,-0.006832794070844463,0.036837882429321796
-6.530165458884382,0.003813513589869907,-0.006249153820295081,0.04108426428334039
-6.52915068666476,0.0038646410809500768,-0.0025176981678331693,0.041651081481516375
-6.52044171556329,0.0035119542551558017,-0.005436861524583613,0.03435027803787375
-6.518198695643184,0.0037921143474944708,-0.006350618180965325,0.04240665461506062
-6.515605849028488,0.004197447102374269,-0.008149464560338942,0.0390110072773423
-6.513067321659412,0.004084303499863223,-0.008184619208827595,0.03314986468869772
-6.510875087256453,0.0028803049751118773,-0.005589888580535286,0.04522836148975233
-6.508053954071769,0.004218815841712989,-0.01034082001928868,0.03112368540061882
-6.5065322280606495,0.0043428907931942545,-0.00652004271437868,0.031198830059060472
-6.504459688800008,0.0038923240155698466,-0.0045564099944244586,0.030245459007897758
-6.497891545263802,0.003669430778213776,-0.007295582957640193,0.042584532001227304
-6.494597427514392,0.0030568482329202057,-0.0030299909812135078,0.04444698956033095
-6.491262051307816,0.005530979933661227,-0.009710060110504556,0.03751980610899035
-6.490091630650818,0.003552814271144747,-0.0045582619649244165,0.03884008337770995
-6.487400225293565,0.003209063651944669,-0.0043332668608194284,0.041132470020733156
-6.48294459635365,0.003756347493990825,-0.005313894495392735,0.04242944822693047
-6.478603990407438,0.003839263196597508,-0.005759568724984756,0.041329555928816854
-6.476334618162308,0.003748861318562655,-0.00534023168514625,0.043283007683592147
-6.473534206097282,0.0042230484813373555,-0.004063743437247126,0.042827346673969986
-6.471072164596317,0.003156268132687338,-0.0027745064458893666,0.03125038651755793
-6.4682235700399815,0.0033136123563584255,-0.005519531286880048,0.04199617977812322
-6.467295418776615,0.004354537971284906,-0.010794663380207794,0.04281973766278758
-6.461112418873711,0.003557663112785612,-0.00857544976541692,0.03616356183675158
-6.457015824384046,0.0034918082841329987,-0.006318330448116642,0.03684998850987011
-6.456694115893008,0.0036496735011933095,-0.006679367721135507,0.039499640157898995
-6.451300808140765,0.003272905481703934,-0.005904732732633943,0.04431169716434491
-6.446516648209277,0.0034801548579978213,-0.0047749764783714,0.04442440699301423
-6.443902657517519,0.003963982950072162,-0.008925874040851683,0.041619461941085366
-6.441580620174092,0.0036988326758031504,-0.0024358718087563688,0.0422610837822818
-6.43971771584197,0.004172722732289981,-0.0063449845528357075,0.038080371070127454
-6.4349867793287,0.0038960095251957235,-0.004704346789544471,0.04309216522186583
-6.434176684437749,0.0036647764064320315,-0.005505972260123739,0.04046132426265436
-6.431248458932883,0.003945098444927401,-0.0067519237762770495,0.04051854284364923
-6.425063528141118,0.003327119624355388,-0.0035723644042196284,0.041607327147563225
-6.422729873084549,0.003667872667895344,-0.005563027036779589,0.04271299817912002
-6.420005774082255,0.0038777295953462115,-0.005185377739363666,0.04412166846497991
-6.416277248886639,0.004538611063785844,-0.008152866812603476,0.04268714516812838
-6.41379031111088,0.003746674809941174,-0.0076936595037598145,0.04290643100441132
-6.409178659841065,0.0034711487940970336,-0.00570797317466305,0.04264676162014699
-6.406579669596195,0.0038088029054210142,-0.007360858940999474,0.04681875191667802
-6.404339872929645,0.003628095150956003,-0.006138348552707571,0.04158546629091786
-6.4035081748766745,0.00400623314108055,-0.008665203952490657,0.04055633168871244
-6.401587582883784,0.0037621821784093825,-0.007624618299012242,0.03906318561077402
-6.397546589297517,0.003994271011271041,-0.005472196083791291,0.040276937004810866
-6.394466344545888,0.004371271266572104,-0.009150197904949994,0.03498330138296434
-6.392521633554983,0.004994434118927895,-0.0080423112863618,0.035941655022175764
-6.391425990004328,0.0035829344621547935,-0.004392851630174611,0.040411754859118576
-6.386207322437949,0.004031927478404263,-0.006884847078083424,0.046073876281082934
-6.38192989203635,0.0032538104165396584,-0.005444232077762976,0.043570039411465554
-6.378802812461929,0.0037596603561256296,-0.005550807135035709,0.042014464711417614
-6.376978921828755,0.0038862280071001263,-0.00935249169762726,0.03973590660782763
-6.376403404815676,0.0036933775960101556,-0.006855661891568575,0.04481563006748201
-6.373215036383821,0.003955438837239987,-0.002913513213426375,0.04341279808888756
-6.368953144606803,0.0031591406760229654,-0.004745151960565193,0.04328233949975603
-6.366927900660677,0.0037505719512325587,-0.008233951534824343,0.04450058223499598
-6.363118440962083,0.0035028606702696284,-0.0044456909503511706,0.04501675599722114
-6.357345699636753,0.003214043243408908,-0.0025793911949007244,0.04628950967242649
-6.355176483772409,0.0031888016752933596,-0.008089643203120478,0.04030706469707434
-6.3523696452161795,0.004727207726348972,-0.004549351477182832,0.04396847132355471
-6.351444945861243,0.0029805814514007162,-0.006463780689580683,0.04662814097195416
-6.350442331530226,0.003316644252796194,-0.00759648294075423,0.0433149389909784
-6.347675170773735,0.0036198614166176413,-0.008066793598949787,0.04422264669101441
-6.344889561171626,0.003530466285020328,-0.004952816138476344,0.043073358527024375
-6.343012977440333,0.0036633497885787416,-0.004977541298901825,0.044071068604529445
-6.3386171672732265,0.0029818559151629383,-0.0048157036391435525,0.04476477171077282
-6.333940736547039,0.0034345610255494333,-0.0068893931295722155,0.04449332187392719
-6.333208891922546,0.003624024225276194,-0.003966324065876902,0.0444675502065826
-6.327455930379128,0.003834587104266324,-0.002498403969919022,0.0460784328299865
-6.324861884723556,0.003876996949766748,-0.00852161568847241,0.045227258358311546
-6.321252388586286,0.003155240038952866,-0.002290550309588628,0.04545253533965569
-6.318981703414017,0.0035765398865276023,-0.010084594925042946,0.04450575523637262
-6.315259075370455,0.003192722844142626,-0.007442183324443878,0.04293400087572004
-6.314089586836716,0.003701840701591612,-0.005803997771199911,0.042674376776048226
-6.31044378901113,0.003773036226309144,-0.007381033555763928,0.04373593541146387
-6.3079560192581905,0.0034668281335780544,-0.005741401787671729,0.04540855024654965
-6.305446855958719,0.003495727007667239,-0.005572008400260963,0.04339730845386042
-6.303139196452787,0.0034597739089766984,-0.005914050916984613,0.042096488434100486
-6.299976230290252,0.0030219134652239143,-0.005714015873555106,0.04898937353822532
-6.297632776728117,0.003563819426780278,-0.007327941592312075,0.04535457820246579
-6.294170332223195,0.003942919427113243,-0.009535671373966137,0.04468008732979079
-6.290903954380968,0.003449344944692018,-0.005797864173414543,0.04918813478816182
-6.285832664495386,0.002966425134145548,-0.007178971142095638,0.04581870987951629
-6.283260847077273,0.0035759396780133505,-0.005605752746866179,0.04763501941778251
-6.28218810245607,0.004891014073224255,-0.013149626877800327,0.03956697660458232
-6.278637339203213,0.0040810526214009706,-0.007179372635512553,0.04486676024104704
-6.277658628684462,0.003827528962071171,-0.00617421754769087,0.042549120707070495
-6.273291279634272,0.0036031782064046493,-0.008045265680125568,0.04562327833547839
-6.270374186729603,0.0031549615216352202,-0.007780454550825654,0.04512459334474338
-6.26663423813014,0.0034087078765565877,-0.008281846274198966,0.045563925616242146
-6.263403681423289,0.004423767563274447,-0.007863634422570154,0.04493455485524287
-6.261860226251314,0.003798280504661781,-0.007231263813269972,0.04478998580142109
-6.255297341238494,0.0027820120140239664,-0.0035493500830983005,0.047442138057985826
-6.254532833241802,0.003514609642278029,-0.006174553169970491,0.046504657884943706
-6.254055641450515,0.0032668760595715852,-0.006995540393228648,0.0444082076737344
-6.248342519185422,0.0036782946302805026,-0.005783233087280539,0.04738879682192366
-6.241492118020992,0.004136355345777757,-0.008804490507738528,0.04402585234637791
-6.239373880906707,0.0031812516573184483,-0.0036332146194276915,0.05081182505143121
-6.23628210304145,0.003156038604728767,-0.005801245986433293,0.04691569380350339
-6.234331169383424,0.0034044720258868144,-0.006493493374464553,0.04567513163745064
-6.2307044195303,0.00321039209468328,-0.006151949160216964,0.04031343308286287
-6.230134368070641,0.0032267838652528997,-0.0030109635256996958,0.0461662681831881
-6.226283901124425,0.0037008487243313988,-0.007723503644491098,0.04562720488161832
-6.220560151508568,0.004300405411377,-0.009943227586965692,0.044690917015472294
-6.219431490354366,0.004153486576645658,-0.012169364841341379,0.037921841656481145
-6.217112832240181,0.003411969939986091,-0.006986317216004217,0.046227613579840114
-6.213699364086605,0.003785555691326246,-0.006243254374945862,0.04598155188673219
-6.212752316119888,0.003281046003471307,-0.007370810604042988,0.04686940392412953
-6.207103092600907,0.0031445540846415836,-0.004545948259372334,0.0463749460446862
-6.204739089464233,0.0026965515365747744,-0.005032123869513818,0.04862150871654531
-6.200269710659458,0.003598179343742397,-0.005924249290200365,0.047231045330075654
-6.195583762632094,0.002476843840314793,-0.005344994015094389,0.04994853264932292
-6.192939215917583,0.0024920392197405974,-0.0020625154599441206,0.049322727553237806
-6.191393615607379,0.003587873247646826,-0.005760588511070376,0.04618753653199179
-6.18859274797636,0.0023325078750084504,-0.003800592884611716,0.050628875752607265
-6.185795509363961,0.0036983407959812723,-0.0068738558682425,0.04486910189072028
-6.181174644777853,0.0033078866836962523,-0.004429534721713062,0.04931864200223309
-6.180881209950716,0.002727723549470713,-0.005539011158649188,0.04909718139666122
-6.176109004622905,0.0024807334554220366,-0.003417512973223392,0.048647896071479964
-6.173472303594463,0.003316790866721961,-0.0028092070538079743,0.04532524184490786
-6.1697756001590625,0.0027572025928989316,-0.004705210906444609,0.04499400224358053
-6.167327961680783,0.00220270707279478,-0.0031646787340180384,0.04877650741715555
-6.164309362281908,0.0030962775158361153,-0.00837814224054879,0.049838604699981366
-6.161831213949022,0.0025423095962497865,-0.0028158560922304063,0.050004242593963584
-6.15997245191988,0.0025898818847915166,-0.005031015236123284,0.04740811131553694
-6.157047005488468,0.002910656412379733,-0.004028792502328267,0.04585434005816327
-6.152014026296857,0.002473637527579782,-0.0037098120683345306,0.050037669083273624
-6.149181757781605,0.0032270619673511218,-0.008614183619147753,0.04567019960979592
-6.1485848421091385,0.004026872059378912,-0.0071424654709089635,0.04400482826270606
-6.14149407856964,0.003012219075454788,-0.0037559774268709784,0.04708778553774094
-6.139232249273568,0.002373090845239695,-0.0038184435447235388,0.04728535120882123
-6.1337809661795895,0.002699318496499521,-0.006243567649344061,0.04677253665724011
-6.1322842131853985,0.0025478422931869246,-0.0027391189518455226,0.0510082964813305
-6.128495324326999,0.00294970572005908,-0.0050705441758613625,0.044249635071825555
-6.127120508046532,0.0027361336517929516,-0.003715171786904937,0.04991651734563684
-6.123586645434594,0.002847619666777159,-0.003976885561578795,0.0450774182890278
-6.116276259547791,0.0029543710843936946,-0.003684630199977756,0.0491992871910221
-6.112312204742548,0.0027391988385992447,-0.004040923076315465,0.04844546627664342
-6.111016345899406,0.002186948257139395,-0.0027424845722606893,0.048011854427613715
-6.109809972459516,0.0027132068142871704,-0.005100737637851359,0.04927895286756267
-6.107561465021201,0.0028183076581353547,-0.004193969085665192,0.0454070915485672
-6.103720915182257,0.002614920306112144,-0.00498063875260835,0.05046493187692077
-6.0986687001193545,0.0026734027855014743,-0.0051670008080910565,0.050587436982869965
-6.0979045203658675,0.0023793815621516987,-0.004840363232169281,0.04987495014030944
-6.0958774638586934,0.002395268721401253,-0.0023802295484589087,0.0511321686928742
-6.093265802805784,0.0020485456304557355,-0.005058952934152419,0.050013467338098805
-6.09056105599408,0.00250468926530671,-0.0045399790119582395,0.04700936741478646
-6.085918501562255,0.00271342972882875,-0.00402657070520723,0.048578047096028254
-6.080731919803935,0.0024969285655829904,-0.004185795499606635,0.05117666743064014
-6.079074468682356,0.002664680126448341,-0.001820032404923986,0.0520212443712851
-6.0733981691270795,0.0021215641585227126,-0.00428742632765758,0.05060214155582204
-6.0720710809463,0.0025230552456304354,-0.004253576828962387,0.05061372197879543
-6.0678514969940185,0.0037261114573579317,-0.007864509790711757,0.04535180848374466
-6.067268620580159,0.002721569878824895,-0.004065162839864045,0.04954231146664357
-6.063887395710049,0.0020948582007574417,-0.004830903361445951,0.052145794156655406
-6.058133450035612,0.0023349419463583082,-0.003936110466912997,0.05087989547966335
-6.057948923858039,0.003289771378870005,-0.0014636242088036803,0.04960760522899056
-6.057191739153722,0.002206769978804468,-0.0020453240292994117,0.05024159176509326
-6.048769067563336,0.0021889670859066165,-0.0029976204186137273,0.05073398506847225
-6.0470256995715905,0.0026065680341153153,-0.003739684862266074,0.05029515285755442
-6.0417032942243525,0.002493066284071214,-0.003671954830589192,0.05058709688300226
-6.038256106739694,0.0028092049011147185,-0.005468452305471707,0.04979618265703093
-6.034994033076956,0.002954388786269396,-0.004235565923620436,0.04787931897388853
-6.032323096330048,0.002883683836926546,-0.005682742238783603,0.046537753744007
-6.0302845880427,0.0027285515708757617,-0.005529828624877818,0.05076522574426448
-6.025522211272139,0.0020904283813105258,-0.0029558339447318368,0.051629241502917346
-6.024367814131442,0.00254396226088449,-0.004914052243456004,0.05037689777347122
-6.02302691495751,0.002983284652132549,-0.005791356383880616,0.04787934385248555
-6.018264544886213,0.0029075478531084384,-0.006667901801879756,0.04677416036914723
-6.016788839024105,0.0026386123963404824,-0.006812714265527088,0.050053712576472446
-6.011937517842415,0.0028785802692045596,-0.005201329944284563,0.04713874121357255
-6.008678115384328,0.002842160558934087,-0.004132623821493138,0.04981722504326483
-6.0043269576014415,0.0027876360170127805,-0.006124968983693554,0.05066469427162008
-5.99880018093942,0.0021212596092367217,-0.0021922398421552543,0.05126824381589663
-5.996716739298104,0.001885634916344991,-0.002538622206065201,0.04751662567670693
-5.9928895214454885,0.0023570309757380364,-0.0036304014036784783,0.04946130372620358
-5.988903142973047,0.0023182622490480758,-0.004362328791055054,0.05163226906186954
-5.985928226824808,0.0024846335773006257,-0.0028543109173430224,0.052792737704270995
-5.980028396915967,0.001947995291269025,-0.004127907474154381,0.05350202546089539
-5.978663335965426,0.0020866551513741734,-0.005367159463864864,0.05240217152063972
-5.975479394801575,0.0021466320686911195,-0.002660681513065992,0.04629821803537025
-5.970811064953226,0.0022401767108952016,-0.003856559160773688,0.05223260456350137
-5.966967477039717,0.002319064352277785,-0.003221256303869513,0.05230462513480197
-5.964552532007052,0.0024181326959981206,-0.005493759944188513,0.04935162715994585
-5.960323743817839,0.002705730507208213,-0.003924669153829323,0.05170202775275294
-5.955461532258662,0.002231485266197287,-0.005249082065547457,0.04804804402426451
-5.953463522018927,0.0026276184763406115,-0.004879430906002073,0.05185685558549636
-5.94912725463925,0.002513880024229027,-0.0047039435146434385,0.046959181227344264
-5.94772362170308,0.0024317293844560092,-0.005349135272455963,0.04985235486038439
-5.945243518895415,0.0020880994968537014,-0.00572721909084341,0.052469139920076215
-5.939814094373704,0.00259544025495898,-0.004975082562499804,0.04898935267849209
-5.933637985007717,0.002259251376828117,-0.004698729335956301,0.05051934138601768
-5.928608269194476,0.0023248666355774675,-0.004010831366765911,0.0519713486294702
-5.926243958689109,0.0025871715069798176,-0.003918397513662599,0.04892291779782605
-5.921703367732981,0.002661368425902745,-0.005470128370125292,0.048840851384125306
-5.919375436066863,0.0018423497409952275,-0.0027226994002149197,0.05105321405041513
-5.915685664532932,0.002767843015995343,-0.005413605564048267,0.048537080786862634
-5.9133688357245,0.0020429837103167676,-0.00434265335079831,0.05192950135351902
-5.911396218247797,0.0019743050446410703,-0.0012701069777990351,0.051874595524968724
-5.903726577952261,0.0028899567285447245,-0.005450680146281802,0.048958864748029275
-5.900224816740866,0.002605493481470645,-0.0065838672606983355,0.04764692074622313
-5.896650820439652,0.0017836415813423704,-0.003377092883316738,0.05018341732261358
-5.894928942606528,0.0028294335632189278,-0.006130717091255315,0.04758423400331725
-5.889924912823679,0.0025282841056863663,-0.004690245038285794,0.050513763605954255
-5.889751708649857,0.001804713260145627,-0.0025303759019540645,0.049035700727829167
-5.884509569597288,0.002504620086657711,-0.005532326937777807,0.04756974515992539
-5.881867995793303,0.0019959454947277616,-0.005919310026444111,0.04845142159252716
-5.880062267422237,0.0019790939293798685,-0.004867729731692252,0.051137631791013397
-5.874910061333919,0.0023356914838656823,-0.005011239344427628,0.04978011711430485
-5.869050686165613,0.001991748265750839,-0.003716879827889731,0.04975155631925509
-5.868626829617254,0.0022611891965249814,-0.0037253595243299828,0.046139255561033043
-5.86347595403461,0.0019601676361537296,-0.00411705374045407,0.047369235859367885
-5.8542849856147035,0.0020498957880670968,-0.002542771931866577,0.047555850090991184
-5.852156978376679,0.0017614729117943048,-0.0026021611665446305,0.05113897645924805
-5.848238218630626,0.0016657832011775697,-0.004504218055171612,0.05307913778732414
-5.844490730197247,0.002588597073946682,-0.006609103170947246,0.04887839769673112
-5.840186700525111,0.0020403385722119857,-0.003852407216109564,0.04994747767207803
-5.839008412552738,0.002542003959578251,-0.007181194819299052,0.04901205293893727
-5.833703025490055,0.0023439168593474345,-0.0071186759605836826,0.04877664022673842
-5.832271103380739,0.0016654474646584899,-0.002247317303450433,0.05000898849483236
-5.826742013519221,0.0018857102228223227,-0.004776739824088394,0.05064620278994482
-5.8234454200687855,0.001764313949497409,-0.004142170873106722,0.05019762497890067
-5.818549761677617,0.0015195545891006001,-0.0032519534575990204,0.053451539710564766
-5.811955363619899,0.0020790117855880095,-0.004104023524438194,0.05142187155500696
-5.804969781843567,0.0021288811041749517,-0.0034962894724355218,0.04336286197858759
-5.801348070236715,0.001633835873171549,-0.0033862975755460586,0.04963930621054333
-5.796132365425196,0.001774781665882968,-0.0034491674586742843,0.051478832638405164
-5.7914717685061285,0.0022521910523386067,-0.004330532369096561,0.04992348052035843
-5.783758936142943,0.0017123068571868766,-0.002587903658477912,0.0503364408212653
-5.780986054409456,0.0014516056198112738,-0.0036933564075429574,0.048821013378680604
-5.776435821135302,0.0017348335022197878,-0.002278961905689228,0.04846298436186943
-5.770859805167708,0.0016617429060309127,-0.004907231568687224,0.05024417021785036
-5.76665213482699,0.001634679104382832,-0.003933870610173476,0.050910962861144195
-5.764452626099873,0.0014746854285048448,-0.002404525717933679,0.0471287322816465
-5.75934350773412,0.0017608499737817326,-0.0021672487264725194,0.05199519645992441
-5.756007053644302,0.0017528421198860886,-0.004924027270411332,0.050130323348089506
-5.755030914529302,0.0021896547333362377,-0.00520902340622536,0.047940779920547086
-5.750893583441935,0.0015631351285774636,-0.0026953711157521533,0.04948294069992358
-5.746400986699656,0.0018888674831485915,-0.0043301481722733326,0.05164481123608986
-5.743648712697391,0.0022070070465801724,-0.0033294988087826925,0.048351403528910875
-5.735566170104188,0.001972701623368202,-0.004564308430587744,0.046456456597793135
-5.725986878090468,0.0021848050693825246,-0.00621747337975029,0.047347735433228
-5.724168916038702,0.0018779876418600163,-0.004456618733413802,0.050469570443015546
-5.7207218379016425,0.0015130715853659306,-0.001970635367332781,0.04962442012594427
-5.71467951798369,0.0017511970442704962,-0.004931044400602407,0.05007636184386312
-5.711627639144577,0.0018703930881488065,-0.002760423588400085,0.04719403383508263
-5.704841802345677,0.002035343303356544,-0.0050320093841451485,0.04761476547918812
-5.701725421780158,0.0015557978605088279,-0.003464507506665722,0.0539564951135056
-5.695442180457641,0.0021427381897078635,-0.005059664180822287,0.04749729583930628
-5.691763127263091,0.0012243887913830859,-0.0016158072061729421,0.05094272685332606
-5.689860161178681,0.0012153344952189238,-0.0026594991327021176,0.04757099525802004
-5.686635318753886,0.0013160074449275207,-0.005019256192609615,0.047562241201229274
-5.681320563717041,0.0020641959416032233,-0.005294124786919531,0.051315998863597515
-5.667686175075528,0.0012104806302913975,-0.0019226499213422432,0.052218195534053304
-5.666276262877407,0.0012438626472217912,-0.0028795576970584084,0.04965014118238197
-5.661403185772967,0.0015467014091633715,-0.0045135914447174625,0.03952805706561564
-5.657215635201845,0.0015465494229632995,-0.0047044876932568706,0.04404893707291163
-5.6564616286883975,0.0010765640205253543,-0.002504751663513157,0.04763684235169638
-5.65281918715837,0.001351958346032498,-0.00259549861188007,0.04991271632407661
-5.642584910964732,0.001143112270069034,-0.002905908812565527,0.04963768820226538
-5.6328611499092585,0.0010935083963024216,-0.002555053279936802,0.04874234979656547
-5.629904196846667,0.0013753892686484484,-0.002906890399562414,0.05093234703306551
-5.623146328669655,0.0010352734913991013,-0.0016011373255475107,0.051140866791033406
-5.62128013460983,0.0011236708257517226,-0.001975783521978272,0.052452409932302456
-5.6130497586888675,0.0013024098471548049,-0.0020674412926641426,0.04948878860101145
-5.605262793605501,0.001432894078110695,-0.004483285540411412,0.048000783066698534
-5.601593100026053,0.0016552656764842752,-0.0032166192410541428,0.049814861311678386
-5.600090823411387,0.0008043509281691382,-0.00196158462709718,0.045448191092403334
-5.5953496118747985,0.0009566397331603455,-0.0021529558857078437,0.04828535783310856
-5.5893808736817086,0.0013430337221335704,-0.004135540804520185,0.049068914512018086
-5.582692453212451,0.0014421843966590233,-0.0033812218149891354,0.04920615155546915
-5.575551504309961,0.001207341841429409,-0.00479127241719848,0.046870493533938566
-5.573224061879642,0.0016641936362916468,-0.0053606992488841035,0.0492766662287115
-5.569038681649502,0.0009782312777898317,-0.0027478208603710606,0.05193704522501187
-5.563653279358717,0.0010978188835881393,-0.0037645592514067286,0.04690445396708264
-5.556145346816475,0.0012234822503394,-0.004014270853298462,0.04467343494413831
-5.553408961601362,0.0008940922348929241,-0.0013932442980572916,0.05103431098175582
-5.551085492923881,0.0007842554602360593,-0.004388966511135121,0.04518099648867282
-5.5431027611551045,0.0007378051464710558,-0.0023440497939945593,0.04702642376070198
-5.537481755037502,0.0009908860104371087,-0.002689322828046885,0.049822521713628665
-5.5240020483787635,0.0007862415977560018,-0.0027390713100060417,0.04467863977101762
-5.522415132731685,0.0005246196805328482,-0.0016838858178362898,0.051138837668983035
-5.520196559231999,0.0005893837589493894,-0.001963044911134224,0.05261377359908921
-5.512958577049082,0.0009910048462623933,-0.003732062994197827,0.04916751677563213
-5.50817428665706,0.0005750648594094107,-0.0026414647110670933,0.04946018338561454
-5.505011268199639,0.0009222002349179675,-0.0015535182620845314,0.051673517672319064
-5.502640932336037,0.0008715111834018239,-0.002334130422168382,0.05081845983949379
-5.489994325761515,0.0004558554563485449,-0.002162360264029356,0.05147819650593714
-5.479638143932236,0.0008009041143358435,-0.002360513182855399,0.05247770003307306
-5.477994180841781,0.0005558947262597901,-0.0015686936430953432,0.049880932267069494
-5.473730006602245,0.0007176664889285186,-0.0017793247641543592,0.047831569552854725
-5.462172914821254,0.000573285344354892,-0.0036237211133424113,0.04852969182606143
-5.451670990558951,0.0008720002461299168,-0.002525425279556041,0.04491771407518541
-5.449093995695383,0.0005271617429376184,-0.002226887014233518,0.05281938349293772
-5.4428697270707085,0.0008183862718954163,-0.00319672900191337,0.05221048564647292
-5.441040192016629,0.000788677847926212,-0.002488373692916621,0.03961694633735525
-5.42643958602261,0.0005751020187798326,-0.0011476416284555166,0.05260748434001887
-5.41456892731863,0.0010594335692848905,-0.0033369849585965063,0.04711734990658491
-5.406088858031142,0.000553769069949999,-0.0017387263624878745,0.05358499323166533
-5.4009328056941435,0.0007555224776928611,-0.0018096213512585944,0.05251624018615078
-5.387617027464199,0.0009069134378085383,-0.002103666428290511,0.05172199018164452
-5.383876507820705,0.0007932408031164327,-0.0033130963498919645,0.0469997683310056
-5.375257252384099,0.0006303337024393854,-0.0022222612868643787,0.054178012175902505
-5.366849988613025,0.0006356801609618868,-0.004398860630224842,0.0530437074530483
-5.357838041308479,0.0004686895099088204,-0.0021287998125933917,0.05005933010325482
-5.347161721635192,0.0004238248967651138,-0.0023014360155476144,0.051659292774099336
-5.339500901194564,0.00034993961797530495,-0.0021115345714396274,0.05635970726763085
-5.3218218747060755,0.0003021671192313457,-0.0012801329532778334,0.05271638763950813
-5.3146441192788085,0.000895796934375233,-0.002078954749130234,0.05438062741914548
-5.299074028529307,0.00042974790039833555,-0.0026680226673051655,0.05690245039611119
-5.288624844305956,0.0005087007105936969,-0.003335186347970822,0.0538044971778567
-5.271913562263622,0.000380544666933013,-0.0018751581161342422,0.05214120320821504
-5.262104394679823,0.0005407127783972552,-0.002517081632272288,0.050510895488644784
-5.234612705576232,0.0003442729337220362,-0.003084872308037116,0.05889958501405631
-5.217025856191741,0.00010172845874125965,-0.0013351263378318728,0.050207195814757945
-5.202359960243558,0.00017012103227376243,-0.0013903914093089666,0.049614620437990836
-5.1750080491314945,0.0001944846959682848,-0.0013144360967991442,0.04818872488882353
-5.1625845315343195,0.0008621816702561283,-0.004743020501875292,0.05756467883349274
-5.1253080691541975,0.000436160716351105,-0.003973446595801636,0.060971094811568934
-5.020169810692005,0.002239348575433154,-0.004853199071836374,0.03838606034831219
-2.4661121591100836,0.023851772192510536,-0.1663354218878262,-1.7731207874787596
-2.356479826588473,0.024054300787544964,-0.18273530049720235,-1.401233137276933
-2.256136024897824,0.014613277778829776,-0.10245159974780743,-1.4947941472358361
-2.1935570529361996,0.014203984182544259,-0.10063367134831051,-1.4216679770114964
-2.14311315950704,0.015347547153358026,-0.11940369260471187,-1.3025601197502126
-2.0793524837587958,0.016444909760003498,-0.13086919627475668,-1.2926830265232954
-2.0123824401318338,0.024202260531214936,-0.17886488890279204,-1.4210566109173717
-2.000402520813241,0.03559954961279552,-0.26257107232310145,-1.4788978375031359
-1.9546293863272903,0.027938978717155772,-0.20494835941164086,-1.4665424788154713
-1.8886453032529749,0.02406974107717788,-0.17831607694668297,-1.3646863476468065
-1.8473450008770536,0.026327314281390193,-0.21391561766094946,-1.440475696561619
-1.8204305842205193,0.020861797075392936,-0.1733271150392346,-1.3735128504288117
-1.760744813639522,0.02298178228084294,-0.19114948656761968,-1.4283260066623107
-1.7439180521331927,0.027770740003482428,-0.20223172836567802,-1.5051598517863782
-1.728786266732226,0.02621563216381149,-0.20739804135710393,-1.4459372378284285
-1.6306648529703154,0.02319407237429628,-0.21457680924602943,-1.3381724990246464
-1.6101168305788127,0.02834115578997349,-0.23553030620242826,-1.491453626367041
-1.6010602099037008,0.008592078970484295,-0.21415235821949524,-0.9275614785826626
-1.5833663326748642,0.018257981417414217,-0.2105551948313404,-1.2885229012533885
-1.5603130575925461,0.03172610155745615,-0.28807422266253013,-1.393396857272072
-1.5371641735357469,0.016206292366435494,-0.2562391765132845,-1.0577270359957065
-1.5222196696701564,0.012939231333079679,-0.21457776010690724,-0.9907442729760175
-1.5140057169766217,0.013067318317325482,-0.22603460043597443,-0.9862834097110859
-1.4806579960232553,0.020125382596988806,-0.2214332448558216,-1.2087449860938644
-1.4615111454269434,0.019040776664533684,-0.24223825165652604,-1.0577693582503156
-1.444416552494373,0.012548199964795628,-0.22573383282440992,-1.063417666487374
-1.4374440916842592,0.012104440298637064,-0.23806805279479495,-0.9542048981220015
-1.4225986229472818,0.015362061139466317,-0.2319965401911747,-1.1179230524664512
-1.4173635160307454,0.01915859119097347,-0.30460937353150097,-1.008872852779046
-1.403723610226919,0.014102112537051084,-0.2413240169497952,-1.0221932096850166
-1.3919964568546264,0.02479097389644307,-0.2929517082377222,-1.1748951912452754
-1.3862062012536576,0.010395565845432851,-0.17169872044511936,-0.948347394764666
-1.3739448894144175,0.008453296706751124,-0.2727001847734112,-0.7466714803652641
-1.3666365811723726,0.016888254419510418,-0.26358677566415767,-1.0480207145959999
-1.3564937444526215,0.00881779386483642,-0.24902513091994302,-0.7959528002556308
-1.3498079189967884,0.010300686716512956,-0.23960637173328192,-0.7508213440107694
-1.3267104848400735,0.01712291594709438,-0.26719035369931227,-0.897098064547943
-1.3185191404645134,0.02123908834271123,-0.24696949401090212,-1.1714879769915945
-1.3112487058899296,0.018075783778599638,-0.24879468725290826,-0.8965149192753948
-1.295146185252958,0.012583823465840008,-0.20580988921819568,-0.9157063428388622
-1.2845096308886426,0.01431306087028426,-0.21852918473264718,-0.9667357262274656
-1.2789212044487899,0.009581978054164495,-0.19223270994402092,-0.6682750626748474
-1.2653077752184863,0.013278162019322136,-0.17722629295711192,-0.9808167097876866
-1.2550664926143238,0.016521695475830264,-0.2189123317549036,-0.9131179129104834
-1.2438601921825565,0.017259023516514326,-0.2082567742211423,-1.0672480818565107
-1.2410846382258014,0.01772571652423786,-0.2480616801615533,-1.054321760815357
-1.2247523204763435,0.013754498120595914,-0.24337040196980428,-0.8628960430825394
-1.2234011572274308,0.01193510709194173,-0.14635566661814617,-0.9687549899054654
-1.2067472143962719,0.012136884694432575,-0.1957259671018942,-0.9382870766601297
-1.2028393976688918,0.01520695619776151,-0.21541004777268974,-1.0635473352131763
-1.1943585907294767,0.011040251549524309,-0.1439139623424763,-0.913891514688956
-1.186699486623661,0.012546409094723552,-0.19562564357540385,-0.9453173559354895
-1.1732949428939365,0.013572313243729706,-0.17283302402755057,-0.9334031385683821
-1.1666375403112714,0.008321103113469038,-0.17162243866071045,-0.7372980829763636
-1.1654705757548853,0.01391846364717248,-0.18863292257633915,-0.9765523775294209
-1.1576042536833668,0.01608069290805086,-0.2088742818115714,-0.9659716173420484
-1.146147803295691,0.011712678022984853,-0.19654547520462826,-0.8046414010929106
-1.1435575148495534,0.016561825014520297,-0.226270245671161,-0.9625857433671182
-1.1388030583550481,0.017734808861226706,-0.21701178219789807,-0.8677997617711383
-1.131626682373338,0.015817292860912702,-0.2206139111617602,-0.9646827135114201
-1.1230235950530107,0.011246230852076326,-0.1775800995087938,-0.9002448511925948
-1.1134280798481588,0.0153047660560928,-0.1940108765424865,-1.0272711936990697
-1.1028480911621397,0.0171288362021932,-0.22752579919731777,-1.0241522335578304
-1.1003918882505064,0.0143630710614509,-0.20754685031738038,-0.9559585543499719
-1.08874121766217,0.01717750303366631,-0.24041786894758985,-0.9676062384163795
-1.0811651045768642,0.02010211312450933,-0.23401077616517804,-1.0548833401048117
-1.0708053395526969,0.01613400540780461,-0.21133981707730445,-0.9741284454372051
-1.0695932104876333,0.016232142922907485,-0.1964917156944083,-0.9798292336382853
-1.0610981040505922,0.017708175596419014,-0.22146811176903936,-1.0269971641629183
-1.0587220889577658,0.015689238508722222,-0.19994833038126983,-0.9761107929441345
-1.046522410951288,0.015446298606552436,-0.21202607325392164,-0.9667704700280595
-1.039306320801052,0.01768905009193438,-0.23398019827482266,-0.9699619273077984
-1.0358617462845467,0.013156983431237137,-0.19508982070308106,-0.9680173254612997
-1.02913419093954,0.013720763588130926,-0.1903439713405309,-0.9954981052622007
-1.0241761210473177,0.018476309794527107,-0.19737169770690227,-1.1895074023296863
-1.0195068139629826,0.018627732127756806,-0.2188986632934304,-1.1489113488068745
-1.0044390206003275,0.017204419933425696,-0.23330293078189424,-1.034773671980613
-1.0011834965652298,0.017928196467709503,-0.23175108129749497,-0.8872780771404709
-0.9935954778574144,0.01665477863280748,-0.21369543164478477,-1.0577320430047754
-0.9893400737675507,0.020027769896830406,-0.24734319755489143,-1.086669270265711
-0.9782142710035489,0.01603004637521082,-0.2652514976249866,-0.9409772863097157
-0.9699362138709133,0.01260910963374485,-0.23441449058673336,-0.8770587989400073
-0.9681472906400233,0.013365838696798187,-0.19755232894642136,-1.031236257886291
-0.9593855314323634,0.014921072154458231,-0.2400542886739282,-1.0286610610736573
-0.9523554728713037,0.014647374258670298,-0.2203562681361965,-1.0175205064535227
-0.9447540513327248,0.012484021672025435,-0.2305606827921669,-0.9554806450143981
-0.9384377452670861,0.013514863003915247,-0.23095614448728108,-1.0074263733026518
-0.9316470230748869,0.012645162202262137,-0.26088376939678776,-0.9463077683348154
-0.9241093057582093,0.014271320791917511,-0.27944722592572724,-0.869268343540249
-0.9194666272765903,0.01953319043106569,-0.26441987857509264,-0.9356126769084644
-0.914209966178398,0.011189961751385941,-0.2070705162900691,-1.0737665869780784
-0.9112913687564446,0.013073181359407418,-0.22364352159660855,-0.8352762410994297
-0.9039054971824947,0.01867508721273417,-0.24825751463036422,-1.0456008564434927
-0.8952519689297158,0.014753475931864947,-0.20352559742835136,-0.9619170885021344
-0.8895639744278342,0.013722823496859906,-0.2646809710942464,-0.8437008722311352
-0.879474564601766,0.011403193598584632,-0.20770195655833526,-0.9299426862316649
-0.8772196757478761,0.009235178327181872,-0.151330202733408,-0.8565365956240166
-0.8730916455924763,0.012282196837113723,-0.19713752397709414,-1.0086018465294733
-0.8696827269086539,0.02162331237702879,-0.3147817306874784,-1.0352874066896165
-0.8680011554680156,0.011943073696195476,-0.24550462478987312,-0.9098246890430948
-0.8579929812353422,0.01190855369737166,-0.20658156953404302,-0.9358074614904693
-0.8549412255532745,0.014375823726308504,-0.2448281706014138,-0.9320574288181792
-0.8480749950440661,0.010820072548386643,-0.18483126789005647,-0.8522070637188915
-0.845840214664133,0.008301735825291796,-0.23674644177495854,-0.7574823883895395
-0.8298558852387065,0.014581620734046032,-0.2493525210069236,-1.0537973424824536
-0.8173913845071107,0.016776528250949278,-0.26426146496329495,-0.8741304893650723
-0.8114808132163267,0.009704227410103404,-0.16963599373298355,-0.8653809367978017
-0.8091393769002658,0.011975020213132905,-0.22649445420818953,-0.9382245100550057
-0.8049756818487374,0.010191376899421416,-0.1925339702117033,-0.9507393189330599
-0.7987996121768141,0.01778837700222436,-0.26800727428943166,-0.9301270261699777
-0.7970173414740394,0.015991351526913177,-0.26502156459107484,-1.094344990404652
-0.7911296037324371,0.013849372261763302,-0.23221054807889124,-0.8901758443573244
-0.7880536732864606,0.014223453219315995,-0.3034599396025465,-0.8168156316224973
-0.783302948513459,0.018850449538801804,-0.27238166149640525,-1.0160518791602302
-0.7752817555419469,0.014927654763911394,-0.2535634235560135,-0.9230533915704586
-0.7650606513472133,0.017289098371559977,-0.2679821908874969,-0.9025808200440952
-0.76207315337279,0.015990820999544957,-0.27419647839036365,-0.8703088157389441
-0.7572327081615926,0.010270236642621548,-0.252350959846152,-0.8212798537091923
-0.749423790756577,0.015062574459007438,-0.2737226539762752,-0.85555470696764
-0.7432737648559081,0.014438682521174804,-0.29532881819659546,-0.8503745847401141
-0.7374803009689785,0.013591172799821858,-0.2543851852073538,-0.9050278261968722
-0.7357973341799809,0.006986640630919899,-0.1853781516037403,-0.7657807534051794
-0.7305367327542445,0.014419939869167318,-0.2719084162661653,-0.8535126007077065
-0.7236347642310446,0.016396140131390888,-0.27834675703786865,-0.9229469933856228
-0.7216356360970224,0.011602989601204303,-0.2307103045009459,-0.8518193953639759
-0.7126365980054958,0.014200615031366607,-0.24819082718310845,-0.8919848031152364
-0.7082019448547893,0.010170538278223578,-0.20234054735354196,-0.9350891543785703
-0.6973433425863057,0.010451354120251914,-0.22367954920231195,-0.853757778505502
-0.6935597714459157,0.015860844965393046,-0.24070900429156433,-0.9605626360328562
-0.6880545951504541,0.013852564755240243,-0.29872303665896177,-0.9121935861162658
-0.6849756200703762,0.011148212874478066,-0.21994352830338862,-0.9244652735820927
-0.6810718107068489,0.010199350361376923,-0.1868991890952556,-0.9429842016013164
-0.6769098343007963,0.012254717206103235,-0.24780257891878762,-0.8780735069227654
-0.6703292347216888,0.012932442407619416,-0.25264140856147027,-0.9399494931732415
-0.6648027439443258,0.01336314394807658,-0.22330683813015992,-0.8926373486132603
-0.6633188064011749,0.01052933319262213,-0.25205217071055547,-0.8221803279591609
-0.6626580802529608,0.011027280257052163,-0.26807192047030365,-0.9281336833696803
-0.6521726295805381,0.012540519550102141,-0.25331705727743625,-0.9338108914631121
-0.6414236502803462,0.012589251333915998,-0.2091410123261312,-0.9895144237575437
-0.6392699003841363,0.014611688700671263,-0.25091520416259044,-0.9446628439130622
-0.6364464650986187,0.009119822116260756,-0.16833404329946183,-0.874550965402999
-0.6284686453965421,0.011997253244028125,-0.22197585502236578,-0.8671662707823271
-0.6202836422638786,0.012265249635159271,-0.24711133260103668,-0.9008901398481061
-0.6178568450784143,0.011436517007902202,-0.22007027729713866,-0.9323108243253846
-0.6123834662514968,0.01325980699105703,-0.22407029552144447,-0.9896752376538549
-0.6088746034862368,0.010594983892904902,-0.18929727362918194,-0.9350741720021841
-0.6008369069294502,0.007866506360165882,-0.19229411417670914,-0.8954437456032877
-0.5938710842285221,0.007477846880611164,-0.18427710376494383,-0.8686173413489703
-0.5865552716273388,0.010910196449061547,-0.1908127236772924,-0.9481646506605481
-0.5849897453651236,0.010328975817285434,-0.20252575549749172,-0.880075600420461
-0.5831038519912612,0.009420965381608635,-0.1974528856707593,-0.9449621567212044
-0.576240727705734,0.011137257812740652,-0.24030038618630997,-0.908919766118606
-0.5615129995313148,0.01355633153673418,-0.21024386114755897,-1.012322928291779
-0.5582640213731654,0.008762458964299799,-0.1859629891834873,-0.9706532346830563
-0.5539673109537552,0.00840167855265971,-0.21832019776695533,-0.8805501200834119
-0.5503191208652611,0.011134947939180588,-0.20246576346081424,-1.0408409689908986
-0.5489687997418562,0.011130239157017947,-0.23558913792931607,-0.8662516785466742
-0.5472489311013654,0.008757507509915174,-0.19456415391102194,-0.9229539889993362
-0.542901942653673,0.009854766063850034,-0.24065173062681525,-0.9771329511851747
-0.5376651304996304,0.01006651158025399,-0.23148221454439336,-0.9206044942277669
-0.5259618278398355,0.010334790177620514,-0.19015881503770363,-0.7821776906670848
-0.5223920764140689,0.005666404931422033,-0.18968635813135823,-0.8085247809453152
-0.5125892065795103,0.011843956702892781,-0.20909165541375013,-0.951020303073588
-0.5118266375086783,0.0065133843023894794,-0.2034988861615343,-0.8894013110786454
-0.5052720982809679,0.00844731217965711,-0.24367326156769806,-0.7601649722332586
-0.5030733937110662,0.008701841921023095,-0.22515177714885112,-0.8785750525324527
-0.49465901040616134,0.01064676554579397,-0.25704564849484113,-1.0258333162290334
-0.492172345146179,0.007776406682052603,-0.17620570481798858,-1.0226119239954008
-0.4897347088735965,0.009722987371770266,-0.19981926385485785,-0.9226575068125984
-0.4871144490962831,0.009425851608245371,-0.18011919730460302,-0.9811928330601885
-0.4811142039956952,0.01160552413995517,-0.19765963620640253,-0.9995168431874033
-0.4797932067579159,0.007571203605422386,-0.1987215359681164,-1.0208098548996531
-0.474117631821672,0.009621821449631572,-0.19602771962912305,-0.8488561131456446
-0.4709571669194121,0.00796458956699294,-0.2373048484139277,-0.8788263329017387
-0.4653182100757024,0.006075085593493304,-0.13523149272885013,-0.9960704844995804
-0.4600761845059052,0.009130845008071927,-0.19289702840450065,-0.8871007105725758
-0.4479507685359505,0.008898056042444103,-0.21237566623916276,-0.978925234404066
-0.4401325526652443,0.009740981261061925,-0.19138716576856624,-1.0116498108258025
-0.43722097254349224,0.007468906979810707,-0.16389201736189046,-1.0175252027647683
-0.434023304049186,0.007117174896739863,-0.16508707316196758,-0.9066445204689686
-0.42264163592267057,0.01128407121437054,-0.23464846565027814,-1.0380031432229324
-0.41724268730956826,0.007277957091732205,-0.20069293855348086,-0.8415451259151568
-0.41447241170776844,0.008781655691711429,-0.19658648676557114,-0.972936033208238
-0.4112961979302304,0.009125142853348485,-0.166279078198047,-0.8858709299739486
-0.4084051525743848,0.011675943126816118,-0.22021494498668354,-0.8687072306620277
-0.40508821701297054,0.012102642154846474,-0.23264892585457927,-0.9438123118746806
-0.4000424584778937,0.008283926477235437,-0.16683184817118477,-0.9581330343952454
-0.39514260384343225,0.0062314049748439975,-0.21194839564030638,-0.9135348010189199
-0.3894722928119286,0.006609782221537103,-0.1777651967218824,-0.9114184202656453
-0.3848239852662274,0.004943559371022415,-0.1629319062298219,-0.8768876188388214
-0.383310686960953,0.00564597063165284,-0.17723216530381253,-0.7914772132848784
-0.379154028241634,0.007163114692485399,-0.15500978579563246,-0.9496242785264833
-0.37440290055972086,0.007843274628050092,-0.2330232335888292,-0.8535555079688485
-0.37312074475284684,0.010155376071712352,-0.23580394644116895,-0.9137535565264606
-0.3693558818842589,0.006234789806113989,-0.11722080347564953,-0.942948078995226
-0.35941173597686604,0.010434263675523305,-0.16180853121013083,-0.9457336228646889
-0.35580063778350096,0.00980849543974689,-0.18519755782675398,-0.9715198420173058
-0.350675125759726,0.006985617536570208,-0.20563787331570924,-0.9838537448935323
-0.34396814549361426,0.009492991646458414,-0.2005607134482543,-0.949071235198202
-0.3416060156986052,0.008887596293320765,-0.18442406936640535,-0.9394537806153979
-0.33720628974449196,0.0058194016710816174,-0.1823252264532475,-0.7720959698800793
-0.33024604813072284,0.006999378621547701,-0.1548484825912569,-0.9426984983118617
-0.3264542976258167,0.0055369273334801745,-0.17332736006366406,-0.9206240187391123
-0.31658737537355514,0.009204567811913922,-0.22708789401830037,-0.9316389735175541
-0.31358807440249076,0.0058117587998339475,-0.16281532828821638,-0.8705778331789616
-0.3101386457748635,0.010614319505392416,-0.22236959924020852,-0.9380632879515359
-0.3072059182874407,0.006368255903278779,-0.18318703855100832,-0.9259631854673797
-0.30439133497870635,0.0071350529716250185,-0.18354725724762308,-0.8155575407294248
-0.30015264234940414,0.0060872382315620525,-0.18468497787945995,-0.938831373647873
-0.2980094884424411,0.008470628680552945,-0.2267516052015664,-0.8666942835451666
-0.29566979946300026,0.008521434973466304,-0.19612060963057001,-0.9316496253484521
-0.2865190112954602,0.009574617442493659,-0.17959484018212268,-0.8751999233722915
-0.2804914162596818,0.006417615992033131,-0.17315057642293835,-0.8925753483648144
-0.2772744036367193,0.006196332755720396,-0.15617570127671013,-0.9555793643058936
-0.2760171793605363,0.005240697777778982,-0.17141894642209105,-0.804600832082671
-0.27063136824364675,0.008305311642204653,-0.20662284657821856,-0.8897132540746621
-0.2661215788454632,0.0035520656082804053,-0.16559991341204616,-0.9172494508790942
-0.26231644102913265,0.0063780648018525714,-0.19597032343700516,-0.9213544986067234
-0.25483848958340916,0.005425359209404816,-0.18134653133227682,-0.8660934565120769
-0.24967488119062334,0.006931199345317351,-0.18430193083278887,-0.9278103336137509
-0.2469546692451953,0.002880924020323633,-0.12174285002282677,-0.9446950339887157
-0.2441634350493262,0.004975816173612279,-0.16135785398723032,-0.8964397441948494
-0.23767095414218828,0.004641799836377623,-0.16501457493756072,-1.0025456101597634
-0.23199272929912063,0.0053126990207152626,-0.16046614297968076,-0.9885293098225356
-0.22985305102104098,0.004879422951071805,-0.1423040207993589,-0.9015757714067105
-0.22579621788432633,0.011156737580051606,-0.18191346427975896,-0.9521184917051344
-0.21681165591648602,0.008190535785734886,-0.1965594619690154,-0.8893037816218322
-0.21462718301356318,0.004572186186407386,-0.1476997414785853,-0.9199406392202195
-0.21199265017121494,0.0031008959492303282,-0.1278853709740493,-0.967183505961538
-0.2090877315711538,0.005496481297573453,-0.18156607803147728,-1.0589046918899048
-0.20630733159673767,0.005295435794560742,-0.14683462331870084,-0.9603564197679537
-0.19914498402345462,0.0033483725978049293,-0.13502107738563493,-0.8722651684819415
-0.1966500624744651,0.008410281752063353,-0.17392123391022735,-1.0503351989410539
-0.18923716386913608,0.003391084269289518,-0.16178562945561856,-0.964942118285694
-0.18700454541366826,0.007261498251957913,-0.16033059559761428,-1.0148858032549755
-0.18031297724802176,0.0065006038499189085,-0.18703327307516895,-0.9915972079991354
-0.17585560977969292,0.007149343496031818,-0.1658076280025598,-0.9708498964263095
-0.173649967831143,0.0038029435226797506,-0.1585257099286045,-0.8646498412037864
-0.1696481782726944,0.005392810848307313,-0.12994480871268968,-0.9123438523441086
-0.16749911893656824,0.004951939860578926,-0.13894345561606253,-0.9111767574752148
-0.1589975779523737,0.004304971640475944,-0.17443686006057876,-0.9170343561525144
-0.15834212246053997,0.0040145317759624315,-0.1752412640946112,-0.8619656954277656
-0.1547639153429401,0.0018143142325980797,-0.1474905254359371,-0.9579248827983315
-0.15143131015666722,0.003365110428202952,-0.1360791971984321,-0.9246074551108198
-0.14862112637972907,0.004860739974477633,-0.16898282318456795,-1.0006885852583067
-0.14339401807446475,0.0042724134557056296,-0.20059983723223704,-0.9528455364716806
-0.14012514288592642,0.004955212803930605,-0.1690379382876906,-0.9811016912063373
-0.13420676692209482,0.0029034801972683605,-0.1416378851034239,-0.9671402614591752
-0.1315120505277118,0.005400344150136762,-0.14407049597350727,-1.0067218524974282
-0.12597216832347438,0.0029944140227656183,-0.1703212605950045,-0.9984446307604882
-0.12144799378366637,0.0038151166506807895,-0.14942690577465514,-0.8882226409797813
-0.11388319637859029,0.004958662398225925,-0.19078968372590493,-0.9876586085597024
-0.11184772766585158,0.0026822720081206247,-0.1159665264381812,-0.9750423882049489
-0.10968616437761158,0.00480321491894009,-0.1817374974120851,-0.9250326487548806
-0.1023242240271083,0.004180601680518554,-0.1771765741089045,-0.9666065793366645
-0.09758321051609666,0.0026584777534978113,-0.13292649694527447,-0.975722705587855
-0.09389450024748652,0.0030260106253962816,-0.12833547393094874,-0.991215489552715
-0.08958382839275657,0.002793466007773327,-0.15254994023717489,-0.9330912897271484
-0.08474516826682377,0.00490950760257691,-0.12332683367359161,-0.9522689753663093
-0.08103194273399207,0.005061237283116143,-0.16374535821684988,-0.9348747979763986
-0.07556546090540255,0.004426943248566076,-0.16233766233718802,-0.9358597545414054
-0.0701361628164632,0.0019384222082793716,-0.12910860136437993,-0.9213983323340956
-0.06751707720477097,0.004930376019224008,-0.14728896336255742,-0.9281733807579196
-0.06633951799266481,0.0037751409560175244,-0.12007726593881528,-0.9587896463121941
-0.05821204763363154,0.002280095578691979,-0.10591750656738584,-0.9642921470085525
-0.05460412287530402,0.006032766364311941,-0.24803215926378472,-0.8749575738393062
-0.048515696925322205,0.002484986405341329,-0.1367544784182057,-0.9718530659818858
-0.04284047292146661,0.004161788580550343,-0.16030863232489906,-0.9891320201246562
-0.0402647859585461,0.00168690331226724,-0.12127111911079595,-0.9593222817662556
-0.03561761543160682,0.003727019202073352,-0.13337474618574327,-0.9755295014567832
-0.03153012530918192,0.005460008279068344,-0.14562144786983888,-1.0866579295623697
-0.02968636277154289,0.0028353648364601246,-0.11809589469809936,-0.9135667942389646
-0.025006503689855363,0.0026008984778007832,-0.12649502893991207,-1.0104648464815538
-0.014882426480731466,0.005054687290503865,-0.15928635457395832,-0.9462704188105837
-0.010377951247202902,0.003503147078936821,-0.18737310360549653,-0.873699908020098
-0.008726359195632818,0.0017272545371298056,-0.11211060911032047,-0.9949969340126711
-0.003175566015968838,0.005046438783064487,-0.138142350734136,-0.9724752059424767
-0.0018516518815407832,0.004349444617040263,-0.13671063406767378,-1.0238249228131713
0.002356215824978184,0.002986012082143694,-0.11453826226089517,-0.9036400403933792
0.004772145303675231,0.005193977818564427,-0.18199617746552196,-0.8978378101712254
0.005870197279459212,0.004633889427311672,-0.16896904973692103,-0.8971497165537293
0.014863183093291021,0.002503190427813993,-0.11755884877130979,-0.9026703649327372
0.018789342097151024,0.002507928596899388,-0.13975744362707068,-1.003592615425399
0.025739314277519486,0.003110349885045233,-0.14327360309767664,-0.9006245531070806
0.03280889372035092,0.00520989091799265,-0.1813412101627999,-0.984139909206934
0.03661884252402854,0.0017765674049761298,-0.13315355095281997,-0.9702123415986235
0.03736316490211094,0.0029150819796649155,-0.1284946868411569,-1.0006241880252829
0.039507057189005775,0.0041920361123815,-0.14705290444789135,-0.9831945891704925
0.05083901773163251,0.0036658934864711714,-0.14735343812227264,-0.9579554039735741
0.05868847770898673,0.004867739685321125,-0.12756730221454093,-0.9097719565691791
0.05952406179429926,0.004899335367289516,-0.17033296203118278,-0.9887774025799674
0.06653772766294616,0.004025487218660936,-0.14593711912490026,-0.9167514967629616
0.07096286711357608,0.005293779794832499,-0.1742790784744108,-0.9334332334120735
0.07289528923113137,0.0034596944874927724,-0.15610473037456485,-0.9487478062908632
0.07764642187424896,0.005034811552629791,-0.17367938627804394,-0.8458181474475492
0.08006072916943156,0.004091438477519438,-0.13256408804772685,-0.9278231453478091
0.0837907884139857,0.004373125578951063,-0.1333426291027045,-0.9150701028630532
0.0885568276695622,0.0020382840945375948,-0.11920950536357394,-0.980165108448793
0.09761056421765052,0.004973528059405054,-0.16515125490738175,-0.8965270985483215
0.103823060628644,0.0023961677363243,-0.15928277852401287,-0.8230019653493487
0.11184137722403704,0.004757466315626423,-0.13250777696169258,-0.9187459445923865
0.11896287920656268,0.002400014598807779,-0.146768933884695,-0.8774975465553533
0.13148755702612838,0.004372495422358921,-0.14208587279378493,-0.8216890668385805
0.1359971527306605,0.004207737487464594,-0.1325737894337084,-0.8086285368008385
0.136766805873486,0.0058214597236593895,-0.2447681408423433,-0.8380772654224
0.14108125143867345,0.00440010765796056,-0.15698148233054182,-0.8169845948329396
0.14257702735713418,0.006655977873667462,-0.16047684094258016,-0.8504666957037382
0.14496943299747123,0.005023049707270262,-0.1399065130791715,-0.8932580460596234
0.1551154918823615,0.0036884523186460198,-0.15572965603359235,-0.8583839949362589
0.15939292110209646,0.0033197658004118545,-0.1414227290276911,-0.8692301274138804
0.16370524368100062,0.003619812006272019,-0.17956078416899451,-0.831447345088101
0.16657533759483265,0.002760531284293725,-0.11270824865196206,-0.9132225465005663
0.17146473618789657,0.0020710722848256142,-0.10664982669817391,-0.8100335569535078
0.1764866616441451,0.004017367294316869,-0.16526861112312835,-0.8374199713124489
0.18365897811276857,0.002852582053646108,-0.13781593351688834,-0.8836157458011457
0.1856935379312196,0.004572979608714059,-0.17538586947160592,-0.7980181002171065
0.19106713650917978,0.005420160774585551,-0.1648501758699673,-0.9161475170978813
0.1986250918042654,0.0037302942431652227,-0.17840593741325916,-0.8006096131546908
0.2005489417761987,0.0036450188260558343,-0.16709141246659615,-0.8007183624773853
0.20778267979852894,0.0026147705093803484,-0.12599229447008362,-0.859656125118893
0.2187726124343518,0.004234619539068867,-0.15550667388159883,-0.8482504100019457
0.22153547143206584,0.0033681064643140764,-0.11479537363526997,-0.907396016415118
0.22869677884142106,0.0053305650932643405,-0.15547937066862572,-0.8431058495185999
0.23748962367647658,0.005240649688810293,-0.12324471949319998,-0.7581113560946616
0.2443077777994277,0.003959864154900863,-0.1830008484682574,-0.8803914508151344
0.24759821881428282,0.003011042737626504,-0.14960228300482536,-0.7402679859848748
0.2548962020222716,0.007888983044109689,-0.18334314612498379,-0.7921638329813403
0.25659645044077417,0.00477275165525242,-0.15710187244643456,-0.8081619704543768
0.2625319537507645,0.0026579155144310185,-0.1337585883558926,-0.7600626670085512
0.27048264470388794,0.003864191959265825,-0.14697538775662355,-0.8540423651729858
0.2746162090144436,0.005570763175129466,-0.17122737399647175,-0.8215749704655406
0.27763364914417094,0.002235621082337436,-0.13111338477674558,-0.8045984980527935
0.2901346695183981,0.0046967391622054384,-0.19699514730655432,-0.828087318906604
0.2926698793707153,0.005932385299622904,-0.17781438611136002,-0.784587852395083
0.29963106052277666,0.0044551380760242286,-0.19393105470634558,-0.8310825603208416
0.3010847985807263,0.004712225023294193,-0.12959147126841303,-0.8089075348610235
0.3110881747532052,0.0041101083626556125,-0.17004745250860426,-0.7300433041514469
0.3180788288063781,0.00564568598714216,-0.1871947307430017,-0.9379897753708766
0.32242603588271257,0.00327853348173383,-0.17788731751306988,-0.7872449302531018
0.3263895220402257,0.006376163981838268,-0.19796322964215834,-0.801292867767259
0.32957107297436117,0.008210111443941357,-0.16547505523343084,-0.6960463282684255
0.3345261282182925,0.0019491380411393116,-0.168218435987953,-0.6875922146075303
0.33929364054802097,0.007740126972513008,-0.16944721051510467,-0.842363233517354
0.344293544557326,0.0036659284314849816,-0.1371275389359413,-0.77961648267867
0.34810887227891,0.0029430521124985624,-0.1803642765139533,-0.7889201004453095
0.35624592091645735,0.0052232201261629245,-0.1293498334077964,-0.7086456670188824
0.3599609793020469,0.0050328258006852745,-0.2066146903742319,-0.793070713250425
0.36342424975763954,0.0060326085063516135,-0.14043442719005098,-0.7721285677562253
0.36999175500670467,0.004480676035625258,-0.13575086091730557,-0.7450839210358683
0.3759077541016655,0.005062232890608851,-0.130316496819588,-0.7350054611725613
0.38098530524958063,0.005986139795106661,-0.11451236629984311,-0.7475955268919214
0.3885277746023194,0.004433716267338897,-0.1616365953220121,-0.7967158787439668
0.3940666748903727,0.0031091818610646457,-0.13569854586835753,-0.7690693988191372
0.3961133121700727,0.006036665866210193,-0.17165773219445915,-0.836772222689739
0.40250649483094475,0.0043697290115520615,-0.16112115629664311,-0.787902724025496
0.4178905707406693,0.001608946769435256,-0.15408938271270112,-0.7914275261551115
0.4221675568572656,0.002958641657716358,-0.14940793542888572,-0.8194768082061844
0.42916218559239866,-0.0009286602400948621,-0.10670159347259082,-0.7156629625578205
0.43001984344238975,0.0015091998217571221,-0.12999598688203703,-0.7313894046078684
0.4398167631941397,0.004439660173093272,-0.1386698716945306,-0.7023843455626219
0.44449067663224356,0.0035000789593242995,-0.15692683596122264,-0.701241910845255
0.4467052318873501,0.004382680928539517,-0.173283344632664,-0.7882367257400792
0.4552968623629664,0.0032793056652271934,-0.14361877877158535,-0.7275076225799826
0.4572367258367919,0.008153651884408208,-0.21618157156232032,-0.753432255029778
0.4601808777726411,-0.00040685004993930394,-0.13616841281919714,-0.7234077296866286
0.46959583355913476,0.003884621789353792,-0.13674866401994204,-0.8033515280068739
0.47871723612064815,0.002816261232765757,-0.18847601185452617,-0.6979229974901252
0.49123843460271777,0.0028283567716937182,-0.13637855866073345,-0.632443731249007
0.497340433318603,0.0018001720381188324,-0.150051213573472,-0.7907491710763584
0.5020775651285531,0.002934973804565017,-0.14339182929767327,-0.6917140699224552
0.5051046915996774,0.0012094608120570038,-0.17041229104804312,-0.659940187789979
0.5092590129469494,0.0042881506960021475,-0.16387216289629544,-0.7335809335184238
0.5142080148493622,0.0047871800407360615,-0.21217899466509907,-0.6761280831074724
0.5161326255619961,0.0023283461676816813,-0.1302848260153422,-0.7239947450256338
0.53074769067234,0.0040310394378986715,-0.18921311651385014,-0.7502524682945257
0.5315212736049806,0.0018490091085477034,-0.1417322816572873,-0.8644354231096502
0.5399755795460687,0.0016072605299289836,-0.16059344079326626,-0.7019287457883546
0.546548118522347,0.002692115257156688,-0.15625665392234436,-0.7497670034348326
0.556035082298135,0.003815152182176052,-0.13883177776500433,-0.6693616033961999
0.5597928156575868,0.00248726161382686,-0.16755778522312792,-0.7300253903169037
0.5650909625658141,0.0009855446794946106,-0.13305284433039627,-0.7577607559081966
0.5679088093412168,0.0020355209039840177,-0.1427868989348333,-0.7942879777479067
0.5725447732971441,0.0015104898314173192,-0.13624195528905333,-0.7669102332527657
0.576841428270261,0.004652257093035458,-0.23789056234603279,-0.7522030664646109
0.5913789071250224,0.0028468315695578264,-0.15029327756920272,-0.6468229498096895
0.6001069153650841,0.0010049634282125873,-0.18476399018019898,-0.5830411695576043
0.6063288892880637,-0.0005523977152840276,-0.15665027096639234,-0.6336352901913447
0.6133690121836363,-0.0005816750407838686,-0.11850587271476795,-0.594043573467698
0.6209088435424512,0.004622297217073064,-0.21129545244536965,-0.6325737795019962
0.6240393993790759,0.001173057006006643,-0.11642212381925993,-0.6721286712434548
0.6339353656183205,0.0018669893463536607,-0.16991675755287616,-0.6170494021606756
0.6383250276602442,-0.0008142501634154214,-0.13714308807612757,-0.703434327844113
0.6434744079772712,0.00737878584744631,-0.19936567888560341,-0.7356280290274486
0.6506633886655004,-0.0001989218584468298,-0.1628128086383251,-0.6350160102855744
0.6596355814730491,0.001791456163370402,-0.11153611893677422,-0.6779935349130114
0.6701964038796023,6.781721449058216e-05,-0.15934051839125724,-0.5562774742608501
0.6791318426634674,0.0019553976287708876,-0.13141538685865864,-0.6422452701628463
0.6905043145417504,0.0011409647692023526,-0.15270637647409632,-0.6117328548385934
0.7039180411882887,0.0025456786995176127,-0.1349099234075076,-0.5674570462570757
0.7096087316007703,-0.0011194929714418017,-0.10228631378529483,-0.5661146364204805
0.714700777557266,0.0004687505234220226,-0.15805360013753783,-0.6452984973539636
0.7249596025242867,-0.003044712852737999,-0.1070425277252679,-0.6305742553738999
0.7327198373857075,-0.0017396164726333546,-0.11481111294596304,-0.5435121433784579
0.7439128113963491,-0.0023127643884653143,-0.14364074561847634,-0.49215199424126954
0.7484356303045712,-8.044884688992878e-05,-0.1262245163018174,-0.550774074101493
0.7627619932176639,-0.004653231199316867,-0.11956983334695163,-0.4499207340307264
0.7730330411033757,-0.0027417499846172826,-0.14181918452491116,-0.4569522792320684
0.7772762065933803,-0.0006191134296345536,-0.12646750509115443,-0.5601218035093527
0.7845443286946212,-0.004473361458650013,-0.11734409037996613,-0.4141895079454356
0.7867732946420956,-0.001995243202293002,-0.1288194667773294,-0.5681237243390505
0.8022170109509063,-0.0022250832563830763,-0.10383696792789104,-0.5426501055362645
0.8099468526380811,0.0015597160485356807,-0.1163870346900066,-0.5538421119756574
0.8169414504306054,-0.0003625256619745569,-0.13036924850407097,-0.5098547499230951
0.8270342279776729,-0.0021866538292536508,-0.12977995744406118,-0.4633452407864747
0.8416405944263933,-0.00363669960543118,-0.12796700521170098,-0.538312651867122
0.8443717585910452,-0.002908479391597594,-0.11926322668217637,-0.4760108524011829
0.8500358635528557,-0.0010954931502056221,-0.11249795392540929,-0.47318870923083606
0.8645688242471812,-0.005990568060365148,-0.1423724823233283,-0.5130461833763854
0.8744321946364948,0.004588873047647197,-0.09308072487725963,-0.5961103773223124
0.8779394641928265,-0.00474754897397769,-0.11526366258479921,-0.41087004669112104
0.8820689142655419,-0.0005481542562700575,-0.09910487511542766,-0.5349558119580029
0.8956293601118527,-0.0019078055651528636,-0.09609175298661765,-0.5084310634485629
0.902579529791151,-0.0015893715794930556,-0.13680215404248455,-0.5352214297916125
0.9107507936433923,-0.0012896734078583533,-0.07008515290166357,-0.5928998558669396
0.9269256082576487,4.981298426027612e-05,-0.1308185924087987,-0.526169211998854
0.9277554544989843,-0.0009784432660873512,-0.12098924720529977,-0.5832543661702564
0.9378677557889842,-0.0018339100397334834,-0.10950586188351748,-0.6468282056031835
0.9503860786820839,-0.0030679375738719406,-0.0876839872469808,-0.5531249770428621
0.9571347248336693,-0.004521343283301871,-0.09710555299425146,-0.5336374992693179
0.9590334389292919,-0.003370138726444866,-0.11334893416708289,-0.5386604524618211
0.9721285640641008,-0.0028748331857589658,-0.09881716434157715,-0.4680153633835078
0.9736754422818834,-0.00553617032277758,-0.08949180640588471,-0.4075801799222091
0.9894059900147083,-0.009414222964873912,-0.13577987789514523,-0.4885562066377728
0.99038315359597,-0.0024953753134984847,-0.07890045258511678,-0.4567839433333429
0.9989025130493697,-0.004594531286796269,-0.12013249382603773,-0.5741949957854019
